task_id,category,template_family,scene_sha256,reference_calls,error_returns,reference_passed
train-0001-read_locate,read_locate,train-router-window-budget,87d31fd581607529ebbfdb0d8ffba6452114a5f207508646a9aaa4cf7df0fdf9,3,0,True
train-0002-config_change,config_change,train-profile-cache-json,b3713f12e4fe9b07bccf3a1c57f7eafe39b3468eb3b7a631e58f4f7069c2ceb7,3,0,True
train-0003-function_fix,function_fix,train-half-open-booking,acd38e9ac694920326a6a9d3a438ffcfbb00003da7f0c7eb464ebb91b760d6e5,4,0,True
train-0004-multi_file,multi_file,train-metrics-contract-migration,8e70e9c8bc69f8f6f68ddf5081bc66ebb276a3df076a8b6b99ca031c9fb6ddab,7,0,True
train-0005-failure_recovery,failure_recovery,train-slug-whitespace-regression,66641fdb6ac2244079e7d47123fa3294303f14ace4b295a553fa83cbae2b49da,4,1,True
train-0006-missing_information,missing_information,train-unset-upload-timeout,633f0bab6a0dc6c99f94967c845771ff3f9640192dd31be8f1177a4535b5fc30,1,0,True
train-0007-no_tool,no_tool,train-explain-request-rate,f55e5c661cbbd7589c32120a7f1c580eb7309bc937e5df6167db1b027df3134d,0,0,True
train-0008-invalid_path_recovery,invalid_path_recovery,train-stale-inventory-path,07245d10f97c1d7f04ab2d1250e032cb42f43d731eaf49a86b9fa315cb5e3742,4,1,True
train-0009-read_locate,read_locate,train-selected-storage-registry,505b2f6efd624ed21628fee2f551cdc778d1f265d03594dc5611a6524df5bc99,3,0,True
train-0010-config_change,config_change,train-layered-environment-override,00a5e0fa1b475c869f0d1b6c5b69ba3220aa5acb82d0905c2aa90e56bf68d9c0,4,0,True
train-0011-function_fix,function_fix,train-last-occurrence-order,84760cac3ca466bec7750e767c8fdb61add48c7aadfd84e3f33fb011424de25a,4,0,True
train-0012-multi_file,multi_file,train-duration-unit-migration,aa5a9482868e5d6a7f0238fb0f977f4a22850a426b2ed6145278458ad1e73a78,7,0,True
train-0013-failure_recovery,failure_recovery,train-moved-module-import,f5572296d0ae7e77d0cc9c74bdf11c416cad8f6bb9047acfc8e068907d6b8df9,5,1,True
train-0014-missing_information,missing_information,train-unspecified-schedule-zone,53532fd524b55c066e59dc2f8861e7e64f50d664d1a458e6329888bd6c5ee00e,1,0,True
train-0015-no_tool,no_tool,train-given-rate-budget-calculation,6de97169588ee2ee4775025707449396f2bc45d5187ae299a89a38178344093f,0,0,True
train-0016-invalid_path_recovery,invalid_path_recovery,train-current-stock-active-join,3508876513e74ba702efdeeffba42e4513237106b059654283811057e442beb2,5,1,True
train-0017-read_locate,read_locate,train-router-window-budget,d4ee9b86a149878bd59d38feca302522a619a261aae046d56a03fa5a7027c6ef,3,0,True
train-0018-config_change,config_change,train-profile-cache-json,2c84f3acd121a1c6d91505fa15f44716640d910d2e1f538f93afb9220bf672c7,3,0,True
train-0019-function_fix,function_fix,train-half-open-booking,98dfac4e5a57c70cb35ec03a963a4397f359c1675b2b6adda2a73e7b4e6161f8,4,0,True
train-0020-multi_file,multi_file,train-metrics-contract-migration,3a820e776ba73e557dc6926616d6a9a1fd8a347a5d5e5aee2e9578bca5deed23,7,0,True
train-0021-failure_recovery,failure_recovery,train-slug-whitespace-regression,d16cdbc9a04f099610eaff3d60e92e31317d1583e2b5651a1dfb2e13137504f3,4,1,True
train-0022-missing_information,missing_information,train-unset-upload-timeout,7d8586da3699b48c617d3c6716e4c51078c479d5085ce45fcff38cca45f02710,1,0,True
train-0023-no_tool,no_tool,train-explain-request-rate,affdef9a282a5d161eca648c5fc8846f83e4c9a4fac4a79c3a3063e19955542d,0,0,True
train-0024-invalid_path_recovery,invalid_path_recovery,train-stale-inventory-path,3c5df74f79408b98be938b38547265619c63a9d0660a956c7c22838bb2e1f426,4,1,True
train-0025-read_locate,read_locate,train-selected-storage-registry,c41915858681dd185853ef38e4d2cada4d98d06deb56a55b3be9b4b3dbc48040,3,0,True
train-0026-config_change,config_change,train-layered-environment-override,30cc26d5e71498b110ae8808cfc885f49f0478823af465a4aabc352a1de0677c,4,0,True
train-0027-function_fix,function_fix,train-last-occurrence-order,46290e040ea0f8356ed21dcf0dd33311eeb9ed2f631e3d674225707d6950318e,4,0,True
train-0028-multi_file,multi_file,train-duration-unit-migration,5e458001d7cce77ccca2f1024e07cdf629dcac064bbced5dd261adbd01b6c046,7,0,True
train-0029-failure_recovery,failure_recovery,train-moved-module-import,1d9ca400b73e43afc7412d89a24faaad740f54110507eca35e0eb3ddb3abaea8,5,1,True
train-0030-missing_information,missing_information,train-unspecified-schedule-zone,b21938143a56ce22f96aaa358d0c3afd902fc23946fc8f99cd733376952b71fb,1,0,True
train-0031-no_tool,no_tool,train-given-rate-budget-calculation,d7492027a7fe3643d8dd339873cbe611079fe4c8b49c5204dcc59c6cb507ddac,0,0,True
train-0032-invalid_path_recovery,invalid_path_recovery,train-current-stock-active-join,e65c25252cc9034a5e609f15f8372661fe71a851c8e10c47fcb433024df0f3a2,5,1,True
train-0033-read_locate,read_locate,train-router-window-budget,fc4f19d5ad54dc682d1fbe9d5420d56031fbe100b1ae25aa816361bbd491d950,3,0,True
train-0034-config_change,config_change,train-profile-cache-json,653e24bc094ca41c995005e98f7a8398082c89aeaf9cfc3179d3c1a820d28b68,3,0,True
train-0035-function_fix,function_fix,train-half-open-booking,c5d1cc50f51aa147879b5f8a11ff0b4c0ec99254a9d0699121766e8d6621dcbd,4,0,True
train-0036-multi_file,multi_file,train-metrics-contract-migration,3919f8c68d2a38c4c2f2b70d2f25e2da9c4f713d479afd5b257d0f2e24505d0c,7,0,True
train-0037-failure_recovery,failure_recovery,train-slug-whitespace-regression,9fe406ff31d7fedb76284c4555193de9b95a0f4b6b21f6ae38deacd74181a737,4,1,True
train-0038-missing_information,missing_information,train-unset-upload-timeout,7bd96ffac97de95a4dc0879624911851da19c4cb97743da5ba1e78218711da24,1,0,True
train-0039-no_tool,no_tool,train-explain-request-rate,bf3bc908e8b72f5e288608bc0c1b132dc96e0baa582e9b9d49f957f2571cc7ef,0,0,True
train-0040-invalid_path_recovery,invalid_path_recovery,train-stale-inventory-path,d0a5e9922a924346190f977e5c5b3c2e29f2d3f90184b152e5c89a023b427f1e,4,1,True
train-0041-read_locate,read_locate,train-selected-storage-registry,19ec941c26d927b10e8c1702fc07b66ba7631ed0985d3ac017eb8f52a22c5a91,3,0,True
train-0042-config_change,config_change,train-layered-environment-override,735eaf399cf15c4d83afa265c017ff1638f0c9f143a99d9b9d4a6e9763e09f89,4,0,True
train-0043-function_fix,function_fix,train-last-occurrence-order,581f8818d27f53522d7ec87781a9297888121f33e181afed1ba356d78397db71,4,0,True
train-0044-multi_file,multi_file,train-duration-unit-migration,54bebe2c76fd52f34e10a395ea0e38850009b1910490fc2ff6bfcaec0362f11d,7,0,True
train-0045-failure_recovery,failure_recovery,train-moved-module-import,59c5848163c00502ce92f07602f85896634af14c5c3c9cd2f80bc373faee8333,5,1,True
train-0046-missing_information,missing_information,train-unspecified-schedule-zone,a119367be686b15ffb5519d080cc87194f742a4efdd170c4397bf0741abe6ddd,1,0,True
train-0047-no_tool,no_tool,train-given-rate-budget-calculation,4e1d43516417c2749c72f3331d90a95ade0ddaff66ec53ed5ce555ce0716a123,0,0,True
train-0048-invalid_path_recovery,invalid_path_recovery,train-current-stock-active-join,001ae64b2f1074108ce29b7fb8cb1b8a451daa90920f8869aa0298b3933ce0c8,5,1,True
train-0049-read_locate,read_locate,train-router-window-budget,be8fedc710ad9fe949859b97817907501cbbc030982e74f2702b1fb88d4ed8b0,3,0,True
train-0050-config_change,config_change,train-profile-cache-json,e6605ecd304e55a7eb4d4912f4ce841febc2263e37ab7364835cf2e5016fcf5c,3,0,True
train-0051-function_fix,function_fix,train-half-open-booking,bc27907cd1dd2b7f6d2e0f98d33472d7fb6be99f2f77330f7736351c4d1e79bb,4,0,True
train-0052-multi_file,multi_file,train-metrics-contract-migration,89a99f976c1b21d4d69c42fdf7e3033b62daa75b13dc911b996faecf0b161916,7,0,True
train-0053-failure_recovery,failure_recovery,train-slug-whitespace-regression,8973edbd2839b22e7c20c457f82dd46b645795c9b91c9f48a27807a090ec7c59,4,1,True
train-0054-missing_information,missing_information,train-unset-upload-timeout,06ca25c162a3bd26bc23eb79f582ffbdb38c01468a67bffee881d4ada03ea75b,1,0,True
train-0055-no_tool,no_tool,train-explain-request-rate,97ebe885b2e4377fa2edb200340545b9b03feab679e5d56acb7df00ae60573ef,0,0,True
train-0056-invalid_path_recovery,invalid_path_recovery,train-stale-inventory-path,ed361005162e8b93e4f6964ca6d692e4be09bd09415a6f6057e2a2a10d83401e,4,1,True
train-0057-read_locate,read_locate,train-selected-storage-registry,941d29f8b018eae388bbac41012d4b0278761945de7d1e78b6337fd1df28b3f4,3,0,True
train-0058-config_change,config_change,train-layered-environment-override,d18daf3f1e84a5bb538d16be598b6a7d5b4836cab822efd61e9271ce1b655d37,4,0,True
train-0059-function_fix,function_fix,train-last-occurrence-order,d0cd4572d33ada7a5a64a3bd37cb4ac6a605a9321e579109d9fac4c2474fa15f,4,0,True
train-0060-multi_file,multi_file,train-duration-unit-migration,ea55b264b686982e1f097ce7b693e47792c45c00ad101337258fad73213c8412,7,0,True
train-0061-failure_recovery,failure_recovery,train-moved-module-import,c502b3b189619a47332568f8888248ad53faa60cd2e538941b9bf512a6fa593e,5,1,True
train-0062-missing_information,missing_information,train-unspecified-schedule-zone,23de960f53df0b3114187c04f697ef19df23639cbf7478375ac2aa6c16caf7eb,1,0,True
train-0063-no_tool,no_tool,train-given-rate-budget-calculation,286a783993f655ae89885eb8cae03273317330b4a3131b0f1d88fa961f615bf2,0,0,True
train-0064-invalid_path_recovery,invalid_path_recovery,train-current-stock-active-join,fb9f1670c23229346239bee550e307f8f52676f036ba2b4d421bd0c1a39686bb,5,1,True
train-0065-read_locate,read_locate,train-router-window-budget,98f7881a31c6a65ce4dd254a0f331b85fa5fbf0aec3ec91a1c77160852606d76,3,0,True
train-0066-config_change,config_change,train-profile-cache-json,a57d16938f05e8f97827435cbd8f505644cd4a4d913e8c49fb5b38b6f9974854,3,0,True
train-0067-function_fix,function_fix,train-half-open-booking,dc71b1b6276aa6656b89a68065ebf35082f1ee9e0eb21e09d90af7c1d13a5303,4,0,True
train-0068-multi_file,multi_file,train-metrics-contract-migration,e32343ac28446ff3653cf355504e55a9b22e8c37d31a472e6c20986b46ba743e,7,0,True
train-0069-failure_recovery,failure_recovery,train-slug-whitespace-regression,3d14b4f71c9885f047b2230aa20a71676636c2da6229541bce52063cb773f4a6,4,1,True
train-0070-missing_information,missing_information,train-unset-upload-timeout,7cc842c21639ed6fdae331efd071a30230862a7d434b8e839fc3fa2afc710428,1,0,True
train-0071-no_tool,no_tool,train-explain-request-rate,2cd3001cb4d0e1272d8abe3bb8420cbb2445e055040066750c90f8b29d8e8372,0,0,True
train-0072-invalid_path_recovery,invalid_path_recovery,train-stale-inventory-path,a532cda889e7bfcdb7e6cb1cd2003ccc78f38cf199c28fd891d90f57183b1aa9,4,1,True
train-0073-read_locate,read_locate,train-selected-storage-registry,6249f98fb5bccb9f10894797fc2e0417d6bebe16d9efc90c0de73b6d9e75deb3,3,0,True
train-0074-config_change,config_change,train-layered-environment-override,f3a53e5291f30ba9f7c37271fac9e2242fb4e79b25199626cc3170cf38255e75,4,0,True
train-0075-function_fix,function_fix,train-last-occurrence-order,cfdd82ac259688b3fef0c4e7d722241a738f37205068948b82d1a5433934d7bb,4,0,True
train-0076-multi_file,multi_file,train-duration-unit-migration,085c405de9d62bdaf4f564b6b137a7eb7711710d7e802a304b1e7acb901ad35f,7,0,True
train-0077-failure_recovery,failure_recovery,train-moved-module-import,82733ef7f451e1db645cdfb39085d0638463ac4b13e06a00cf25481616b7cfee,5,1,True
train-0078-missing_information,missing_information,train-unspecified-schedule-zone,4ef7b571bf17a67c6a5e25ed39afd1a263eb4159b66630b0ef5d71acc841884b,1,0,True
train-0079-no_tool,no_tool,train-given-rate-budget-calculation,fa361948d19cae032b494926479401ea93e7164d3875695ed55f989aaa94a5c8,0,0,True
train-0080-invalid_path_recovery,invalid_path_recovery,train-current-stock-active-join,3454d762f2b2d7305311790eb1333d3373a0813072fe167e12b1d48cc6b95cea,5,1,True
train-0081-read_locate,read_locate,train-router-window-budget,df3971005f124edd31eacfed45d50ae4481f2bd4a88bc911b3f4d6b4dc0de44b,3,0,True
train-0082-config_change,config_change,train-profile-cache-json,2e915f9147ae9280b59fec850b65b3770423393217db1ed7d314ac22b8dbcd72,3,0,True
train-0083-function_fix,function_fix,train-half-open-booking,6d31bce1378247ca36970049939597cac6a6bd8676ea37f82356b84b09b12fa8,4,0,True
train-0084-multi_file,multi_file,train-metrics-contract-migration,aa070130f76a1179ab55d799b905b2a641bba96bfcd8b1d9ac73c354e46e1771,7,0,True
train-0085-failure_recovery,failure_recovery,train-slug-whitespace-regression,a2a6f95adeeca6f210e09cafc31420ccdd788c2a209cfaf0009fcf256ececf0b,4,1,True
train-0086-missing_information,missing_information,train-unset-upload-timeout,50fcd2e814212d0fff5f7184eeea8e53310111b3d858fa91f0994f487102ab2e,1,0,True
train-0087-no_tool,no_tool,train-explain-request-rate,643d780af1f30e3841c8c5fb5a9aa1c338a06503dc621efebcdeca0083734ac5,0,0,True
train-0088-invalid_path_recovery,invalid_path_recovery,train-stale-inventory-path,505405d59a22f714e108e69782f6406ef270eb60356a2fdd2e762ae716f32282,4,1,True
train-0089-read_locate,read_locate,train-selected-storage-registry,76ca29d406ff681e77fad59644eecb07776f88f60c4dd61944e139fec505a222,3,0,True
train-0090-config_change,config_change,train-layered-environment-override,c1c700b094480f85166ed2c4107d87308ca58ba58905c791b0ae455e52815974,4,0,True
train-0091-function_fix,function_fix,train-last-occurrence-order,8d093c90cfc7aa90ba5ee3962ff0c16f6b6e07ec6ccd56c076806e4326bc4836,4,0,True
train-0092-multi_file,multi_file,train-duration-unit-migration,7ce3cbddc10a0da6c2ac27ae95bc6ab35c9a1137c46a6296baddcf4a0c0f8b4b,7,0,True
train-0093-failure_recovery,failure_recovery,train-moved-module-import,979cc3cf90d4a675820159e1f28d1ee6f6fd18dedebea438f09a4ca896cefc5b,5,1,True
train-0094-missing_information,missing_information,train-unspecified-schedule-zone,8cf8543e5acd5427cf036a7d54a86b59d0128abe8e50b83460d325850f44fadf,1,0,True
train-0095-no_tool,no_tool,train-given-rate-budget-calculation,5fa629c7fd4b965e7b3ccd2b5b586b4199c15286a09affcf8511614d4184dda2,0,0,True
train-0096-invalid_path_recovery,invalid_path_recovery,train-current-stock-active-join,4e9f5f6b9adcb98a16ef01060081056a116ec4fd799db2b65907dbfe8809a081,5,1,True
train-0097-read_locate,read_locate,train-router-window-budget,b70fdd74a172627fbb6ca5ec1613dbcdbd4e80a2abc6e0f73cd28ec3b8aed5b5,3,0,True
train-0098-config_change,config_change,train-profile-cache-json,3b219c486819a913611ca8f184d34784e4ec30fa95d0ff098ed644a9268f149d,3,0,True
train-0099-function_fix,function_fix,train-half-open-booking,25c4ea3c038f335aab5d9ee45ca42ed281c58a03baef329d67b611e36aee9fcd,4,0,True
train-0100-multi_file,multi_file,train-metrics-contract-migration,2c29bbac80e30304922566d303df0498d1588617298aa55421266546e8cfcec0,7,0,True
train-0101-failure_recovery,failure_recovery,train-slug-whitespace-regression,5261fd9bf93e04fdfddd203b2f13e3310a3ff2339f8bef764635cdcf2ae1d5b5,4,1,True
train-0102-missing_information,missing_information,train-unset-upload-timeout,2bc0afeae3abeedd0c4231bc1dfbf416640739a6ce1792ccd78129b4620bd365,1,0,True
train-0103-no_tool,no_tool,train-explain-request-rate,fd2261a6147143d71fe88719b0c3f27b02cd89ee4b14f6e434d217d73086c379,0,0,True
train-0104-invalid_path_recovery,invalid_path_recovery,train-stale-inventory-path,3693cfd33f2154911962b5ef21029294dd9d1c60240da40119f37f0dc6c95493,4,1,True
train-0105-read_locate,read_locate,train-selected-storage-registry,413b4e470d84f91afa84f189f41b82c75e544fd25fec19ffe45280f20c2a4682,3,0,True
train-0106-config_change,config_change,train-layered-environment-override,8c2fc602552aed5c3829fcbd6e813913f0908e810d43686b8c589bd356da1702,4,0,True
train-0107-function_fix,function_fix,train-last-occurrence-order,734972fd01964ae9dcd69c5bdf6e3398778c7e4249e3784fec5f066bc95166df,4,0,True
train-0108-multi_file,multi_file,train-duration-unit-migration,d556efdfc7184c6fcc547639313cf427ff95a7e61aa5a26d03ac9e59cd08a8e3,7,0,True
train-0109-failure_recovery,failure_recovery,train-moved-module-import,3093a1e2af9b5498862bb0a0d937806654ee6ebe5e5cdca990d01ab0fdf1bc03,5,1,True
train-0110-missing_information,missing_information,train-unspecified-schedule-zone,e8ff1e1f8fdf788234f1a35ae6faa153e6ae438e4fb9e4f65e50898b679c937d,1,0,True
train-0111-no_tool,no_tool,train-given-rate-budget-calculation,d13a74c8dfe21d0c9723613a922fc78126859622acb9c2797c3f9e6976f4553b,0,0,True
train-0112-invalid_path_recovery,invalid_path_recovery,train-current-stock-active-join,1820c12e6f1ff03a1837b055ab232bdb7a0b11a1649f72d81bcba06809c404f8,5,1,True
train-0113-read_locate,read_locate,train-router-window-budget,5f8fbb007755aa25f5bc46f2df1cbe518e5ddec6f59db52bc1564649a7cec790,3,0,True
train-0114-config_change,config_change,train-profile-cache-json,a6eb73dab9799faffb5e1853697b4b8551f133bf002ba83aba6b4f4fff2e732e,3,0,True
train-0115-function_fix,function_fix,train-half-open-booking,da9c3d16dde1982855860c1d130110bdd2dcd37f79def4e4dc19a0c6a502932d,4,0,True
train-0116-multi_file,multi_file,train-metrics-contract-migration,2dbabf4432a85db5004278d30b8d6923937827abedddb2ec4d561c46d85c1476,7,0,True
train-0117-failure_recovery,failure_recovery,train-slug-whitespace-regression,271c2fdca85082e1e7555172c7799bc2ce90446ccc629ab9eb95a02e12ba4cf3,4,1,True
train-0118-missing_information,missing_information,train-unset-upload-timeout,d63091972e3507ffe1dbeb21b984e39c401cf51d249eeaa9af91c91a7f2fd600,1,0,True
train-0119-no_tool,no_tool,train-explain-request-rate,900181dac475809119d9812d4438895b309203b467ff28c5d9e0e3c47a7cfc15,0,0,True
train-0120-invalid_path_recovery,invalid_path_recovery,train-stale-inventory-path,7ea8ca15dc79438fa5d847e4a254fb00010993f1b56105a0864bc475c8e1a781,4,1,True
train-0121-read_locate,read_locate,train-selected-storage-registry,72bae7d431c71098e38e299280780126f42bcb8f4d633cf9b39013923c258c83,3,0,True
train-0122-config_change,config_change,train-layered-environment-override,4151feb545c201b5a2e30621fbfb6181ee04ea978da5c551f4d2f809f8e08b88,4,0,True
train-0123-function_fix,function_fix,train-last-occurrence-order,28c80ebd1b1709a141006776ad05e66e98f66a9c2cbaa3bac52ff53c5adf1842,4,0,True
train-0124-multi_file,multi_file,train-duration-unit-migration,fed6e1baec5fe8648d378f3b05f55eb1bebac3507c0280f8b476dbe85ed73c2c,7,0,True
train-0125-failure_recovery,failure_recovery,train-moved-module-import,de1a2f0d18453eadfcad7448ef4a0c45221836029530972ebcb2a31125dfba71,5,1,True
train-0126-missing_information,missing_information,train-unspecified-schedule-zone,b627c4e7025f6dcf948f5be74ff5cabe8334a95ef6e9d57d5a24ac8d697b938a,1,0,True
train-0127-no_tool,no_tool,train-given-rate-budget-calculation,f40428a85c93485fdc9299777912d8b7585ca5270aeea38c9b13d009292edbe2,0,0,True
train-0128-invalid_path_recovery,invalid_path_recovery,train-current-stock-active-join,67851a6d99bf2836423403f863f7c1c9b7a758518fb2df713857ec2f59c66df3,5,1,True
train-0129-read_locate,read_locate,train-router-window-budget,28e9f4f00017a3f253e4f6d91dfc25332c2c7641bc5c009ad53355b2a6972818,3,0,True
train-0130-config_change,config_change,train-profile-cache-json,8120992eb3d5b6398bb5e00659386517e20c45a2100749ea2d130aad40354a91,3,0,True
train-0131-function_fix,function_fix,train-half-open-booking,41a81beb38b6b1a3ae59371b9f58b0351940b9f53a9cfebc98640419ffdf9ec9,4,0,True
train-0132-multi_file,multi_file,train-metrics-contract-migration,cde98deb23ee7c0c3b21e6411e61d41394ccc41d54cbcb199d7f93e1cf199209,7,0,True
train-0133-failure_recovery,failure_recovery,train-slug-whitespace-regression,638fc0c33ca9d47817c9a1abe91c36cb928c4fcce4c56d67dc23c18a71158cdd,4,1,True
train-0134-missing_information,missing_information,train-unset-upload-timeout,57ffae32997cf8f73c2f82849522057f7693f3d8a6b67fedc6b99fa1f6789086,1,0,True
train-0135-no_tool,no_tool,train-explain-request-rate,3f1a64cd3a6e3343fd25a08b50b71e3de546c45333f69c9171398691fa2a1467,0,0,True
train-0136-invalid_path_recovery,invalid_path_recovery,train-stale-inventory-path,cbef78dca6968dba30c1948392406588fe67f0ce4c311960f70a7ffa6bee344d,4,1,True
train-0137-read_locate,read_locate,train-selected-storage-registry,56122b5e6405187c7fb413cd8b1e021171d744eea17d3f6112ab9fb34e0b8217,3,0,True
train-0138-config_change,config_change,train-layered-environment-override,a19be24037b77dc7b1b64690906c71ad0c416e604d62e6e7c1412c69d0a35f9c,4,0,True
train-0139-function_fix,function_fix,train-last-occurrence-order,f2bcd8d4c65e8d4918a37f3a10ce77a3a6d6e29418307fb42c4a76f55dd2989b,4,0,True
train-0140-multi_file,multi_file,train-duration-unit-migration,19a52e8ad7d2dc146c5ab9723b6f1bf4856a4e91490e7e04d5d616573bb10d06,7,0,True
train-0141-failure_recovery,failure_recovery,train-moved-module-import,c311c796cd9311e2c98d0cfba1a26700947f974c9d90918e46e1666f2099adfd,5,1,True
train-0142-missing_information,missing_information,train-unspecified-schedule-zone,bb5f485d9eed4ff1a04260769166da50975ddcde7f1cfbded68248ef90b10390,1,0,True
train-0143-no_tool,no_tool,train-given-rate-budget-calculation,b198c15ff5aafe37bc75f94d9206f400362daa32fe127ca4c9c36a6e0deef92b,0,0,True
train-0144-invalid_path_recovery,invalid_path_recovery,train-current-stock-active-join,003414d402b35c662677057550bc4276c92b759cc3343b319f69bebfa2189a1b,5,1,True
train-0145-read_locate,read_locate,train-router-window-budget,0b366b0bd930097639c71ebb63b6cf043c9ac6f0a24aa6748b79941a500eb88b,3,0,True
train-0146-config_change,config_change,train-profile-cache-json,05e50fa466234a80c3043c03edc6fc41da7c938d507d8aaca0b882f3416d212c,3,0,True
train-0147-function_fix,function_fix,train-half-open-booking,b6c7db23954d6005b95407a5fc003ba848dfee9e07938343b07722e1ab8df5fd,4,0,True
train-0148-multi_file,multi_file,train-metrics-contract-migration,5bf4b3cd01f5b31b7d8c011edfea0d641d962abb49ff3cea9b065a6e956f4acb,7,0,True
train-0149-failure_recovery,failure_recovery,train-slug-whitespace-regression,0904e23d863ad8316f01865616d45aa33b4ecf81a72f95b947d25b9260585bbc,4,1,True
train-0150-missing_information,missing_information,train-unset-upload-timeout,0739f8eb5c3a062116085ef9d3a2a307092186e9f6e787c29fc047f6023dacc5,1,0,True
train-0151-no_tool,no_tool,train-explain-request-rate,92dbd32bcb70b1f14b74191e9872dcf11fa90976baa9f136946b22f1b55f21b9,0,0,True
train-0152-invalid_path_recovery,invalid_path_recovery,train-stale-inventory-path,db193ba5fd75040503a022ec085884c03d560ff6b8407698b46a486e3adc6fc2,4,1,True
train-0153-read_locate,read_locate,train-selected-storage-registry,d2ca685aa68195f26fe55a0dcce4f3300fbb7a3edb52f7214e744175b7817a5c,3,0,True
train-0154-config_change,config_change,train-layered-environment-override,399643dc894087df336eb78e88ec8186c25e222f2875c86b3f821c7dcb15fe11,4,0,True
train-0155-function_fix,function_fix,train-last-occurrence-order,475f2363a1f0ee76b6f9637043ad429971b8c31adc9a0330f83b9374b0c4a2ae,4,0,True
train-0156-multi_file,multi_file,train-duration-unit-migration,af02c3d1e911a1039b05eb5374cff6b2c223902ea91a4ee2eac4dfb7271410d8,7,0,True
train-0157-failure_recovery,failure_recovery,train-moved-module-import,d586eabc12bf3c4240218ceb5ee04a98294cb3a1bc2467e6b47203b121d3b184,5,1,True
train-0158-missing_information,missing_information,train-unspecified-schedule-zone,25ed04efa7f852732515bdde5dc69166f1b1b8a616fd7a6eb9fdd7b79afa1f60,1,0,True
train-0159-no_tool,no_tool,train-given-rate-budget-calculation,fcc7606404821b2bd93d44d52f4d151dbc69b529c7aa33a425e38e556d2a918e,0,0,True
train-0160-invalid_path_recovery,invalid_path_recovery,train-current-stock-active-join,9d75e4b554a771add859daf84d347e6d74e8b127d1d29951b1b43460f091df4c,5,1,True
train-0161-read_locate,read_locate,train-router-window-budget,7433d2b285ac11e49d8ce6041388b1787ac0a2719a65871320366177aee97aad,3,0,True
train-0162-config_change,config_change,train-profile-cache-json,760a95782c399614629a957d7d2c215e74c163e38bba794a4f41d66d02d9096b,3,0,True
train-0163-function_fix,function_fix,train-half-open-booking,ea62ff913cd0d23331196caedced52ab27226343ec3a319af1bcc09448c9570e,4,0,True
train-0164-multi_file,multi_file,train-metrics-contract-migration,7ba320f09fb3abee1e32c784ade0274e1093e9737b2c0a6e5ab4bc210c2f80de,7,0,True
train-0165-failure_recovery,failure_recovery,train-slug-whitespace-regression,8fee5466139fd09c45ae124f920a4f70b3aa66a12ac14ddad4b6c9cc41d20dce,4,1,True
train-0166-missing_information,missing_information,train-unset-upload-timeout,025ab89acea70c4c35a821d7876fc126f391e096ee6c3b1e9e36a9540ca491ea,1,0,True
train-0167-no_tool,no_tool,train-explain-request-rate,b8a564d024fe125ed17fae32cd5fb46597921c8c42e7735079068d2f95125151,0,0,True
train-0168-invalid_path_recovery,invalid_path_recovery,train-stale-inventory-path,eb7519deaeb6b2377f97508b886a687f47cc8b051a061b474d6cb99c800f816e,4,1,True
train-0169-read_locate,read_locate,train-selected-storage-registry,628876f499d771cf18a08f34dbdd10e3ca6da99fb3834f0431960fd3f0ab2822,3,0,True
train-0170-config_change,config_change,train-layered-environment-override,1ab1c19b38ef187d573720b83888afef5e86ee285f5007e20e07b561753728ac,4,0,True
train-0171-function_fix,function_fix,train-last-occurrence-order,e504eb37c7c7817704b9aeef9b86fc3e6c0d0d35de27a750c0158a3dbd6a05d2,4,0,True
train-0172-multi_file,multi_file,train-duration-unit-migration,8646912acd50f41efcf23d0d789f79635d367b3912c202f490235f46ec93a496,7,0,True
train-0173-failure_recovery,failure_recovery,train-moved-module-import,929c7d4089f568ace5ce79de1a73b5657aaabe0eb270ce556e46cc347858e37b,5,1,True
train-0174-missing_information,missing_information,train-unspecified-schedule-zone,f370dfbe06fdcb42e53187d8db19b8beed504f7a6fe87b7f2472c1b490c71074,1,0,True
train-0175-no_tool,no_tool,train-given-rate-budget-calculation,6cf41a20a89b5bee3da7f9c748a3072a9342a76fdb24250c2e9d9eb69066f51a,0,0,True
train-0176-invalid_path_recovery,invalid_path_recovery,train-current-stock-active-join,9c3df3b5600ab362c6279ff0d298b87987f8d7cff54b4f15293022ab5b5c4b3e,5,1,True
train-0177-read_locate,read_locate,train-router-window-budget,60a767bf7f5639a5f4ec32792e6db52bd7590300ae145d5e41fda8232d9f2533,3,0,True
train-0178-config_change,config_change,train-profile-cache-json,aac6646df4d1d220fae04ed6d17e62c8e8c952d01fd900470b406df802de79cb,3,0,True
train-0179-function_fix,function_fix,train-half-open-booking,319598ff7784fe0a00080b584084770126e215fc2df666962aadfbaed1667972,4,0,True
train-0180-multi_file,multi_file,train-metrics-contract-migration,0a6932ce48b4a63d8e828dd5c056f07ae75b5d1e33275936f3780b15b0f9eb3d,7,0,True
train-0181-failure_recovery,failure_recovery,train-slug-whitespace-regression,977ea916e95df83fb6015eece0e71984d913e4a816e7b3a2148555a566e20c7b,4,1,True
train-0182-missing_information,missing_information,train-unset-upload-timeout,f32b30650377f1e7fcf62bf5d2096d6689e870141dc63120813a23d8a2518820,1,0,True
train-0183-no_tool,no_tool,train-explain-request-rate,b684770bb4475a5287133f573f94e0f6e5a1271ebe1b32d6315cb38ef64cdd12,0,0,True
train-0184-invalid_path_recovery,invalid_path_recovery,train-stale-inventory-path,790bd160564f3893b0a351f654cc1354355f9a2744bab3a0ce0c26b5adee741d,4,1,True
train-0185-read_locate,read_locate,train-selected-storage-registry,4984a0da54d6ccb39a77095ebf8ac0bf65fdaf7d2bf33474c77801cf25a2e3e2,3,0,True
train-0186-config_change,config_change,train-layered-environment-override,a533f47086644a9d367cf4045cc65b2e9ff50f4f152a60dce90e7e612d6ff0a6,4,0,True
train-0187-function_fix,function_fix,train-last-occurrence-order,68901d64585a7330f6a0c975655f586ada43db89e764f1cc248b021185b9ea57,4,0,True
train-0188-multi_file,multi_file,train-duration-unit-migration,43bcdcc207e55854c6e6090b67679d0ee99e62a7fb911ab81722211809eb0a44,7,0,True
train-0189-failure_recovery,failure_recovery,train-moved-module-import,5798e7fe751045782794528e4d9cf8d849a5618a531d71841aecc91e0d738775,5,1,True
train-0190-missing_information,missing_information,train-unspecified-schedule-zone,7013a015dc702e30bcb1bfebdd2a7807643cde1bda681b9e97db29c54c8a9bf3,1,0,True
train-0191-no_tool,no_tool,train-given-rate-budget-calculation,e779f07f3b93a1199bae90acfbfb232ed230a0fd38113534a73bc7b3c1df5558,0,0,True
train-0192-invalid_path_recovery,invalid_path_recovery,train-current-stock-active-join,d0e925b6e2da4180773c44e4fa92575c2b28bcce1569d3244bcd3e54ba8f6ec9,5,1,True
train-0193-read_locate,read_locate,train-router-window-budget,af7eedde6000f6bbc6816262f756a829f948ad401c478d415543d9e6ffbc9695,3,0,True
train-0194-config_change,config_change,train-profile-cache-json,60ec23b782f90438725223f1575c8b6b62774506497ba89d13df19a133bbabaa,3,0,True
train-0195-function_fix,function_fix,train-half-open-booking,16961a9d7f50be5f53670dd97af909d8be45f0107d1ce1ccabdd2e9c83dab2d0,4,0,True
train-0196-multi_file,multi_file,train-metrics-contract-migration,fafcddd025cb4d7df2b750b8367f2f7a8080d0f80e443c6f0c10508ed3db42b6,7,0,True
train-0197-failure_recovery,failure_recovery,train-slug-whitespace-regression,926083f4682e40e2a608140c488cd67d961cc50933795297682b6bd55f56a67f,4,1,True
train-0198-missing_information,missing_information,train-unset-upload-timeout,fae3609245d95b15a4bfc7f30599c7140bdd70510c206229405ab59b57132a5c,1,0,True
train-0199-no_tool,no_tool,train-explain-request-rate,ad50b7f1ad8f3b8347b4dadf92e2f7dcf6a0e606783e5f81cdefbe46b11ae5b4,0,0,True
train-0200-invalid_path_recovery,invalid_path_recovery,train-stale-inventory-path,5a3b2b2bcaab6bb2ff7af996572c6e755f17808ffe35b52b224e5677cfb5ff66,4,1,True
train-0201-read_locate,read_locate,train-selected-storage-registry,70cf60963a3606453bcbdc8dafddbf7e16d2dbff09671bff0fdbd52cc433442f,3,0,True
train-0202-config_change,config_change,train-layered-environment-override,da2c38fb9851c28fa3c9a922a2aaffb205ed96f4242006f170e8cad7ea91171f,4,0,True
train-0203-function_fix,function_fix,train-last-occurrence-order,052985b842b14349f7c8854269876750c0ae236b4e39b9c514a6ddbd8af5bbf5,4,0,True
train-0204-multi_file,multi_file,train-duration-unit-migration,1333a532a1716c4054d303cdf80084ae9423773095a826381427addf182c12a1,7,0,True
train-0205-failure_recovery,failure_recovery,train-moved-module-import,5acb8dc33c93d3426613bab7733d67d4c468578b386151b6adb5b9ff9adbbd8e,5,1,True
train-0206-missing_information,missing_information,train-unspecified-schedule-zone,23cbbf998365d5ec4f8efc21bfc63d782aaff8e1c1d427d6398267eb907a58ad,1,0,True
train-0207-no_tool,no_tool,train-given-rate-budget-calculation,6f1f3a7b907c5dadc82ed4f7e50abb8c3c423e6f20bb73b2f85ff58e7ebe9fee,0,0,True
train-0208-invalid_path_recovery,invalid_path_recovery,train-current-stock-active-join,6fe4babeccb3164e848efc399aecc482bc0e6a955fcaef0b8646a4b6f90e208a,5,1,True
train-0209-read_locate,read_locate,train-router-window-budget,76f7975382c768695f704deb324904357e371595f83ff4972fac8b7d5b3c67fc,3,0,True
train-0210-config_change,config_change,train-profile-cache-json,19760e0a85a68f5e2e53c0658a4fd5b33b803633a2e6a3fff48d47af346bd9d0,3,0,True
train-0211-function_fix,function_fix,train-half-open-booking,a15ece295d6128004d1d8ce63af8330f44d842cf03c1ff029579d0440cec6c4a,4,0,True
train-0212-multi_file,multi_file,train-metrics-contract-migration,f27cbc5b1182958b7bb5507b2aa41168b4cd069e6d5f66ed341ecd276b8b35e4,7,0,True
train-0213-failure_recovery,failure_recovery,train-slug-whitespace-regression,1da141296ce5aee719c77884bcfb9229fb84591817670d2d1656dbca436a74e7,4,1,True
train-0214-missing_information,missing_information,train-unset-upload-timeout,9e2702727f7b5748f333b4c2420a38a6d99d0d4c2c647ca4e22d0827a8c64b41,1,0,True
train-0215-no_tool,no_tool,train-explain-request-rate,73f3e0a42b62092edd4e41d7ed29d9f5024fa3a8df78a18fc70650e6b362d9d6,0,0,True
train-0216-invalid_path_recovery,invalid_path_recovery,train-stale-inventory-path,8d83ffef53bd9faf7893d0a74f555a05f400c0db93a6079a2a7bd6ade19974b1,4,1,True
train-0217-read_locate,read_locate,train-selected-storage-registry,746e789e46c17bac06ba4314bc3d4d4a2b9dafb7ac788743013b527fa2595552,3,0,True
train-0218-config_change,config_change,train-layered-environment-override,b1b5d6db0d280a9d1d3bd4c5fc3241f6eb7185c6116a2bd6f72b197d4abd928f,4,0,True
train-0219-function_fix,function_fix,train-last-occurrence-order,5fa39d0a215c849d2d2451060a06d41ebb238c15651aa8f7af4b11748d64a601,4,0,True
train-0220-multi_file,multi_file,train-duration-unit-migration,b250e51e657a923fc6f5a916e1a3da563c3069979b02fc97b582a845d9737ea9,7,0,True
train-0221-failure_recovery,failure_recovery,train-moved-module-import,5dd81cfcab73dbd7c3e15032fd5f783f05e6a1f3bbff8ed6227116c4e75251ac,5,1,True
train-0222-missing_information,missing_information,train-unspecified-schedule-zone,d6ee1beccd9c2f933466370ddfdc8cf37431a734db6a30113aaa59cfa63ac2a5,1,0,True
train-0223-no_tool,no_tool,train-given-rate-budget-calculation,e1e651ea7f164485ff44f4bfbfd98d1755fa1e893a6431719642e4548f8a8546,0,0,True
train-0224-invalid_path_recovery,invalid_path_recovery,train-current-stock-active-join,8ca3ac8251d5e1e400c107ac0d6f74f069ec8753e147483f1d75c7041ede31e2,5,1,True
train-0225-read_locate,read_locate,train-router-window-budget,007f22c30da06ab4ebeedcfc7e0b94f47d2b297aaff332dc9c7a6cd91928e406,3,0,True
train-0226-config_change,config_change,train-profile-cache-json,2bef19d838100348edf42d260993bf876f828252cdb12e2ab9d2bf233666794a,3,0,True
train-0227-function_fix,function_fix,train-half-open-booking,7cec0cfce65e77d2eb3923529058e4401872cd5b6a9ade38abe6728a92524e8e,4,0,True
train-0228-multi_file,multi_file,train-metrics-contract-migration,c1ee8f8c5f3bfee169f7aa143a408a379ff4229d6066c1b842909a2260f5bfe1,7,0,True
train-0229-failure_recovery,failure_recovery,train-slug-whitespace-regression,0ab0a8d0b806057f1010704829f55d8399cebde004935a5f96eed2afc46d40b7,4,1,True
train-0230-missing_information,missing_information,train-unset-upload-timeout,5ff3bb0892975aca6043e73132b8c7b84e3fc9c79aaf85139bdcdd9260369486,1,0,True
train-0231-no_tool,no_tool,train-explain-request-rate,5c92a1c4a3a5a6234e2e2c704307c017bbd2eda8d75551b5da1d3cf496120ae1,0,0,True
train-0232-invalid_path_recovery,invalid_path_recovery,train-stale-inventory-path,c912d2ee11dc9f0db896d92c756f4d25b08cfe9a12db31ff76255eb0f2aa21cc,4,1,True
train-0233-read_locate,read_locate,train-selected-storage-registry,3e9335fd33b6bdccb4f636485430584aabff19287173c99298981277d295b351,3,0,True
train-0234-config_change,config_change,train-layered-environment-override,d5d9f153fcfbb45cb869e38a96ed9b85ebf6ffebb3f86a8494fcbf9c6c1a075d,4,0,True
train-0235-function_fix,function_fix,train-last-occurrence-order,a9dc222845998c901a5018bd80a1679aa424a568a7892527b5f95bff36d6d841,4,0,True
train-0236-multi_file,multi_file,train-duration-unit-migration,0f1e17d6441bc1690995dc868ff521e1e05ab8949c2e2cac828b01438df991cc,7,0,True
train-0237-failure_recovery,failure_recovery,train-moved-module-import,5eee91b28f21ce6911295e1d6dc9fbf982c0e945e610b3cb62f8a7ea17e9585d,5,1,True
train-0238-missing_information,missing_information,train-unspecified-schedule-zone,8f4334158fcd8a84ab46bcc5b7f4a89fc1bd49de4314a51b125b29f52ba82d30,1,0,True
train-0239-no_tool,no_tool,train-given-rate-budget-calculation,95a5a13cc77f28b202f42ae75cd9c39e9cffd519c973e868b49746dafb2e8ae4,0,0,True
train-0240-invalid_path_recovery,invalid_path_recovery,train-current-stock-active-join,bcbc3094829de068eeefb16b342dec800bb5a12b5066d79221b14b1a2f7bb1fc,5,1,True
train-0241-read_locate,read_locate,train-router-window-budget,1c441eccfb4b605efcaa9cccd9e0a7afaa3d486a2878d1d57516933c4830379f,3,0,True
train-0242-config_change,config_change,train-profile-cache-json,be6aec6c0e5bf85aaf7f687cb7ef778b2e17833e126714553d813d6b1b345939,3,0,True
train-0243-function_fix,function_fix,train-half-open-booking,b902cc2a2e7a6cfaf36e58be5ce841f4b5d4ff9cd156968c33bed19cad54768e,4,0,True
train-0244-multi_file,multi_file,train-metrics-contract-migration,15f28dedee920b0725a7168582d9d38d2c12174c070d2fb6e6c7ce659b221cf4,7,0,True
train-0245-failure_recovery,failure_recovery,train-slug-whitespace-regression,944356afbdd6afd00b277287a8964cadf52b0f1246e7568385658d17025e2825,4,1,True
train-0246-missing_information,missing_information,train-unset-upload-timeout,149503b57ef94586bb331ba649cc50087c133d685db0b091425138dfb7fababe,1,0,True
train-0247-no_tool,no_tool,train-explain-request-rate,e8fd79164d31af825ed382ab5dc54009385279f440c08f4d2d08557a0f92dd9d,0,0,True
train-0248-invalid_path_recovery,invalid_path_recovery,train-stale-inventory-path,1105127002b5f0caab7dd6fe567036e7a26c66880d845188904aa89c1fe2fd32,4,1,True
train-0249-read_locate,read_locate,train-selected-storage-registry,8cb6c014e0f4a694198415dcb79f8595813f6728e92771fa13a04afb612851ea,3,0,True
train-0250-config_change,config_change,train-layered-environment-override,90cfbf2f21410e3009c567f1ee5ecf441e141b2bf12707f25f729d22d0bcf3cd,4,0,True
train-0251-function_fix,function_fix,train-last-occurrence-order,222dc5cb693525a6e312f4dc59abed6596aed5b83005c51bbf148808e4390772,4,0,True
train-0252-multi_file,multi_file,train-duration-unit-migration,7619821d723bf489e156ea838d2644064a2d4203eb51f79b3f8bdd8526d4dd6c,7,0,True
train-0253-failure_recovery,failure_recovery,train-moved-module-import,b63cc22bd2e1260703d58c772faa61a4d816fe9e83fe40959f0b103e5851ed96,5,1,True
train-0254-missing_information,missing_information,train-unspecified-schedule-zone,0a9f96102d75d7e72c9abd7643bc48d46962e5b883e922092546f5c9ece564f2,1,0,True
train-0255-no_tool,no_tool,train-given-rate-budget-calculation,2c3a69c6637a80d9f48836a929de45233fcb7fa8c2c4277fd6d6ba7c54879acb,0,0,True
train-0256-invalid_path_recovery,invalid_path_recovery,train-current-stock-active-join,efdce99b045e369520c95620ed4e20ce2db2c96611eb94faa80711bfc29adafa,5,1,True
train-0257-read_locate,read_locate,train-router-window-budget,9a833a8517925af957d0846a6e8a87c04829128de1b40615440ad6f825e1e5a4,3,0,True
train-0258-config_change,config_change,train-profile-cache-json,3a73195fa62ac964b8dc5311da06d20e07f24b913dd0b62b9ea29aeb739e313b,3,0,True
train-0259-function_fix,function_fix,train-half-open-booking,b70f260a2b25685dfbd5787a6e6cedd33914db4d7e4ca20ba95b1cf238bb7c77,4,0,True
train-0260-multi_file,multi_file,train-metrics-contract-migration,502ba1fc5896244ad596f015c6c17f534cc7990c701a7d68be4b65947b4ba845,7,0,True
train-0261-failure_recovery,failure_recovery,train-slug-whitespace-regression,2fedb829a706f44bb43e0c9769b6b875f2509fed4be31dc7d2098f57defe3364,4,1,True
train-0262-missing_information,missing_information,train-unset-upload-timeout,38847e48fd65a50cf3a9e36ed45a46ad08d9d807c8aaca9d2f02b1f2a90beb40,1,0,True
train-0263-no_tool,no_tool,train-explain-request-rate,488af5f1f4e54ff9f4425e03f5e93e29519b44aef5642ebb023ba8b0b057cc9c,0,0,True
train-0264-invalid_path_recovery,invalid_path_recovery,train-stale-inventory-path,1e3c46692dcc96e35a7c211b74442746c3944149b961b7c415bf640d4f874e3f,4,1,True
train-0265-read_locate,read_locate,train-selected-storage-registry,fb9cd9578cf794517725af0e80dd97fe0f4346233b31e698df933bd88c261364,3,0,True
train-0266-config_change,config_change,train-layered-environment-override,5ce712559d31ee470a330ca5c24203365457f2139bf112756b80bdac4cc24434,4,0,True
train-0267-function_fix,function_fix,train-last-occurrence-order,60d5518ddf75dd4a9336dd87ce7443b380ab5a7123bef5c9b70191d4dc614c9d,4,0,True
train-0268-multi_file,multi_file,train-duration-unit-migration,90e09d824e111a7c1f767b231abe7b6a4b7500db5122cfa78a34dc1a6b7013f6,7,0,True
train-0269-failure_recovery,failure_recovery,train-moved-module-import,f9acf7a3558afcf694b357a1bab6a28c9d72a11c5ed63c584c1af613efad5c5f,5,1,True
train-0270-missing_information,missing_information,train-unspecified-schedule-zone,816540e3a46c4bdd075d58195fa0644378b17c6885674ad87e92847ff1314e54,1,0,True
train-0271-no_tool,no_tool,train-given-rate-budget-calculation,bdc49a0c30cb2321a8b7106fc294c619da25e64f60c65a0ee74492aadb827dc4,0,0,True
train-0272-invalid_path_recovery,invalid_path_recovery,train-current-stock-active-join,90a3aedebfbbda2b06198211deea5af3e099fa61b1f1e6052cb47ecdd4974387,5,1,True
train-0273-read_locate,read_locate,train-router-window-budget,a2c83557196899c953cac72db8cbcd212fd87d83a90dbab43958171e67008d71,3,0,True
train-0274-config_change,config_change,train-profile-cache-json,1fa866536cb434ce309f48d18ced86243f03e41987defdbee9bd76a96dfe97ee,3,0,True
train-0275-function_fix,function_fix,train-half-open-booking,dd78733a478b206bb57032bae12e64a0cd16fc63ec5a9ce51cf0e13bc6469aaa,4,0,True
train-0276-multi_file,multi_file,train-metrics-contract-migration,bf8f728258339e4c45177c1b5066ac09fb942edd1f2bbcffb9135ce39b2a51ac,7,0,True
train-0277-failure_recovery,failure_recovery,train-slug-whitespace-regression,8a988b82c2ac4cada3026547c8fbbfdbdd1d7ca88da37fbc886696473bf45e62,4,1,True
train-0278-missing_information,missing_information,train-unset-upload-timeout,2643463c04befacc645ff872f354b63473946a37fe487f00d78aad07f46a892d,1,0,True
train-0279-no_tool,no_tool,train-explain-request-rate,a6abb72075bff8224aa67ee4a2451a3abe93b7dea0827eea745558e8c12dd363,0,0,True
train-0280-invalid_path_recovery,invalid_path_recovery,train-stale-inventory-path,680e761ec47de934ff41b838226826905aca9ca2b1a53671bf6668bb517d2d5e,4,1,True
train-0281-read_locate,read_locate,train-selected-storage-registry,4521a555a9947a20f0828591bacd9d6973bc1c789805d93b91767462bdd9e333,3,0,True
train-0282-config_change,config_change,train-layered-environment-override,e5eaec63bd6d737ef8631a35dc297bf7383868342ff48883c78abad49f9400b9,4,0,True
train-0283-function_fix,function_fix,train-last-occurrence-order,866f8f24b86b37f5ffd6eaadbbc972cd9bbb1d7ff3dff8f16f31e0b0ffd8bc33,4,0,True
train-0284-multi_file,multi_file,train-duration-unit-migration,34930ac3f0e879e86b32fc0c13e51be3eb153aca13e95bd33541c315af9f74b7,7,0,True
train-0285-failure_recovery,failure_recovery,train-moved-module-import,1b90857cbecd5e2eb94e2c7691d6200391d8ef4e7aa619b9a10f7cc849f3dacc,5,1,True
train-0286-missing_information,missing_information,train-unspecified-schedule-zone,1d56544df68defcfb3522e69ac0ed506476ad509e29d58b5d0c22915f6953dab,1,0,True
train-0287-no_tool,no_tool,train-given-rate-budget-calculation,91d1a9378351763da58fd564ab23ed000c1717e3394f21bf8ca1a0c6868f3499,0,0,True
train-0288-invalid_path_recovery,invalid_path_recovery,train-current-stock-active-join,7d94e3133aaaa80994e5dd1ca85c2dd3e5e19523c707b7003957519e52711004,5,1,True
train-0289-read_locate,read_locate,train-router-window-budget,185a2e6fe7a4869ed05c605cd48c7c3f32de4065a334414f5380edccde890fb1,3,0,True
train-0290-config_change,config_change,train-profile-cache-json,0dfc2433815670381b96e197258c6daa2d86781b8e2d97740fc7b3fbe926aaab,3,0,True
train-0291-function_fix,function_fix,train-half-open-booking,1ee47b731c054afeac5c43973f09518c17e0ef47ee385d68f863b951652d7869,4,0,True
train-0292-multi_file,multi_file,train-metrics-contract-migration,6742f9b8f2c73b75c75044b722b09fde1579a5992cbaa3beb81e7d08fe639328,7,0,True
train-0293-failure_recovery,failure_recovery,train-slug-whitespace-regression,f9e78d47b6d12c2f4861820f51f08b1ad8b58c07b9dc9de04ff659b0f35b9d20,4,1,True
train-0294-missing_information,missing_information,train-unset-upload-timeout,63346690b696b090f0a50c3126b740338a5ab9cf1d5205f264f2c3b7851aa7fc,1,0,True
train-0295-no_tool,no_tool,train-explain-request-rate,3c5e4786806c88995b71b9703288864307e995052c86cdade4e5dc3d277c4817,0,0,True
train-0296-invalid_path_recovery,invalid_path_recovery,train-stale-inventory-path,1ed4ddf0af53f3f7b47c4c723821bdcc73252913f88e453521c939e08fcaf45c,4,1,True
train-0297-read_locate,read_locate,train-selected-storage-registry,8fc088fb163b5444036d5f3242d5a19b406d02a365f99a44e9a63891bc11779b,3,0,True
train-0298-config_change,config_change,train-layered-environment-override,3b154c9f6b8e19e0b80cabd28bfb1f01f609877478e9fcc9ae8c0b8adc99e036,4,0,True
train-0299-function_fix,function_fix,train-last-occurrence-order,23fbe2f983489d6290670679b523b9f7d48e805ee4357db7af9cb46ef567fe5a,4,0,True
train-0300-multi_file,multi_file,train-duration-unit-migration,7078edc46d1e37742887da03e7adf36826a385085507f97943e379e5ffcf74b5,7,0,True
train-0301-failure_recovery,failure_recovery,train-moved-module-import,2ae5000f9e87815d97de48ad4d91d3b59690ad084fb2a17293fd03e8d9a82a67,5,1,True
train-0302-missing_information,missing_information,train-unspecified-schedule-zone,7e85d4d97a816b5b4cd509ba670544e327f7dbe64956d04fd07f29430d814f5a,1,0,True
train-0303-no_tool,no_tool,train-given-rate-budget-calculation,7b93d0727ab9d2f3f912cff2ef2a429f750676cb86752f5596c7f5514d61de76,0,0,True
train-0304-invalid_path_recovery,invalid_path_recovery,train-current-stock-active-join,f52e0d4972e4de4087f94f74eae0503301d12102cb594bce9390eaaafa38530a,5,1,True
train-0305-read_locate,read_locate,train-router-window-budget,1b100b34f52b6b84a2ca59def155cfce6125be8f95b76e6057773fa3cb3e09aa,3,0,True
train-0306-config_change,config_change,train-profile-cache-json,ac37415b83811ec8382f8fce6abbded3bacc17bace348d4d2a7a4444b5a31578,3,0,True
train-0307-function_fix,function_fix,train-half-open-booking,184811aef251bb06e5b909107d3e608c8c8120b9da8bb75e6bd326cece03840b,4,0,True
train-0308-multi_file,multi_file,train-metrics-contract-migration,42b994cdcc1e5c66f490cd87eee42029889d0ee9e20f909f9bfa78c37c7ca8d8,7,0,True
train-0309-failure_recovery,failure_recovery,train-slug-whitespace-regression,d85b3e10b46e5282bb610df1d3a4a0a636ad6924d60ac8db1171487f1125e9c7,4,1,True
train-0310-missing_information,missing_information,train-unset-upload-timeout,37d024136492bb2e27d8497c66d90c0ef37518be0b770a52446ed7bde25f44c1,1,0,True
train-0311-no_tool,no_tool,train-explain-request-rate,3ed2f15c4877c4f39811b545ec7df46ca0d6d11d568cdc1e0ad4b78be1c30675,0,0,True
train-0312-invalid_path_recovery,invalid_path_recovery,train-stale-inventory-path,750e0da8a7553e03a976d603ed6449bfdc38946c957d34ed46a830a65d38022f,4,1,True
train-0313-read_locate,read_locate,train-selected-storage-registry,94ad5a9925593a28fda4c2279d52a3f1324948f59bd40aa6f0c92661b30af267,3,0,True
train-0314-config_change,config_change,train-layered-environment-override,651c6134810311f0df635e2d0f2321c74e254a7c14935023983b8da82ab97327,4,0,True
train-0315-function_fix,function_fix,train-last-occurrence-order,e0eba1bdb33572fe35cb4cc8a70c411d58fe2e7ef6cd12315f81c2c28d80d8fb,4,0,True
train-0316-multi_file,multi_file,train-duration-unit-migration,d7e47c12fd3ffeea3309585422127a0f57de342d9ac441748c5ea1d115ba82f3,7,0,True
train-0317-failure_recovery,failure_recovery,train-moved-module-import,1c84788f295aa68ba4cad2591c333214cdc28d59a8619f785dc327291b78f237,5,1,True
train-0318-missing_information,missing_information,train-unspecified-schedule-zone,5baeb5ff4927e9017abfa637a9482a6c4b30353c65f3a6c4f446b0c6f7a37086,1,0,True
train-0319-no_tool,no_tool,train-given-rate-budget-calculation,07f07c3a8f680c551c5c46749c6b55c53db8fc69e4a19b06768b797b7474c8bd,0,0,True
train-0320-invalid_path_recovery,invalid_path_recovery,train-current-stock-active-join,bdd3e91f5895f4c084a4968a56617693262795ee8ffed40e557c38d70cba38a7,5,1,True
train-0321-read_locate,read_locate,train-router-window-budget,bc8deb95aa4447afa8036c723ca24c79f115751d555c1e4a4908b2e7e11df90f,3,0,True
train-0322-config_change,config_change,train-profile-cache-json,e45186be3a09e333987b0bd4e4fbfa127d6eedebfffb3f88e90da836cd5bee11,3,0,True
train-0323-function_fix,function_fix,train-half-open-booking,d8ef9b0cb94e6e7e3740121da364fc7206bb9233d04bf0d86239cea0d63fc757,4,0,True
train-0324-multi_file,multi_file,train-metrics-contract-migration,daacd4c869a6b0f32f2143a12f69cd68de2d39c1cd28d62de570948c05ebc01c,7,0,True
train-0325-failure_recovery,failure_recovery,train-slug-whitespace-regression,9200f3f8622680cd1b4ca7d28fa49999688bb3f502a3183af6d1465714484df6,4,1,True
train-0326-missing_information,missing_information,train-unset-upload-timeout,0af021f048b26c76654d9d0c3fbc497c0a187992f9ba05d20f7020a59abd6c86,1,0,True
train-0327-no_tool,no_tool,train-explain-request-rate,3be49fd5a03330693fa487976d87ea9aef8ee365a7a8cabf2c36ed7d5c8008fd,0,0,True
train-0328-invalid_path_recovery,invalid_path_recovery,train-stale-inventory-path,18c6699b55309487b50f53fe566fec3f49d92768fec20dd44bd2e0b372b0da38,4,1,True
train-0329-read_locate,read_locate,train-selected-storage-registry,19e64434818efdb304efd1ccae33b1240e7bc39364e5d9046a3813234dac0c16,3,0,True
train-0330-config_change,config_change,train-layered-environment-override,897bdffdcbc6c42d57039b552969c779dea29487dd41274be6d984858bad54c5,4,0,True
train-0331-function_fix,function_fix,train-last-occurrence-order,e700c7664da78e9f1805f7ab64cd203c1a3d26136fc7d74e84d8ec14fd94fd30,4,0,True
train-0332-multi_file,multi_file,train-duration-unit-migration,fb0d520d5f917d3a8000e2ded5e3a35d9a6fab556f487d7d2f6184eac7de7a94,7,0,True
train-0333-failure_recovery,failure_recovery,train-moved-module-import,01d26bb2424b45fb719f9acb12a7f325f7242a2d6555cea70b07e226a7dd972f,5,1,True
train-0334-missing_information,missing_information,train-unspecified-schedule-zone,a3ebe234872d10f81b0ff6546ac4e8722cf48274b575507d11488a7c318dbba5,1,0,True
train-0335-no_tool,no_tool,train-given-rate-budget-calculation,f63f8443566a058874e257864e39b1d2fdef4fecf0aa1eb0c85f8e51aae57e21,0,0,True
train-0336-invalid_path_recovery,invalid_path_recovery,train-current-stock-active-join,c6a8c62b3c707232d730c924a1258d033e82b0aace04eb87e71a5c62a17d8ed1,5,1,True
train-0337-read_locate,read_locate,train-router-window-budget,697c85ca0814a91a4190c990d45d039046eb1c3052f21d405fb53b136f2b60aa,3,0,True
train-0338-config_change,config_change,train-profile-cache-json,f240e4700311d609e334e4ca0b68dbec710ed2e937d67178ea17843414a2b913,3,0,True
train-0339-function_fix,function_fix,train-half-open-booking,da646f650222a198515476a8ae423d984459c6f88a69b214d3297f095f9dd544,4,0,True
train-0340-multi_file,multi_file,train-metrics-contract-migration,700ceb35154c706593e5d14405edc949c68c89ed75dce7be193febc711cc0615,7,0,True
train-0341-failure_recovery,failure_recovery,train-slug-whitespace-regression,fe40f7bde5e9e546fb2822bf51e791f1790df0664c4ea6ca3a3e1c79bda04296,4,1,True
train-0342-missing_information,missing_information,train-unset-upload-timeout,94f02d6a90d4a305010611074b716e571b8e1b11297f3681dfd84e8773c294d0,1,0,True
train-0343-no_tool,no_tool,train-explain-request-rate,aeabe00594c4782299c730d314379fb22e3ab48b3aea78d3fc0fc763849907b2,0,0,True
train-0344-invalid_path_recovery,invalid_path_recovery,train-stale-inventory-path,6fa3ea73af62aaed7f7fbe7ce20c95f5852dd3bfc0a2032b62f71731d870c50c,4,1,True
train-0345-read_locate,read_locate,train-selected-storage-registry,7dc66b6a671979a2cef1e3ed33a344a49b652c924a1261857cfa665173d8bc81,3,0,True
train-0346-config_change,config_change,train-layered-environment-override,18a1da00701c9f547c10c95cf29b4d04ff47dbc115d764f3d722e0397d987596,4,0,True
train-0347-function_fix,function_fix,train-last-occurrence-order,8d3c78dbdde76565512ad2fdba8263cb81233d47b812d08349704519b372ea25,4,0,True
train-0348-multi_file,multi_file,train-duration-unit-migration,faac6ccc98f34dfad98f238d39c9af5ea256ae96c16ff20df22756ecffc128cd,7,0,True
train-0349-failure_recovery,failure_recovery,train-moved-module-import,296386c11a7f8ca020289162f19226ac42c78b93ac4911b5c0b54c943c5046ed,5,1,True
train-0350-missing_information,missing_information,train-unspecified-schedule-zone,3a765c6dd7345bf35abf0a9174dffee8b75404f6e139272a354d729d8cb1d85a,1,0,True
train-0351-no_tool,no_tool,train-given-rate-budget-calculation,a8abd963f034ef9a441319e127de53c5566e17344133a6ea6c6f40fb61278325,0,0,True
train-0352-invalid_path_recovery,invalid_path_recovery,train-current-stock-active-join,87605dfc3c02370de42f529b75075647d0308b4d84b6e1bdd912ab7820532969,5,1,True
train-0353-read_locate,read_locate,train-router-window-budget,76f1af76c008129a8b7810bdbe0b55c79f1832d5053944492e0c5975f402dc16,3,0,True
train-0354-config_change,config_change,train-profile-cache-json,fc4eeef52bb6848bc7b5ace6f3a9bb9a1fb28cb8c47daf7a1023bf29264e3cd4,3,0,True
train-0355-function_fix,function_fix,train-half-open-booking,cde1dc905e393650a97b8ffb0d05089c174fbe0e4d1e8c01ddf3416e8e8de962,4,0,True
train-0356-multi_file,multi_file,train-metrics-contract-migration,aa0f59037e20e0c83689ee3f6621843dfb675a2cb236a73ec3e6f2a749a13305,7,0,True
train-0357-failure_recovery,failure_recovery,train-slug-whitespace-regression,9525ac352c93136093ffd1f94355be908f8ef9b6ec3085f2a8e72c8aab34b45b,4,1,True
train-0358-missing_information,missing_information,train-unset-upload-timeout,a4e042a55918501daab7bd1d7f3e661c3a67b4e06d006027ebd1bbc45962bb27,1,0,True
train-0359-no_tool,no_tool,train-explain-request-rate,f3c3b58dd4801914d70a3f2ebd2880612d98f2d7250ca5876a14a702f303b5fa,0,0,True
train-0360-invalid_path_recovery,invalid_path_recovery,train-stale-inventory-path,163b8355747b532b52d59741222e752a32dda8d89f708075864ccbd4f32c1a22,4,1,True
train-0361-read_locate,read_locate,train-selected-storage-registry,398db55e05ff741325bfa56803a22dfaf5591b545e75b7ba51dc5551a527b03e,3,0,True
train-0362-config_change,config_change,train-layered-environment-override,e29f99c63018a44d94c42ad07cbb56979bce46f9d1ae942dea77afeba7787efc,4,0,True
train-0363-function_fix,function_fix,train-last-occurrence-order,fcb94c73b39d8de4987d926fb760109a62b2ea3d4952f796489d329448107984,4,0,True
train-0364-multi_file,multi_file,train-duration-unit-migration,1f2390d7c936bfae1d23ce231ed2d6939d55df7e2ab2f09bccae76add7ac26ed,7,0,True
train-0365-failure_recovery,failure_recovery,train-moved-module-import,7ba588a3a1497b5cee719760e6a20e27cb5ae177e438fa1c28a42d1b94917d1f,5,1,True
train-0366-missing_information,missing_information,train-unspecified-schedule-zone,bdc3d80bbd04f21aca7de2216d32744ef0d14209b10a711bd1be62c6f1601013,1,0,True
train-0367-no_tool,no_tool,train-given-rate-budget-calculation,35bf5e99562ed74d4528ee38ba30409328fe68086dfc367129abc9afb2fb9bdb,0,0,True
train-0368-invalid_path_recovery,invalid_path_recovery,train-current-stock-active-join,159a036376ea52023eef1bbfeedc7d3d67e9078afd9669e77f1202c52667badf,5,1,True
train-0369-read_locate,read_locate,train-router-window-budget,999f9ab0c823d2303fe36a1ddd93b169208c63f1a542498fccb088ca3520697c,3,0,True
train-0370-config_change,config_change,train-profile-cache-json,8db63cfb184ee4a024e4fb6c1eb6bd0dc85c5ab2e787c4b3bc1e1d2abc918dc9,3,0,True
train-0371-function_fix,function_fix,train-half-open-booking,263fe14c20e613374a9020b752bec5d82ef12b8ef21e6c4080fd093c6d8e1195,4,0,True
train-0372-multi_file,multi_file,train-metrics-contract-migration,54a745e9e1e2c1a2b25e254dd44bebb52f0e43cf492495e58317289736b572b2,7,0,True
train-0373-failure_recovery,failure_recovery,train-slug-whitespace-regression,107a7013805737cbe52ad6a2849d2af00bae485ba070b858538e814f48a00270,4,1,True
train-0374-missing_information,missing_information,train-unset-upload-timeout,c0854a4530e6e1ba30b334e03edf0b9929fc38ddf2210513d4fc234dc7157218,1,0,True
train-0375-no_tool,no_tool,train-explain-request-rate,5fbe685733dc135c0a13ff1e77aad715e71ca14bb3958e426c464f2244a30c13,0,0,True
train-0376-invalid_path_recovery,invalid_path_recovery,train-stale-inventory-path,daece36877e9685d90cea21a55a04c7d31132b0ce1126654108136d1e0599a26,4,1,True
train-0377-read_locate,read_locate,train-selected-storage-registry,b92b9973df0560395985cbffb0acf8c2ed17ad50c07eafded305b04fd1b3d51a,3,0,True
train-0378-config_change,config_change,train-layered-environment-override,27d44f167e64a2ffb22e1957dd9712e7cc4910b57cb40f4c2905e82cd57f462b,4,0,True
train-0379-function_fix,function_fix,train-last-occurrence-order,0e8246487fb6e3daf64c2edf38935cf95d2f8de89b214897106d64d7bd9b8c7c,4,0,True
train-0380-multi_file,multi_file,train-duration-unit-migration,dcacfd48aec7cad55de436367aa6c72751a43b5b9c3045f1c5f259cc73ca9eff,7,0,True
train-0381-failure_recovery,failure_recovery,train-moved-module-import,cbff9debea86f73c5191eef5209e84a0a962368bae887f0ffc03ac1d4d1ca34c,5,1,True
train-0382-missing_information,missing_information,train-unspecified-schedule-zone,f87ef3228933b18503defdca7117d383e7b046d6e5a3a5302a0f83c39f206282,1,0,True
train-0383-no_tool,no_tool,train-given-rate-budget-calculation,69d91016ced237ec77ff8e2d7e09cf2803619e86d4c4936d8dacf9d977e437df,0,0,True
train-0384-invalid_path_recovery,invalid_path_recovery,train-current-stock-active-join,9d23f2dfae064dd0a3d6ff76f11345267e102ba6004e3f9bc285aae40a7aae8b,5,1,True
train-0385-read_locate,read_locate,train-router-window-budget,50ad99b63681d23905f06a3471d59a59585a031500cd5f0bff686251aed8b417,3,0,True
train-0386-config_change,config_change,train-profile-cache-json,d0ee9e5035cadc0faaabd67914e3c985b7bc293e3b7be55618f07e72f0eccdc4,3,0,True
train-0387-function_fix,function_fix,train-half-open-booking,381c5079703b021fe85a2473f030d11cadfefc319783acbc2ecce9e1ed7d0dad,4,0,True
train-0388-multi_file,multi_file,train-metrics-contract-migration,38815bc6a77b4bf3146c6ac6f0e851c7f4765b7eea6ac0eaba4ede41bfcb660d,7,0,True
train-0389-failure_recovery,failure_recovery,train-slug-whitespace-regression,8d41b0c07a7f3374cd77e46a15776eeb9975f44e7d6c99a8de73c5e1c6551fb9,4,1,True
train-0390-missing_information,missing_information,train-unset-upload-timeout,1c43c13bf9b210cf05afa8939c73e192714cfc09e8da793406540e2bd74ac38e,1,0,True
train-0391-no_tool,no_tool,train-explain-request-rate,a69f307efd62c13bea5492de778368ceb67233c0dd30c9555d4f46c498ea61f2,0,0,True
train-0392-invalid_path_recovery,invalid_path_recovery,train-stale-inventory-path,a8f23a1d4327308ad759969203cd39992482395fb0ef35d56dd5edcaed178436,4,1,True
train-0393-read_locate,read_locate,train-selected-storage-registry,2953e247556a8f7753d0ef2c5f86a5f7957e3cffa8bcfac863d25978d920e9f4,3,0,True
train-0394-config_change,config_change,train-layered-environment-override,4aaa135c9ec8b67649162b4d2975b9c109b3aefe423c01c94c78a5f2b96cff15,4,0,True
train-0395-function_fix,function_fix,train-last-occurrence-order,7ea267a2188ee8c0d30c38bc23e812d9f9270912382d70e8cc174ed0f6ce877d,4,0,True
train-0396-multi_file,multi_file,train-duration-unit-migration,94a882e28c7c1dc80daafa06cd41afcc7f1a5cd617c03b062b972b48dd1260d6,7,0,True
train-0397-failure_recovery,failure_recovery,train-moved-module-import,babb1d7528439c671da516cc19a4f4d066589b62a84dd412e505dc3d3360cc1b,5,1,True
train-0398-missing_information,missing_information,train-unspecified-schedule-zone,07cd51c639856a0bbf1a1fd4428d4048a335b3825b7ce60910162369f37f292c,1,0,True
train-0399-no_tool,no_tool,train-given-rate-budget-calculation,908783045d952612b0c7fb6fba8d4c0f4836fc401b030be3ffd91ffd665310c6,0,0,True
train-0400-invalid_path_recovery,invalid_path_recovery,train-current-stock-active-join,33bbba4859a02ae2c4ca5ab478ce9ffe1a149f4da647409e1119ae9a6f0b2ce6,5,1,True
train-0401-read_locate,read_locate,train-router-window-budget,d731c40fae5c9e7e774b4b426c45fb98e3b4d69750734d7f4cde8cdfd4990d16,3,0,True
train-0402-config_change,config_change,train-profile-cache-json,03d447cfa37884bbc1bee4bcb0894eb055b283ae592ac78a63cf94caa810695f,3,0,True
train-0403-function_fix,function_fix,train-half-open-booking,58d7e613e6979a3156c451dc9bc41e79a28fd8e6fe218655caa347530a3858d1,4,0,True
train-0404-multi_file,multi_file,train-metrics-contract-migration,3a8434b5230b89fb315e59b553e3edbe6cf1d9a464127fe564ea5a4ac03efdc2,7,0,True
train-0405-failure_recovery,failure_recovery,train-slug-whitespace-regression,6d9c4f917b128ce0e2383af98264ce2f69e29e5439991c6207d5bbeaca1884ee,4,1,True
train-0406-missing_information,missing_information,train-unset-upload-timeout,a3c48cc9ea70f324ecf67c96c8a1f17e9ea15541417272cbb0da95dcee27f2af,1,0,True
train-0407-no_tool,no_tool,train-explain-request-rate,13549727c69bd720938d57c4403da90796b71eab226c6be2d42b28d0866df29d,0,0,True
train-0408-invalid_path_recovery,invalid_path_recovery,train-stale-inventory-path,0d81333d8909d4fd75e1ac2004e395a9a05f67ae25420a428073eccbda40a6bf,4,1,True
train-0409-read_locate,read_locate,train-selected-storage-registry,02ef85a5ce6dc71295aa6d00f85510b5f06835217ff9bd8cce51796e86a52ed6,3,0,True
train-0410-config_change,config_change,train-layered-environment-override,415a1607a68214adf0403e5432af77bc5e74a645d4f657f4904c8a50706db407,4,0,True
train-0411-function_fix,function_fix,train-last-occurrence-order,8b13d88bc82c59cceaf091cd9942aa20080b34f388b6df562b470ffefe8b2942,4,0,True
train-0412-multi_file,multi_file,train-duration-unit-migration,a83f2982c56c4318a1ff70213339dee349c1dc6154a1366db5e3c71029d87583,7,0,True
train-0413-failure_recovery,failure_recovery,train-moved-module-import,7bbd36107cd15079b17efffabf0798d3efb1c4cd2e2d336cb6930774d63df070,5,1,True
train-0414-missing_information,missing_information,train-unspecified-schedule-zone,4fbdfed578b13142f0573ee1cd393c26ecf393c6b4d40d5a61585f4471c12dd7,1,0,True
train-0415-no_tool,no_tool,train-given-rate-budget-calculation,79103a73edc968a9997f59f659c6d8e143311993fea964d16a1c2f3021b64ecb,0,0,True
train-0416-invalid_path_recovery,invalid_path_recovery,train-current-stock-active-join,3e06754f3974fe7af3ff28e154d24cf9dcab38327ec18b5f747b65cb8e6e1195,5,1,True
train-0417-read_locate,read_locate,train-router-window-budget,13ad1f5f242fe6acd80388e5fdd29f1b34cfd7b93ee1b0898c167e54103baf49,3,0,True
train-0418-config_change,config_change,train-profile-cache-json,02cd7d24d1f36335f1d263be0b2369b5da28cce69bc1a35dfdbd0217c0f010ec,3,0,True
train-0419-function_fix,function_fix,train-half-open-booking,7870bd05d82aafa8abcf77238433b22f229c3bce14ffc3bcce1d383cdcc991b3,4,0,True
train-0420-multi_file,multi_file,train-metrics-contract-migration,27b90f6f801fd6af33ec16745676eb4352678e2882a7ba5a64bb5b0f47eb838c,7,0,True
train-0421-failure_recovery,failure_recovery,train-slug-whitespace-regression,a53a4cdba0d0ae0c864342ef59823e674c9d1a25d3388aa20aeff1624e7f7c70,4,1,True
train-0422-missing_information,missing_information,train-unset-upload-timeout,127991a16f306274f6698c2592b9eb2878f1e41d22f6cdd5d749656a4a1ffc0c,1,0,True
train-0423-no_tool,no_tool,train-explain-request-rate,86740fbea24941a6fee5673c3f677a8b7127fdfd00ec9e025281df4e842378e7,0,0,True
train-0424-invalid_path_recovery,invalid_path_recovery,train-stale-inventory-path,4c603cdfd56371e7a0285bcf12317a4aabb3d6feae74bddce6addba42b02151d,4,1,True
train-0425-read_locate,read_locate,train-selected-storage-registry,6a8b91205642fc9bf3914c31e6364eaf01749b43ffdfc18fe937ee156a296579,3,0,True
train-0426-config_change,config_change,train-layered-environment-override,cb4f60a1e3e12edf7af6b44486fc463206b9918dd24787f782a49ba0df3264b0,4,0,True
train-0427-function_fix,function_fix,train-last-occurrence-order,d1926d1788483f29b491988d07d9fc5e598740ea7f770024e56ede6d0932c9b2,4,0,True
train-0428-multi_file,multi_file,train-duration-unit-migration,aebd7cace6f3a4a032e81a783bb79202adbf7f403b8d97e6807beed84a479be4,7,0,True
train-0429-failure_recovery,failure_recovery,train-moved-module-import,d4b9d1cee444dcfed525b821c0611d63e2ba1888b13ba1f7bfc269a6a32bb815,5,1,True
train-0430-missing_information,missing_information,train-unspecified-schedule-zone,d7d32189238241d453892f93f4daaba4ce5168497887f71ad20eca15b68e3dfa,1,0,True
train-0431-no_tool,no_tool,train-given-rate-budget-calculation,9825789b14043b7ccc2c23d7964b230983b4b1412b93cc38ed3d8ff956f6805c,0,0,True
train-0432-invalid_path_recovery,invalid_path_recovery,train-current-stock-active-join,a99269b4ccbdd05334723284544c2f67fa41452e0d8573aa94fc043f5e48c741,5,1,True
train-0433-read_locate,read_locate,train-router-window-budget,d052aaea34e5ed97a0587d74fe9723bad8458d1e210923b6fdcdeeebb22989a7,3,0,True
train-0434-config_change,config_change,train-profile-cache-json,bf7526a67cfe41dd83bab2b2affc0b0149e735fe321310c523d813dab9c40b6d,3,0,True
train-0435-function_fix,function_fix,train-half-open-booking,931c67d0411b95ea0ce9e47f26d26fffbfb8ab0aec412c7cda6a284705c84331,4,0,True
train-0436-multi_file,multi_file,train-metrics-contract-migration,ffa482b17fecb0e2b6162af6fe0a1b1dba3923638743d4e1b9dd3ab12c899bca,7,0,True
train-0437-failure_recovery,failure_recovery,train-slug-whitespace-regression,4ceee5a3e1838b6aa4555050b11399e197cc5c26a29659d4e361ef746aac553b,4,1,True
train-0438-missing_information,missing_information,train-unset-upload-timeout,4d343684d27ca3a50677833d1f97b0c74d91296fa5ce80e051c69c1b839eb198,1,0,True
train-0439-no_tool,no_tool,train-explain-request-rate,09d2a0106206445122ce6ae3cdaf1602678f16bcdd6d9326794fadb497d2da28,0,0,True
train-0440-invalid_path_recovery,invalid_path_recovery,train-stale-inventory-path,0adbfb358b8655ffc55a58e96bb10358956b0f0523ef2560e05c2d44de0a9eb8,4,1,True
train-0441-read_locate,read_locate,train-selected-storage-registry,788dde5277522fb11a9d07a1b17cd87b9eb06e0c5a35497a9dcec9a465daad78,3,0,True
train-0442-config_change,config_change,train-layered-environment-override,d0b0bd778ed922daf561d2563c711f40bc442f7240b147a32feb0c3805d8b9e3,4,0,True
train-0443-function_fix,function_fix,train-last-occurrence-order,03adb5f6827a97cd1f9d3c5b636cc8b2d6bd641d62bfb8a397311acbd07f9903,4,0,True
train-0444-multi_file,multi_file,train-duration-unit-migration,7dce1183b231654061fbdcc77e4e66ad8ded03f206a2d232467f650f1b484605,7,0,True
train-0445-failure_recovery,failure_recovery,train-moved-module-import,0b9d8e8a6a14ac3b07e400cfb2450ea7fd32a031eb784ba6956b163cec5d2dee,5,1,True
train-0446-missing_information,missing_information,train-unspecified-schedule-zone,472ec29971da1535b8630b16bb41f4e8e54fd6c3a20775fecba9ff0ad92d3bf5,1,0,True
train-0447-no_tool,no_tool,train-given-rate-budget-calculation,eb3b975efe053f062c5100c5ce248fa21e631cf7da58526a9511444279239ef4,0,0,True
train-0448-invalid_path_recovery,invalid_path_recovery,train-current-stock-active-join,ced3d07b665308cfc9438a7ca8b171885e244d544afe5f9954e8d092daad3ec3,5,1,True
train-0449-read_locate,read_locate,train-router-window-budget,3528571c0a3a3d4b2b06dcac8ada67f52dde0c83d94e7af0ff5710a21078450e,3,0,True
train-0450-config_change,config_change,train-profile-cache-json,42b0319e1580821f6f1108e5dd298d774b33cb2b680e9a4bbe83ca52e808d915,3,0,True
train-0451-function_fix,function_fix,train-half-open-booking,8f940887c15906cd84bd935daf497c0bf1d5f63a4e60b3762497c6ff96325bfa,4,0,True
train-0452-multi_file,multi_file,train-metrics-contract-migration,2edb3ab9ad0b10061cc397d1c11d2bd65b8120d780d06b39d6a2974095143d16,7,0,True
train-0453-failure_recovery,failure_recovery,train-slug-whitespace-regression,9ca94de50ecefc082ce2e0640157798e152e5498495bb74fe84e90e2ed5a13d3,4,1,True
train-0454-missing_information,missing_information,train-unset-upload-timeout,d97a4f6043e1874f2d8ffeb8c6df5fa560e41a4cb148c1da30ef30faa7724268,1,0,True
train-0455-no_tool,no_tool,train-explain-request-rate,655a88fbf1256387512c053e1244d8f51e8c9de7c73f660c2779b564cbdf6a79,0,0,True
train-0456-invalid_path_recovery,invalid_path_recovery,train-stale-inventory-path,4c0e6ffaabc9f5b6449c8def923702daf9e90c02852d3b48f53dd414b56cfdd6,4,1,True
train-0457-read_locate,read_locate,train-selected-storage-registry,0893c38f3aca6d779f68f62dacb91b6d6ca2be4a098c96d94911be9ab03c01d8,3,0,True
train-0458-config_change,config_change,train-layered-environment-override,a8788b9e5ec23e9b9e17be76beb3a720bcee1ef74069a34ad7e148a7279f05dd,4,0,True
train-0459-function_fix,function_fix,train-last-occurrence-order,b7f3f8da5b4d5f6ea9b59af0bf8cbfbd3c00d2f0e52d91d22b39f67f7768fedf,4,0,True
train-0460-multi_file,multi_file,train-duration-unit-migration,a7e880d993260d34a6cbf63d83d294615330e00e6f737c2ebbf1a64f9123ca74,7,0,True
train-0461-failure_recovery,failure_recovery,train-moved-module-import,523fe5237c28afb806aea29f4749c332c2824ea2c4c0944398cf8cdbe77f1766,5,1,True
train-0462-missing_information,missing_information,train-unspecified-schedule-zone,c7ca0524a72646aa659668a08c65f579fdddf3c6f9a696088991842c5e4acdf6,1,0,True
train-0463-no_tool,no_tool,train-given-rate-budget-calculation,d09511da7c18f0e8cdb43110f50b0c4bd3e861a0ff76f54b0bcdb129229f38d8,0,0,True
train-0464-invalid_path_recovery,invalid_path_recovery,train-current-stock-active-join,34587c170ea04d225630c106d7efa1ebf562e5fd3540f505ffe93cd1bfe6bbf9,5,1,True
train-0465-read_locate,read_locate,train-router-window-budget,a25d53a694df6d8e87af0d903012db290672ca577e3cb14c66b8a6c9020d14ed,3,0,True
train-0466-config_change,config_change,train-profile-cache-json,a8aeb5d13cb8bbc1e75ba006aa19d9680cbd4990b719d2e14e83d47748bcfa64,3,0,True
train-0467-function_fix,function_fix,train-half-open-booking,95d2070d5470ebfc6476b47a2d9a3e9e3efc6be3dd6562e6bb37e3687759df41,4,0,True
train-0468-multi_file,multi_file,train-metrics-contract-migration,d74bb20effec6b552d4f45664711af81b5aef11cb05f74d451c964b78330377d,7,0,True
train-0469-failure_recovery,failure_recovery,train-slug-whitespace-regression,29d6d79efb818bd9fcb332132da2e8b2cb99bc5fb158c047b36c9fb9c37033f2,4,1,True
train-0470-missing_information,missing_information,train-unset-upload-timeout,a7fc35a7fd4135065d54beb6441eedb8526fdabeed537260b07dabb5d33f4649,1,0,True
train-0471-no_tool,no_tool,train-explain-request-rate,56270fdac72c366f2052e6ea1d5d32efd768be67426d582b47a3999c187d50c7,0,0,True
train-0472-invalid_path_recovery,invalid_path_recovery,train-stale-inventory-path,a040a79ed6effc0aa910e057a5dfdde99dd27d5c47fd0a1f17601bec0659b5c5,4,1,True
train-0473-read_locate,read_locate,train-selected-storage-registry,5cc3392f4f22f3dc0e26096c3d87b7d39c870695da0d35b4de73a9c2e1c316a2,3,0,True
train-0474-config_change,config_change,train-layered-environment-override,eff6232e5ecaab4db89ffbfab5d5fffb249d206bab8e571f04a04cee6e70baec,4,0,True
train-0475-function_fix,function_fix,train-last-occurrence-order,580d1761c5f06592d232f4f3255c2189b53ed4a8ca096abab946604dd82a8e32,4,0,True
train-0476-multi_file,multi_file,train-duration-unit-migration,064162108f5cad1e6dfad48dfb3157b1b920e694463ff03ed85e5cdd67f794d5,7,0,True
train-0477-failure_recovery,failure_recovery,train-moved-module-import,cb00b89a47de3e44880d0411e8dc7bc0af938389f84bb53aad011a96705d1bd8,5,1,True
train-0478-missing_information,missing_information,train-unspecified-schedule-zone,56808ff3a9f121656f449d644e16a9c9361aa532bc86f2540a635866dc4920e2,1,0,True
train-0479-no_tool,no_tool,train-given-rate-budget-calculation,3d0832aac5decefbf0cab44433eb7d4e7d191de4d4dbfdf296f2713d40475c86,0,0,True
train-0480-invalid_path_recovery,invalid_path_recovery,train-current-stock-active-join,1ea7e7dbb4617c9e58df73a84943e155318579476fce1a31e541b15e242c04e6,5,1,True
train-0481-read_locate,read_locate,train-router-window-budget,b41467c704285ae786d965502e105515f16bc1d7e0c4a806a9fd3ee34912f983,3,0,True
train-0482-config_change,config_change,train-profile-cache-json,1b1a6b36fbeea3eb0e8670806a82307c5bb9d743fcdf0f82ccf64b0dcd90c120,3,0,True
train-0483-function_fix,function_fix,train-half-open-booking,0fa80e2864dcb40ee892bcb2fd4f49a8a3f0d5f381221ac58da772f8d8eb39f1,4,0,True
train-0484-multi_file,multi_file,train-metrics-contract-migration,e3bb6973a242da8e462fbdbcbe3130f96b661b24b459a69c3fda81040c4d912b,7,0,True
train-0485-failure_recovery,failure_recovery,train-slug-whitespace-regression,65a7c80e047b827c1fa885d8980932343c97c801ef5e4f2e9097506a82299f6a,4,1,True
train-0486-missing_information,missing_information,train-unset-upload-timeout,320c36e799ca91170effab9ca9b6cdee9c5c1af0eee844f2c1483024a3bdce22,1,0,True
train-0487-no_tool,no_tool,train-explain-request-rate,e296d19820335dd24960dee5836e6d61ccf59367adbc2aa7eec010aeb7fae21e,0,0,True
train-0488-invalid_path_recovery,invalid_path_recovery,train-stale-inventory-path,4eab6cd0bd385a88c35babb01fc8bb29c9e60b308948c0c6d9533d0bb4773bbf,4,1,True
train-0489-read_locate,read_locate,train-selected-storage-registry,8e49f738e7a1137f58bce03877e3cb3a166284cd3b0e4d881befdd9e5f4f112e,3,0,True
train-0490-config_change,config_change,train-layered-environment-override,348d595de9ad748fcdbc6c985dbdfa78d191480390bdfe6801e62be4d70f6839,4,0,True
train-0491-function_fix,function_fix,train-last-occurrence-order,827e7c908fec369ed6ed8ecd4e75d281023fdf7ebe39ec9a1e79ecf15c3d4f05,4,0,True
train-0492-multi_file,multi_file,train-duration-unit-migration,20353b97d49878f8feed34ffe6d02f2400be85c674de0409b624f56eaac1795c,7,0,True
train-0493-failure_recovery,failure_recovery,train-moved-module-import,a9e1a863003c870a3f2ca7d3d1c79c8273ba6fd8c667982382f557d15fdad7c6,5,1,True
train-0494-missing_information,missing_information,train-unspecified-schedule-zone,15e311da041e1f1b8e4d89c9d0bf5e861643332e812ce322a4f331f9e881dd14,1,0,True
train-0495-no_tool,no_tool,train-given-rate-budget-calculation,1e7ef28de0324a84e6ac1e1800d522b4f5c6e32a7d7dbd17b2e644e20c83e86c,0,0,True
train-0496-invalid_path_recovery,invalid_path_recovery,train-current-stock-active-join,503d9e50adec8e7f29ede56267d3d853f38a1620bda3a8a869b92f46a65f7c1a,5,1,True
train-0497-read_locate,read_locate,train-router-window-budget,1394573463316bc09fe022aced7a26edc04f8ba363de4bb5224dcb1eccd3d9ca,3,0,True
train-0498-config_change,config_change,train-profile-cache-json,612311b6beb8b84a1547493ee96a007a7772dc149580a230dcafd4924e71abdc,3,0,True
train-0499-function_fix,function_fix,train-half-open-booking,98566395d7ab0b482c4c0ed87a1cc87d0b5af918260c0fc7e5182daf653c9c3b,4,0,True
train-0500-multi_file,multi_file,train-metrics-contract-migration,06659efeb6c8bd4a70edac5b8c01529dc87261964c594f80f4e60b968e96d2b8,7,0,True
train-0501-failure_recovery,failure_recovery,train-slug-whitespace-regression,cb92be198974cda8891d7a82c5985c90ebcf9a41f2aaada288739e2a7bce7374,4,1,True
train-0502-missing_information,missing_information,train-unset-upload-timeout,6e6e6bf5ae38227ffeaf769fa32cd45f435c3e9702f5625e652786746348068e,1,0,True
train-0503-no_tool,no_tool,train-explain-request-rate,33a205b11550cf63f376184f94f2dc2f6f9654de04247a204cb98309d703b7d2,0,0,True
train-0504-invalid_path_recovery,invalid_path_recovery,train-stale-inventory-path,bc5bc74f43bb687f83a48a18e22c345f5df9d609cc3a10cd70a1d9c6ec04f39b,4,1,True
train-0505-read_locate,read_locate,train-selected-storage-registry,c0b8d9995170ce44e209b6fb477729f6e90ee1cf77de7cda14eb0c5fd25e494d,3,0,True
train-0506-config_change,config_change,train-layered-environment-override,f3ec24502710bdb2567b9b5251da70bc99162ce2e96bca45f800a7c2a88ff8f7,4,0,True
train-0507-function_fix,function_fix,train-last-occurrence-order,970de5e2026c437de0f427f4b74641795633e3b81a869a58af5d4a85a1605872,4,0,True
train-0508-multi_file,multi_file,train-duration-unit-migration,39692d9e67ffa14ea39790da8d92c02dd80a2f40269c027eac79488d3a6087d3,7,0,True
train-0509-failure_recovery,failure_recovery,train-moved-module-import,3fc6baf8d2a6f9366f9208cee59f9a9cdaaa6985dc463903e95f51c141d0ec88,5,1,True
train-0510-missing_information,missing_information,train-unspecified-schedule-zone,32f053b7d286661555d423eb3a20ecb457a259ed3c000929bc7ec4b334b91bc8,1,0,True
train-0511-no_tool,no_tool,train-given-rate-budget-calculation,948f9348fc75beeab14b5a4fbf8c78a65c4202407fba491befe3702e01f3631f,0,0,True
train-0512-invalid_path_recovery,invalid_path_recovery,train-current-stock-active-join,aa47697f9d61013d7ec4fa118b842929255227275760fc7afea563a093647de4,5,1,True
train-0513-read_locate,read_locate,train-router-window-budget,dc2e289044e8c475de50f2c95ba389e434d61825d27f0f25eb7ff300d62cad2c,3,0,True
train-0514-config_change,config_change,train-profile-cache-json,06f209dc1f5eb533f020840802ccb2fd9d34d26be5d259e85ce6ca6ef1e12395,3,0,True
train-0515-function_fix,function_fix,train-half-open-booking,c1d3b2f2a609da4ea77983a194f80f0f1df5d907a0ddc02a5ceba3cf427c0c7d,4,0,True
train-0516-multi_file,multi_file,train-metrics-contract-migration,b91a73cbde4b17983524bc509ee8370ced7154f060c3ea5de44ab3a213e7b686,7,0,True
train-0517-failure_recovery,failure_recovery,train-slug-whitespace-regression,7e2f3720ee30fe00576351dd6a25d9818c079018ae6b1326556f160152f7c1dd,4,1,True
train-0518-missing_information,missing_information,train-unset-upload-timeout,955980859317f78fd7789c5ee6669f0110cd96e7d6fc2e1c1e169cbce73a35a1,1,0,True
train-0519-no_tool,no_tool,train-explain-request-rate,821675e0eb1879ba8d3121577fb86d9e056ee0caa206d2dffb4ddedd0131d872,0,0,True
train-0520-invalid_path_recovery,invalid_path_recovery,train-stale-inventory-path,5dab5211f17aae0ff9c0527e09afff54e03285fd3208d45fbb6aac3b781f283d,4,1,True
train-0521-read_locate,read_locate,train-selected-storage-registry,999739797a59b79b909b5fec58761fca47ee8ea15925be28439d107f1a71b99f,3,0,True
train-0522-config_change,config_change,train-layered-environment-override,8422a746e145de3d0216491d008564ba05f35d17729ea2e787e8da446c3cff19,4,0,True
train-0523-function_fix,function_fix,train-last-occurrence-order,8ad79126e85fad7cc7b7ea1b69b79e10175c0f1ef0ef04f75ccafff8530f584f,4,0,True
train-0524-multi_file,multi_file,train-duration-unit-migration,1d62ba5adae7cc6dbb87db78ed5ac37ad1228779eeee61db4d4e5340993d3fd3,7,0,True
train-0525-failure_recovery,failure_recovery,train-moved-module-import,94e787bbb8e88813c25756b27acdb8d6a69822a5a89c2dba61d10fee91ea0abc,5,1,True
train-0526-missing_information,missing_information,train-unspecified-schedule-zone,e94bd79398fd225b20ba12c7cbd83d3e234b842a04745221779205acc3d8b428,1,0,True
train-0527-no_tool,no_tool,train-given-rate-budget-calculation,13befb28add67462aa47d42310a1e00970428a4cef977fcd894ba331cd98770b,0,0,True
train-0528-invalid_path_recovery,invalid_path_recovery,train-current-stock-active-join,e00e45548819bc4286a650aafd78560f07a141f1f2a7f00a562c1c32d4f2ece8,5,1,True
train-0529-read_locate,read_locate,train-router-window-budget,4e6e5614c4f414538b50d63bebe1532d161dc65378ef66c579df1dfaf4e2ba67,3,0,True
train-0530-config_change,config_change,train-profile-cache-json,b8dda456ca577125f3b12b96d64f3ac7c8c32e5cc06ed7ea4befefa5fcbb4afe,3,0,True
train-0531-function_fix,function_fix,train-half-open-booking,fab3fc2c4964a5fcf47b3024c41e72aa689642205e8575f46ae50c7e8e5dfaf6,4,0,True
train-0532-multi_file,multi_file,train-metrics-contract-migration,dec90754c4ee28231fc0f87c4913d75559f351d7f78fa5dcfd7e2752bafbeb12,7,0,True
train-0533-failure_recovery,failure_recovery,train-slug-whitespace-regression,22abce44d4131d3e38d0505bcb2879cff3679abcf564d9945179085945cc381d,4,1,True
train-0534-missing_information,missing_information,train-unset-upload-timeout,a7f3d3d7997882067f9998b7e288ebb24aa4f83d63ddffb024a16a0e7ec617b0,1,0,True
train-0535-no_tool,no_tool,train-explain-request-rate,110799e4fb329fb1698b2b8d2b8cbf608af5b6b4f920c8908b8a3c25235f2229,0,0,True
train-0536-invalid_path_recovery,invalid_path_recovery,train-stale-inventory-path,dadcfe704435d53637440e0cfe4f15fd79a908854341f2b743c69145b12ad65e,4,1,True
train-0537-read_locate,read_locate,train-selected-storage-registry,21ed554606209762149ba1eb3d2d01a24bcf261cb94ca3ba619a240be2ebed80,3,0,True
train-0538-config_change,config_change,train-layered-environment-override,19c7c32fac9c3e02d7384c356a4f76f9db62f5edfb42d70264fdde470c55c0dd,4,0,True
train-0539-function_fix,function_fix,train-last-occurrence-order,b36baf2dcedd4825cfbad32c6e9d12b7228c16b2a8b7d699a355f0303ac67ccc,4,0,True
train-0540-multi_file,multi_file,train-duration-unit-migration,f9f4002430ee58ca9ab6f565f6de56ebac924d014097b38686175448e5cc032d,7,0,True
train-0541-failure_recovery,failure_recovery,train-moved-module-import,8c0a0e6073357761e0c6f6134317d5acbe0c2913265a539140f3f5777f128eb7,5,1,True
train-0542-missing_information,missing_information,train-unspecified-schedule-zone,485642063e57b999b3c245c3e695525387c3d1a1fbc93cec46eed1f2dd778053,1,0,True
train-0543-no_tool,no_tool,train-given-rate-budget-calculation,5fc08efe5ceded261aa4fa15f4b01dcc166bdb1564892259839374dc90b8c3f6,0,0,True
train-0544-invalid_path_recovery,invalid_path_recovery,train-current-stock-active-join,1ab56e9b3f72f79df9684daa0dcad7f703563311e0262c403de33cc448a0a666,5,1,True
train-0545-read_locate,read_locate,train-router-window-budget,be581771908b6aaf53c1ef68e14739811a65094b38a276a254bca11bf0306c56,3,0,True
train-0546-config_change,config_change,train-profile-cache-json,993ba0c2275778879ef5c1e15124ece3126fd22c39d206f0f7338c3be28513cd,3,0,True
train-0547-function_fix,function_fix,train-half-open-booking,258da089d7ca15dc0c7bcd706590a5fa73d5b1469b25d3f20ce0938d0971b7a2,4,0,True
train-0548-multi_file,multi_file,train-metrics-contract-migration,5d8b0cff08bd6ba08608eb462fb411c8c4796ef56a7bfa269f8cf7d2517d61db,7,0,True
train-0549-failure_recovery,failure_recovery,train-slug-whitespace-regression,e2caa35fcf2a719e65d2019830c7be921b50f84c299d3ce2a58ab5811e4d476a,4,1,True
train-0550-missing_information,missing_information,train-unset-upload-timeout,84c34810ff9c6c94cd720d05c46227013925a8f8624800e293d0a5e8e64dc0a0,1,0,True
train-0551-no_tool,no_tool,train-explain-request-rate,b75fea2b0259f8a21453a1f10318b86711d994fd9b3df953426f3ac85d002fa0,0,0,True
train-0552-invalid_path_recovery,invalid_path_recovery,train-stale-inventory-path,ce98007d6733274b2ef8f71b69d7b4e587b2b4269253691f65224bf5516a9721,4,1,True
train-0553-read_locate,read_locate,train-selected-storage-registry,46dbfcaff04d23fec15c7a77e5259dde007532a5fd1253b06cabcac740017875,3,0,True
train-0554-config_change,config_change,train-layered-environment-override,5b428ecc89c2304d85f7bb155d1fcaeeab79515ef825e3e27a622b405befdf7a,4,0,True
train-0555-function_fix,function_fix,train-last-occurrence-order,7f1a6d8a87daf263cf1191d9b7e6afae0d8210d244949be19419b9b13226c275,4,0,True
train-0556-multi_file,multi_file,train-duration-unit-migration,7a96dd1f8a6154c77d780ab24a7372a4434958fb82388475b801a5f488149423,7,0,True
train-0557-failure_recovery,failure_recovery,train-moved-module-import,704ff111ac1575b4a0cab20c30c6ac0313e5ddaa636fd5c6b74482ab306bacdd,5,1,True
train-0558-missing_information,missing_information,train-unspecified-schedule-zone,f65ec0118815951f70c9cb1dc944e2c8ae383dd04794c4632da260dc0ac01659,1,0,True
train-0559-no_tool,no_tool,train-given-rate-budget-calculation,41ab1e92c7be268ff7dc277ddd73cc91f35ec159b5edb1644cd4d4e808370bf5,0,0,True
train-0560-invalid_path_recovery,invalid_path_recovery,train-current-stock-active-join,363e5b0f6c427ac64bd493e35d1ab6915c2192dfbd2a304c46ac4e8dedd6f31e,5,1,True
train-0561-read_locate,read_locate,train-router-window-budget,4d45edf9f272deef38d9df31af69d7f9a71b0791f6d35965af7595fd33bdda9c,3,0,True
train-0562-config_change,config_change,train-profile-cache-json,f0192ba316cbcbd387b792e3be27796a1cae306a3c1ebc892df8fb8a01b1a474,3,0,True
train-0563-function_fix,function_fix,train-half-open-booking,6f99f3354a8a6e67bd50452ffedf8f415e9e18c6f4c59dafee49ba6b947ab3ed,4,0,True
train-0564-multi_file,multi_file,train-metrics-contract-migration,f716a5633977c1ac147a08e4e408e881ded2dc3dbc66f0f1195258d6f3874d96,7,0,True
train-0565-failure_recovery,failure_recovery,train-slug-whitespace-regression,a70aad9aad904dddd9ed4f3af5d1ac4d747adea58d81a9a42cf862de170e4c30,4,1,True
train-0566-missing_information,missing_information,train-unset-upload-timeout,01badb13286a7528362cebafaa7253641eac88679f7ed897214a0eb645c90c69,1,0,True
train-0567-no_tool,no_tool,train-explain-request-rate,31f5c4fc17e5520a24dd0831d55a07d6bd7da8d8aa18f71daa037183fd13d634,0,0,True
train-0568-invalid_path_recovery,invalid_path_recovery,train-stale-inventory-path,6231fc6480b6fd07b0c57f00918773e01961e9e51d91c701ddc8157d79a27d6a,4,1,True
train-0569-read_locate,read_locate,train-selected-storage-registry,65df2b098d0951d933aef621fb597500f2d2b0af20696ce007fc73cb09122076,3,0,True
train-0570-config_change,config_change,train-layered-environment-override,cae572806ab699a535dab50247c6a6b972f6ed3ccc215dc075d7da3c66c8ba37,4,0,True
train-0571-function_fix,function_fix,train-last-occurrence-order,8b9408c2932812cb03f1a264496a12e87e476e85daf1bf127be28902ef3ffb5c,4,0,True
train-0572-multi_file,multi_file,train-duration-unit-migration,654cbc19b7fa63ed08d31d3ee00fad10c3c4ac65d71e9950fb658283582e7c3a,7,0,True
train-0573-failure_recovery,failure_recovery,train-moved-module-import,4bcf5a6f876adb6a900ccac269f1a85ba1ceb77fb71aa37f9cc17a06be4599bc,5,1,True
train-0574-missing_information,missing_information,train-unspecified-schedule-zone,f63f93771948e2073048208edf29ad72dc48eb082264c28cda0f37eb6e7ae1ae,1,0,True
train-0575-no_tool,no_tool,train-given-rate-budget-calculation,f839f59c7360e008fe5df66b3fb6acf922c6fdae4b52b7e2919dc86e973afc7c,0,0,True
train-0576-invalid_path_recovery,invalid_path_recovery,train-current-stock-active-join,6fe0a23a013ec36db22cc8e4f3c16b448d43603d9a2bfb6fbb5aeae99113789d,5,1,True
train-0577-read_locate,read_locate,train-router-window-budget,a166b52f07a4591588e90223a41f81e9834f413df95db2f255b31da6bcecb6c9,3,0,True
train-0578-config_change,config_change,train-profile-cache-json,d6f700e77c5af4bdef76f33c72aeef6828b3c1df55c727be4bc12ac42af688d2,3,0,True
train-0579-function_fix,function_fix,train-half-open-booking,8d7aa2efcd00a3a2fa4e64505dceb62aed869a661c0f6ad46a10c2cef957f268,4,0,True
train-0580-multi_file,multi_file,train-metrics-contract-migration,10a5be7aa400b228af7632b023794ff23d5b095aba9d615d672d0c124daa63cf,7,0,True
train-0581-failure_recovery,failure_recovery,train-slug-whitespace-regression,216705266b4654851521cc7570f3233e88ae930dc4797cb5438622689d8b8d9b,4,1,True
train-0582-missing_information,missing_information,train-unset-upload-timeout,2c007e3c5f796928c39b656120a4329a006a8affa7072624c1789c54b1274d91,1,0,True
train-0583-no_tool,no_tool,train-explain-request-rate,454f34807604110886628f5d173a5b768e6effb41fa55357d3f957a5cb82832d,0,0,True
train-0584-invalid_path_recovery,invalid_path_recovery,train-stale-inventory-path,f9f747b16241e4e5764fa78369b9546027a325661d7dcbc663c026164319d9e0,4,1,True
train-0585-read_locate,read_locate,train-selected-storage-registry,6000aaf21c535a6b5f037d77011f2ebe5609ea135d152bb9b127784a8ce4a2ba,3,0,True
train-0586-config_change,config_change,train-layered-environment-override,8792f4bb29ca24108c9d5adbaee4d83ee54be66a996adc9bf8a5d6c1ebb4637c,4,0,True
train-0587-function_fix,function_fix,train-last-occurrence-order,4c031168c6e459cee75388fd87fdb6848ba68f6e11b2961987a4f6be73c4dfa5,4,0,True
train-0588-multi_file,multi_file,train-duration-unit-migration,7c177eec54045ff30346b57bad0cbfcdd2a89448d00ebd2a71204deea2f69ff9,7,0,True
train-0589-failure_recovery,failure_recovery,train-moved-module-import,7ffec4c109441f637be916e2a05ffcb58f1ee51c6efdabf90313a1691a0319d0,5,1,True
train-0590-missing_information,missing_information,train-unspecified-schedule-zone,a10899407fa7548ac13f4715b415cc8f227a713592f7abe27a920fc733fece53,1,0,True
train-0591-no_tool,no_tool,train-given-rate-budget-calculation,3668bc14be4ace9fc4545a5c6a8fb8322d99ff62bacf23125c947881ab0172e7,0,0,True
train-0592-invalid_path_recovery,invalid_path_recovery,train-current-stock-active-join,ee59759b135bf8a53b845f11f676838e30f73df13abf3d248e1fb2fe2013ff36,5,1,True
train-0593-read_locate,read_locate,train-router-window-budget,fc117c8376f732601b3b550f808dbd3af0acaba5a28d4e9f95fd591cae92e166,3,0,True
train-0594-config_change,config_change,train-profile-cache-json,4e86d6c8d60615fd4e11a7a8aab37182555a7770fb4e50e841c71e5bd4536667,3,0,True
train-0595-function_fix,function_fix,train-half-open-booking,704eac8d5f2a49e87b5bf4c3442abe63c07da9ff195f99965fd972c0feb12f7d,4,0,True
train-0596-multi_file,multi_file,train-metrics-contract-migration,dfabec45f14fe3f30ea4e6e150c020990aacda956c650f48e06a92d054c081a7,7,0,True
train-0597-failure_recovery,failure_recovery,train-slug-whitespace-regression,180238c2cc52d14980a9163be7e7688f901243d92e688acdef9cfbf2d811f511,4,1,True
train-0598-missing_information,missing_information,train-unset-upload-timeout,4c4fcb409d573818c39c03aedfcdf297c7baad532168d725e708cbbc3f71469e,1,0,True
train-0599-no_tool,no_tool,train-explain-request-rate,92b7a6c24f79101b389a1eeeb02868be1489d5d5a8eb379d95fcaaa3a84ed59e,0,0,True
train-0600-invalid_path_recovery,invalid_path_recovery,train-stale-inventory-path,ef82b5d2ee77b3675902459de3f2af0d8e8df6dc1643ee82c269eb16a33bd850,4,1,True
train-0601-read_locate,read_locate,train-selected-storage-registry,036d27d89fffa2585af7b4cd43e50cc92bc4d57c790c997b0c9d2dff79505f15,3,0,True
train-0602-config_change,config_change,train-layered-environment-override,39cb95716b9af4dcb2cbbfcd75b0da95d0c064c1f3ae5d8e12359ff119779efd,4,0,True
train-0603-function_fix,function_fix,train-last-occurrence-order,69996b5b3015d1a56bea080a9cfaee711b2c6e910d4db5cea2cb67168e9292d0,4,0,True
train-0604-multi_file,multi_file,train-duration-unit-migration,c981592c8311d98f3229b49476dce194b60f689a8242d202fcf1bf394d4a3b18,7,0,True
train-0605-failure_recovery,failure_recovery,train-moved-module-import,766078dd503b8c5ee13187a7afd7a44d8c508d2144674ca0636853b390440967,5,1,True
train-0606-missing_information,missing_information,train-unspecified-schedule-zone,7164cb5e95aa5afe03da4c36f53c59dc7610eaaeaaab2b0cc842e51876ad6692,1,0,True
train-0607-no_tool,no_tool,train-given-rate-budget-calculation,ba7b9c0e046c7ea42475602a721aa258afd65e191061ae93e1cfba2c4db614f1,0,0,True
train-0608-invalid_path_recovery,invalid_path_recovery,train-current-stock-active-join,b653af02e374d1bba363e3c2937bd8d74c78e85c8bb86eb6a9ffc4d78218f564,5,1,True
train-0609-read_locate,read_locate,train-router-window-budget,0cc620eb8e7265effd173f68bb3d811384d2bc11e6eb76c427a23da0930a43ff,3,0,True
train-0610-config_change,config_change,train-profile-cache-json,06da1380470fe7c2e8db1166cd0723ac7493f0f7fd4aa68d6979c0cb4bc3bb79,3,0,True
train-0611-function_fix,function_fix,train-half-open-booking,83aa6dec8c90d5d89e5ae71ceda1e6d070e447093a40305fcc45d028df72e2e2,4,0,True
train-0612-multi_file,multi_file,train-metrics-contract-migration,13c5f6bdb06c95527afd12dbb4467fd3f7be8a415eae29d915f34a65eaae608b,7,0,True
train-0613-failure_recovery,failure_recovery,train-slug-whitespace-regression,ca8160b8436a50f3c270d655bc9a6b8adc95a442eded7cedffcff5ff9908160e,4,1,True
train-0614-missing_information,missing_information,train-unset-upload-timeout,21d9e18bb2ba0de22046be12dd6d4ae6ecf815a6194498fc3c40a57e8b3a91f2,1,0,True
train-0615-no_tool,no_tool,train-explain-request-rate,f2b1f1947e97679ddd9617548e725a7dd75160eaff0538a35bf87dbea7120314,0,0,True
train-0616-invalid_path_recovery,invalid_path_recovery,train-stale-inventory-path,bc69d254de077509ee668885dcfb2af680a5c1259cf82d0c4ba0a84ade76b3c5,4,1,True
train-0617-read_locate,read_locate,train-selected-storage-registry,1dbeff6dc71fa106d26e8a1fe74aff6c589593dda0ed55dde3ca38dfe822ffef,3,0,True
train-0618-config_change,config_change,train-layered-environment-override,d8bf621f6f5137408892189cf7245c8492e0d2ee27b950f03e8bc19afddfe094,4,0,True
train-0619-function_fix,function_fix,train-last-occurrence-order,a4a4c5cdcbf31c9dc93bddf82ef6c90fd55f7d56014b4158d58be93f48853bee,4,0,True
train-0620-multi_file,multi_file,train-duration-unit-migration,933e94f36d73c18f2a84bbb7457276b80a02fc2a0eb54b1b08619069faf0ca0f,7,0,True
train-0621-failure_recovery,failure_recovery,train-moved-module-import,61b83ad54ebc9b4721cd6c5e6da926e4d4962b58e4c992394b20a1152cfdf623,5,1,True
train-0622-missing_information,missing_information,train-unspecified-schedule-zone,da82bfbafb9b7ade5f6664a9b85b0aedca5445ae8562a52ff8a4cf611252ccf4,1,0,True
train-0623-no_tool,no_tool,train-given-rate-budget-calculation,f548aa35d5caa956377a6b4f38bdebe441532086e7223d353a8dd9a39c4354cd,0,0,True
train-0624-invalid_path_recovery,invalid_path_recovery,train-current-stock-active-join,944e71ef275417dfeb6b873e1eeb7009a6aea338baeb5baa42057886e5f9f0a5,5,1,True
train-0625-read_locate,read_locate,train-router-window-budget,13677ee8a126946547aa10c58716f09a7d70cac68ac51de7f5a4e3ffe42a4d16,3,0,True
train-0626-config_change,config_change,train-profile-cache-json,0d8f7d76e91d6fb9fa4ecb77c1d6f3e898aa79f5b50a2d7cb00ad4c6a81c61de,3,0,True
train-0627-function_fix,function_fix,train-half-open-booking,b0453fa3a6812f8ed98ce23363886f83350e8167b70873ebc8d0794bd2983140,4,0,True
train-0628-multi_file,multi_file,train-metrics-contract-migration,463c7086a8d84ab02fbf093e6480f3890c9e82139fc6e06296dfbf451a0dfc75,7,0,True
train-0629-failure_recovery,failure_recovery,train-slug-whitespace-regression,148c28ba65a347877af5a174d528ab8a69fdf202c6afea8689fc04e6c1ef8c07,4,1,True
train-0630-missing_information,missing_information,train-unset-upload-timeout,467c2ac78a281e7a35213bd975c4b22b1941b087005990dbc5688b131a7518d3,1,0,True
train-0631-no_tool,no_tool,train-explain-request-rate,8c73c9ac88f5caac75677b00627f7d755ec1847458a03ee7321dbcfa9e06af0b,0,0,True
train-0632-invalid_path_recovery,invalid_path_recovery,train-stale-inventory-path,469f28a34ffbe517df57a2258f615b55f57f11d296b6b635dfac2244675055a2,4,1,True
train-0633-read_locate,read_locate,train-selected-storage-registry,709b649880aeb01ad7ac63cdf0e3f6cad0e2d53b9d4fbb8b0f619b42d0cb558c,3,0,True
train-0634-config_change,config_change,train-layered-environment-override,81d69352c2123c581c2128b728b9010b7eed5f8386784e7fac723819a3e3affc,4,0,True
train-0635-function_fix,function_fix,train-last-occurrence-order,d41d43e0484db6a404392a46dc8b415df2018fc1e2cd17d248db1063b0daeb48,4,0,True
train-0636-multi_file,multi_file,train-duration-unit-migration,737352d496db98216314f54150dcbfa04dcae1faa4025f9d252fa4f1812adf42,7,0,True
train-0637-failure_recovery,failure_recovery,train-moved-module-import,8a806748d5f1f14e4194776d0a11081f3f3ad109d25640f4021d6d1ff45532cf,5,1,True
train-0638-missing_information,missing_information,train-unspecified-schedule-zone,46e52b7c4029462a423aeec6f0fc61591ee232631a55f440037b66a8e51f80c1,1,0,True
train-0639-no_tool,no_tool,train-given-rate-budget-calculation,700b600f5b59f8bb3b14749fae24cc81ce462632c1e3856ade7e7c20e35c9def,0,0,True
train-0640-invalid_path_recovery,invalid_path_recovery,train-current-stock-active-join,135d1c2f80d5475f43743ccc3f093bf09a8b237781679abdd88264479cd1aaee,5,1,True
train-0641-read_locate,read_locate,train-router-window-budget,69b417a703fa97130bfb0c38eec705a30ed1ba767e8225621c5999cef660cee4,3,0,True
train-0642-config_change,config_change,train-profile-cache-json,f1672286dfd9278bdf3f1c85c7f04fe60a115146a6200a19948f7aef395c0853,3,0,True
train-0643-function_fix,function_fix,train-half-open-booking,f4739b6f06353a416437242a317ce11df96adc5fa04595feacc6ec6afac1480a,4,0,True
train-0644-multi_file,multi_file,train-metrics-contract-migration,edbab8de139c34c9c0fa70d33f4f259772a908fdea6abe048d993daccf2e7137,7,0,True
train-0645-failure_recovery,failure_recovery,train-slug-whitespace-regression,9365b93bcb2813f9475ba5937a396b4510afd24ca3f4af0c1f36a74119ec1a8f,4,1,True
train-0646-missing_information,missing_information,train-unset-upload-timeout,b55c3560e2baf650203313dd1d859800ee1dcb15d23a524b49698c13d3e955f5,1,0,True
train-0647-no_tool,no_tool,train-explain-request-rate,a14b98647a73acf35fb4ae97a02b3936c98c87e079241cece3c3a363c88c6633,0,0,True
train-0648-invalid_path_recovery,invalid_path_recovery,train-stale-inventory-path,2bd2dac994ea5f2b4546a3e6cc672d8092e6c90630694062feb6075ed1db3e8f,4,1,True
train-0649-read_locate,read_locate,train-selected-storage-registry,9d6eb2bf26f3b5c50f477c269f6d8767ed87a8f2d3f3c522e35173729685aa74,3,0,True
train-0650-config_change,config_change,train-layered-environment-override,ee06b300c66076f064dc76aa034fff3a41ae5e611ab97e3ad0ef01e2b64d520c,4,0,True
train-0651-function_fix,function_fix,train-last-occurrence-order,5a14a5a2648e8c274b7e98a7c9ca08f5f578eee424163347585dd22b293958b7,4,0,True
train-0652-multi_file,multi_file,train-duration-unit-migration,a29c2507274a8d14d771fac3f71a995b7443c60dad4d8e7bc916221252438885,7,0,True
train-0653-failure_recovery,failure_recovery,train-moved-module-import,fb698da12dd3cdc61eb87dd7e166c73cdcb4940a6d4c39cceeecd663cceeaa95,5,1,True
train-0654-missing_information,missing_information,train-unspecified-schedule-zone,7f2b344fb9c6c3aa823c0b16b70d552489dfc55c37d46b7df3016c32b54c82a4,1,0,True
train-0655-no_tool,no_tool,train-given-rate-budget-calculation,5e4f73d5f8ed25bd87b4a28bcde0dd4a47c0c007c1b0fbd09b75ff97e7942e8f,0,0,True
train-0656-invalid_path_recovery,invalid_path_recovery,train-current-stock-active-join,4649b816a836e6d62bd7663074bfbfad96730ef045e1d1a58d66c7ad188537a1,5,1,True
train-0657-read_locate,read_locate,train-router-window-budget,32240619676e21773d2b25717da83ed73d4763fde4820bd6ef4052951a134ef7,3,0,True
train-0658-config_change,config_change,train-profile-cache-json,10b0af49c064127c8b2f870253137f6787e321bfb90dd1dcba4f4da4663904ff,3,0,True
train-0659-function_fix,function_fix,train-half-open-booking,6af291195dcfc3f1ab71668b1e01de541ff59ddb1e1cfa187b6b54786e5cf70d,4,0,True
train-0660-multi_file,multi_file,train-metrics-contract-migration,078bf27f12a2f47b825aec28640daa068730c8630e4f727266c7b04693c7eeed,7,0,True
train-0661-failure_recovery,failure_recovery,train-slug-whitespace-regression,f993396215f5e61816b5072d54fbe17929262cd0e35baaac4ebf877b6601255d,4,1,True
train-0662-missing_information,missing_information,train-unset-upload-timeout,fad39eaf0b595bb85573e3e2740803711f1ef87f26d044e41f5295d818a0f936,1,0,True
train-0663-no_tool,no_tool,train-explain-request-rate,413e749378b05993f73d663f47e048f69bdb2bb68b8acb0a8a637f3910619bbe,0,0,True
train-0664-invalid_path_recovery,invalid_path_recovery,train-stale-inventory-path,0300be7cc51f8ce69afd8b256ab34432c645c7c956dc91e00f9dd708530bf9b5,4,1,True
train-0665-read_locate,read_locate,train-selected-storage-registry,0db9e977751dbb43cb53f8e0455355df7717126b871ddc53a9ab1c285a48292a,3,0,True
train-0666-config_change,config_change,train-layered-environment-override,203f90f6717146fd16e6e6fa5b318a5523758bb46f6cf7898d1deb14822748e1,4,0,True
train-0667-function_fix,function_fix,train-last-occurrence-order,f123df4bd21c340bd0023a73f93f80369f8031e7f0a25e6d7dc28e9a49927d43,4,0,True
train-0668-multi_file,multi_file,train-duration-unit-migration,a583c4f698201d0f205f371d06ddb4c2ade050da36d7163311c2142ebdf13682,7,0,True
train-0669-failure_recovery,failure_recovery,train-moved-module-import,1d9153d4937b07963532d56b2eabe58fb01c9557977fe69640b4464675be1132,5,1,True
train-0670-missing_information,missing_information,train-unspecified-schedule-zone,c6e38a25ee13f6d3afd35c303d8cba365e80e16ee0f46daa6cc9f76aa1c508c8,1,0,True
train-0671-no_tool,no_tool,train-given-rate-budget-calculation,adc6b6a7f066b72369919968fca45d26520443d0af1681614b1d9699696d421b,0,0,True
train-0672-invalid_path_recovery,invalid_path_recovery,train-current-stock-active-join,b4fb3768ee88be76649afc0b3bdf86def6cb9020ba66e4660a1d4b131eb39ddf,5,1,True
train-0673-read_locate,read_locate,train-router-window-budget,afa657ff21a082db35fb6575079d0baa831eed334331f11a0b357634e38a334c,3,0,True
train-0674-config_change,config_change,train-profile-cache-json,a108152e89a4903fe24b403a7091b247c16661d14ff8dfff6fadc16ccce3cff7,3,0,True
train-0675-function_fix,function_fix,train-half-open-booking,5e8716d72b7016124c1978a5baa8c9f811d048e1adc28ae9859b052d96f42965,4,0,True
train-0676-multi_file,multi_file,train-metrics-contract-migration,9bf1c0f187b923c1f7a9548ea1c3516e544218d72bbfe87f618bf696649abeb3,7,0,True
train-0677-failure_recovery,failure_recovery,train-slug-whitespace-regression,96412eadbcd6c63a4ee7f038e376a210f21ea95be698ec711b71bb978595b0e0,4,1,True
train-0678-missing_information,missing_information,train-unset-upload-timeout,02c2e90932fc79c2a9ee2d812b2a8ce233768e2f4c48ebbfda964c57b16a4e24,1,0,True
train-0679-no_tool,no_tool,train-explain-request-rate,8bbcc44b295dc567fe9c3f665f4946b86878f7f80d2eccdf9bc7bef3c938875f,0,0,True
train-0680-invalid_path_recovery,invalid_path_recovery,train-stale-inventory-path,0a41e2ea85a859b8f72b110d4c9c0feb12c678811689b23f9cc052c20672bae4,4,1,True
train-0681-read_locate,read_locate,train-selected-storage-registry,5c7384fcb5d21d03c6bac49fc5c4380b7771d7d64ea42e1fe9e473d68837c748,3,0,True
train-0682-config_change,config_change,train-layered-environment-override,a7a757b680645d13d1dc1a8d7b991b8e861d369a271d7f0be247f360ff792264,4,0,True
train-0683-function_fix,function_fix,train-last-occurrence-order,03659f8b66d1c4c581e7109b928a399db7d83ad2d0e3a85ee6f4a3161ba5c01f,4,0,True
train-0684-multi_file,multi_file,train-duration-unit-migration,f37e358f030ddf71d961911ac1651f3b3b755de543df802afe84e591270c4584,7,0,True
train-0685-failure_recovery,failure_recovery,train-moved-module-import,dd4665aac60d82781a3ef5e497869eda8014b134889d4564fb1ac2012f7e6a20,5,1,True
train-0686-missing_information,missing_information,train-unspecified-schedule-zone,8489f9906cc2905f19388c31ed4781f81f3a240b285229823be7a12ef29314c1,1,0,True
train-0687-no_tool,no_tool,train-given-rate-budget-calculation,7f8dcebe96f6ad62ce07c4022a8d57be32c66cab0c94974ade28149eb6b2a456,0,0,True
train-0688-invalid_path_recovery,invalid_path_recovery,train-current-stock-active-join,5e6d653ba78093bbfc54eeed2d538cdcef3cc41cd2117e7e8e7131295f42f660,5,1,True
train-0689-read_locate,read_locate,train-router-window-budget,60de27926eea974cebdea956cc62a01e4dbba5fd75391cff39ab0ec7a1c71b6a,3,0,True
train-0690-config_change,config_change,train-profile-cache-json,24d92fcd473faeede401ff43d81e0bc6ab869c75697951bbe2eeaf67233b023d,3,0,True
train-0691-function_fix,function_fix,train-half-open-booking,dd554ab1b1d5a30dc458982a12cfa4084bfc0005c234fea561369f37ce352c77,4,0,True
train-0692-multi_file,multi_file,train-metrics-contract-migration,dc981d697eea316bc7e53fcfe34ee03c2bbcd0e9e7526289d0ba8d3c619fcbfc,7,0,True
train-0693-failure_recovery,failure_recovery,train-slug-whitespace-regression,f29b622eef3c41f9ddec12c54f4b755b6cf35225e9497c370c7786475eec8cc5,4,1,True
train-0694-missing_information,missing_information,train-unset-upload-timeout,112aeb29d21f48c05d791a8deb3242a219671e9a7e68521f3614d34f622a832b,1,0,True
train-0695-no_tool,no_tool,train-explain-request-rate,878ed2b5eb9f55496d678eb25c91a5d7037610f366c67d3132c04e0f0911c35e,0,0,True
train-0696-invalid_path_recovery,invalid_path_recovery,train-stale-inventory-path,4bbab30175c37b8a6cf9ee402fb9c67190b10abe31f22f5ce5c2984d7f888c58,4,1,True
train-0697-read_locate,read_locate,train-selected-storage-registry,04982e3716ea1e5c2d2ebff4b4d834835c229008f00730c4bbcf2ecf4af3037c,3,0,True
train-0698-config_change,config_change,train-layered-environment-override,b516b2dc624e24e32b5d12d1476c0ddc9435f7454f9d3f34b6b8b193a48e777c,4,0,True
train-0699-function_fix,function_fix,train-last-occurrence-order,d7dd1179186dced12f4ad96dd665903ba1aa10a1de5529bb88b9de79af968652,4,0,True
train-0700-multi_file,multi_file,train-duration-unit-migration,353269c78da02f809b193c8bd6a232748d352cca2132eec1b12d994f529f81a5,7,0,True
train-0701-failure_recovery,failure_recovery,train-moved-module-import,482962a6cdf6bcf8c3fa160071925445b25da9153d051fe282da799742e44397,5,1,True
train-0702-missing_information,missing_information,train-unspecified-schedule-zone,d0d03cf8e7f04aafe75e55f70aaf952fccec20b15f6427ab47f5ea60e0b4dad4,1,0,True
train-0703-no_tool,no_tool,train-given-rate-budget-calculation,52756e8ec4eb2933d9e3b5f249e478256d98b4e2ed04b2e01bab68993a5a1b11,0,0,True
train-0704-invalid_path_recovery,invalid_path_recovery,train-current-stock-active-join,a1409b295203419c39cdf4fec2940fed131d9f6f532eab673edae23c9c8bbb47,5,1,True
train-0705-read_locate,read_locate,train-router-window-budget,f23868312ada5d6c658a7cff826052ed500b5239451a7a36832006009d0ab69c,3,0,True
train-0706-config_change,config_change,train-profile-cache-json,d9dff1929232b69a7b35200c2bf2226de325d50976dad5e88639bbce1c69d7ca,3,0,True
train-0707-function_fix,function_fix,train-half-open-booking,2d5aee836acc07c709cec9f67e40ba80d823a2612fb720e3dbaf54329ccb7463,4,0,True
train-0708-multi_file,multi_file,train-metrics-contract-migration,2747a58aa4b2e42c0de7f2e80bfdc246aea0339444f72a84de106dfa26735d13,7,0,True
train-0709-failure_recovery,failure_recovery,train-slug-whitespace-regression,947ff068863a85cbe6657e14808a5338cb59b9ab2502bf1914e59df4f0b9ec94,4,1,True
train-0710-missing_information,missing_information,train-unset-upload-timeout,fd26e8dd5ab3e75ca0853804184a9a65a001ef006bb3b7df0f745ead4cc927d4,1,0,True
train-0711-no_tool,no_tool,train-explain-request-rate,6118c10083d4ae11ae1c034baea1771076f97d60541e9d2445bff96fa012778a,0,0,True
train-0712-invalid_path_recovery,invalid_path_recovery,train-stale-inventory-path,b82bc7eec44b3be1771debc09b4df127b0ad25fb13b6775dec262ad7ebd7c0a2,4,1,True
train-0713-read_locate,read_locate,train-selected-storage-registry,eb074e3bc6634a3e54d95057e22125271fac7b1244291c718338e65d0697c6be,3,0,True
train-0714-config_change,config_change,train-layered-environment-override,e14bce2f40b2813f7e883150038bdcc0e95db412db8ae2818fe6bb95d6bfc05f,4,0,True
train-0715-function_fix,function_fix,train-last-occurrence-order,64857b79c5ecf0bec4741df3211563f8f9503cde916ac20a6ff727760e46e8c1,4,0,True
train-0716-multi_file,multi_file,train-duration-unit-migration,e43d32bd782e2744f1bbe86bff991f5e31045517f4f16bc85aca24840b544f0d,7,0,True
train-0717-failure_recovery,failure_recovery,train-moved-module-import,46deee945e6f5fe393dc1bed0ebb195830fbecad852ddd084d498772628dcdc6,5,1,True
train-0718-missing_information,missing_information,train-unspecified-schedule-zone,8a6d086375e7be758175ffa56a9b453b5ce24752c5ae92843952091a49476686,1,0,True
train-0719-no_tool,no_tool,train-given-rate-budget-calculation,112b22f71893dd60070958da6f69e418ac3929dbe6c33532d635a4cd8151ee84,0,0,True
train-0720-invalid_path_recovery,invalid_path_recovery,train-current-stock-active-join,82231e50656bdeff85cbff8391d82276eed0b7fd7116cc208c001a200dce47d2,5,1,True
train-0721-read_locate,read_locate,train-router-window-budget,f75ceba60d83dc6bf20f7adc267607b0c5825e3d38df11959fc41b94c07c2e39,3,0,True
train-0722-config_change,config_change,train-profile-cache-json,807b57a5db926f9b8a3f659180c1fb13b1427f74bbe542712267d49076c661dc,3,0,True
train-0723-function_fix,function_fix,train-half-open-booking,ae20b957cb7734286ba8bf89886dd1b724eabc481344ca7c13d55a985828414e,4,0,True
train-0724-multi_file,multi_file,train-metrics-contract-migration,f86b366924aa23f8535f13dfaf0d4e280bc3942d7ce938e1ab6ad2af5a0aad58,7,0,True
train-0725-failure_recovery,failure_recovery,train-slug-whitespace-regression,6b331a955d5572bb5a6d0b44dbec4db337fa9ab02e52a70475f4ae65ffa7e130,4,1,True
train-0726-missing_information,missing_information,train-unset-upload-timeout,0e3fcda96536c2e7480d82f9a64ed9033b4dfd1e77d9742deca4f5aa06f22dd4,1,0,True
train-0727-no_tool,no_tool,train-explain-request-rate,2bc0a02322cd54e3e1aeb7a223e4675bcfb3c126221f901b5198f7aa43ef2c68,0,0,True
train-0728-invalid_path_recovery,invalid_path_recovery,train-stale-inventory-path,b677e7d94150cb4c63a32e23ddb2c84ecc612d5d02ee93187c137b4adbf6d4df,4,1,True
train-0729-read_locate,read_locate,train-selected-storage-registry,8c7ef72b087630b6c77616c827b09da41b69ebf8ca3ee2d50e84c3e572ea5c25,3,0,True
train-0730-config_change,config_change,train-layered-environment-override,380a9e6e94f5189944cfac5b8b3e4e2a0fbd24d5f771e572a2e1a72ed1aacb1e,4,0,True
train-0731-function_fix,function_fix,train-last-occurrence-order,346e4ef14519ef6e50c9f99fca471113257a7247593c71395bd638980730a2cc,4,0,True
train-0732-multi_file,multi_file,train-duration-unit-migration,a8dd60918c762e675bf2b7f148faa1cb637508dd02f482feae33199a1df94600,7,0,True
train-0733-failure_recovery,failure_recovery,train-moved-module-import,77b166b3ceb8fcddd11eb0751ab9c90ac958e47cc0bee5b2e6b0508afb48f675,5,1,True
train-0734-missing_information,missing_information,train-unspecified-schedule-zone,a4729bc410e42af1cf89ae52837667175c2a241950dbd8bbbb0abd7511cfc4f8,1,0,True
train-0735-no_tool,no_tool,train-given-rate-budget-calculation,42672c10508b7345d94c6fb97c52c4e6fa35e0e7425a745edc7b5c726ba57a5b,0,0,True
train-0736-invalid_path_recovery,invalid_path_recovery,train-current-stock-active-join,0faaf6b4aa071356d3680b32231e0bffab66d8e30305e135e9be8d79680db010,5,1,True
train-0737-read_locate,read_locate,train-router-window-budget,4baea9ded02a75138634814262c661efe3d9b14896ba681f5e1af17b30c61cb6,3,0,True
train-0738-config_change,config_change,train-profile-cache-json,6615740407e858d664c1d847fafcb68fd1b571bb5d2d494a5046704233a84e4a,3,0,True
train-0739-function_fix,function_fix,train-half-open-booking,14f88db3685548891c64c72a169507af075b8b65a46b05bd9d3da62e999a8909,4,0,True
train-0740-multi_file,multi_file,train-metrics-contract-migration,2aa29ea8f9f5f11017200ef13ca630a08daf2e44ef4eeaab2da4128c244d6f72,7,0,True
train-0741-failure_recovery,failure_recovery,train-slug-whitespace-regression,b87f40dc6a5c96323339d2580aa92f2b2d4f7b98e70dd652dc82ab694825f4ff,4,1,True
train-0742-missing_information,missing_information,train-unset-upload-timeout,87cf089070d919c79a81977a76c23c277fad42074d8a427378944067f7edf778,1,0,True
train-0743-no_tool,no_tool,train-explain-request-rate,f19fb42d0c52cbdc11f5e68ca1e2a78937e401c89c7186376706967e43af48b8,0,0,True
train-0744-invalid_path_recovery,invalid_path_recovery,train-stale-inventory-path,4936dfb8077ad9b62c9fe8897a18d820ade606a001360629fce38847b4405f62,4,1,True
train-0745-read_locate,read_locate,train-selected-storage-registry,5b8767412dbe6933debe7547c4b35db18b45adabfdab3cbed9b054adf8cdfe9a,3,0,True
train-0746-config_change,config_change,train-layered-environment-override,5f093b0e095541f2fa708dc3fb8ca83a99dd6321fac2febc4f51b7eafcd62608,4,0,True
train-0747-function_fix,function_fix,train-last-occurrence-order,48e07a66ec2788c903069c7ee7c16a1227ba8303156ac57e7bca91510e18899c,4,0,True
train-0748-multi_file,multi_file,train-duration-unit-migration,4f4bbcc5401ac39648f93b7dd9840ffc4b45bbc9075066fc373d29f877765d18,7,0,True
train-0749-failure_recovery,failure_recovery,train-moved-module-import,5311f2736eb228e3a9e14c05506ba1bb7e86240fd8d59d3f29fc9469295d3e68,5,1,True
train-0750-missing_information,missing_information,train-unspecified-schedule-zone,6ec1efdda8864dd73f4e0b82ef303ea8ece3eab8561605064b94828d77f04596,1,0,True
train-0751-no_tool,no_tool,train-given-rate-budget-calculation,890e3841075a5589721266b8ec4e907eebe9e6d7eac1575d62b014935454f75e,0,0,True
train-0752-invalid_path_recovery,invalid_path_recovery,train-current-stock-active-join,bc9e1e45c022732aa6fea33658e1e7a8f2e3e61694999359bdb80b930df197bf,5,1,True
train-0753-read_locate,read_locate,train-router-window-budget,91fe434e3cc17b84321648b31928695a5e32077f71ff4ad2ace2f3ef9d2c43fa,3,0,True
train-0754-config_change,config_change,train-profile-cache-json,1493db024dccf909d39ce8333e3dcdac4e300b16dfc852120e1f5bea74e7424f,3,0,True
train-0755-function_fix,function_fix,train-half-open-booking,fc1aa84c3a94818536b6f060f4616e334b7d78562c0b19b7d025006295a4f69d,4,0,True
train-0756-multi_file,multi_file,train-metrics-contract-migration,a9aa8f992deeda403f4285f1970c6ef2b8e28937ba1ccc11c59721c2471cfad7,7,0,True
train-0757-failure_recovery,failure_recovery,train-slug-whitespace-regression,8896bfcf2afb18f9a4cf82a08ec7161f58bbef96c183e34948eab06080cd5d82,4,1,True
train-0758-missing_information,missing_information,train-unset-upload-timeout,f4bbaf2e1eba7e44fd420c72d6243ee5138794c02604a4b0d6219b9ea472d130,1,0,True
train-0759-no_tool,no_tool,train-explain-request-rate,ea67e864690c678ad76a5edd6f66f3b74b68020f3fafe47c38af2b96f0e242a5,0,0,True
train-0760-invalid_path_recovery,invalid_path_recovery,train-stale-inventory-path,40a2be0ead28b9fa03679a38fbc81bf3f14aedff3070403f70db46f670479451,4,1,True
train-0761-read_locate,read_locate,train-selected-storage-registry,c469b0c8a7934bc7061e628b625f6e1bdf2102389c7c96da9c587db354876e56,3,0,True
train-0762-config_change,config_change,train-layered-environment-override,1f33396df3a2d4bbaeafed7d3217ebea6b5b23477ca9e86bd0dea32d1ec1cf8b,4,0,True
train-0763-function_fix,function_fix,train-last-occurrence-order,3caad4b9b96f8cefb661e2d875fefd222ae2c126ade142b0f4fdb502d51cd941,4,0,True
train-0764-multi_file,multi_file,train-duration-unit-migration,d29dfb31f87effa74470ccf74869f62192d438540ef1af91b2e511c39172a78a,7,0,True
train-0765-failure_recovery,failure_recovery,train-moved-module-import,58bdccdb68eb17eb968342ecc3e95d3f2c0c112fc90ec11136881249b3a13d1c,5,1,True
train-0766-missing_information,missing_information,train-unspecified-schedule-zone,e521d8c864580ec9aa0abcca35996b3e45fd234c4c0a1830be28f8ec6a6a0771,1,0,True
train-0767-no_tool,no_tool,train-given-rate-budget-calculation,7e7aa196196b38c45203b922734a02cffedf89bbc781af1b352c488c0388ea4c,0,0,True
train-0768-invalid_path_recovery,invalid_path_recovery,train-current-stock-active-join,b7c5c9fb65b0730c842c762b97422efd89b5fed4019a8d8e7853fcaf4b17c7a2,5,1,True
train-0769-read_locate,read_locate,train-router-window-budget,df24ffd990ad8e0dc1fb5e36c3f3c3e6c1e4c1915ea86aaf9ee095cba12a8b4d,3,0,True
train-0770-config_change,config_change,train-profile-cache-json,6b341a501ace0d73dcf1b64cc7014923984767223d15438ff3a81fcd730b158f,3,0,True
train-0771-function_fix,function_fix,train-half-open-booking,51bb1a82885ea3c1da9392725bc2d2063754d481f7998102f5b23e503a4df47d,4,0,True
train-0772-multi_file,multi_file,train-metrics-contract-migration,a6b09d8cd9b64e679b9ff00ebbffa0f0493aa56da4a4908d367040d7da4ffd8a,7,0,True
train-0773-failure_recovery,failure_recovery,train-slug-whitespace-regression,57d3436a3485224e252c5d5cb15bd3044c2e3acb043e59bdf94c9d9578cc9fe2,4,1,True
train-0774-missing_information,missing_information,train-unset-upload-timeout,008179c4cc46a99b32a85887acd22e9d2ab97b1ee743a16d95aa21a217c31040,1,0,True
train-0775-no_tool,no_tool,train-explain-request-rate,24d6b051fbf7a89d0d04292362a3afe64254d8ffee623130192da411b2882438,0,0,True
train-0776-invalid_path_recovery,invalid_path_recovery,train-stale-inventory-path,31a15e385d9b9c13041cb300557d00479e14cfb7dec46d034107547b8e6b9420,4,1,True
train-0777-read_locate,read_locate,train-selected-storage-registry,9acb0d3ed7af9c678b5ecddd65a030418e010cd4bcc5428a3469733bdc8517ee,3,0,True
train-0778-config_change,config_change,train-layered-environment-override,3f2198763216acf2b372d7262b71176a80048aeed3ddd663e9272923fcc83cb8,4,0,True
train-0779-function_fix,function_fix,train-last-occurrence-order,642d4adcd83a828bfd8ab96aa7fca8703350176757b6b98e922a08deed1930e1,4,0,True
train-0780-multi_file,multi_file,train-duration-unit-migration,6b1b31e8d631d8c010c914ce8de8e05645d636b636da06f59323aca10978e9ce,7,0,True
train-0781-failure_recovery,failure_recovery,train-moved-module-import,73f94741afb601d36fa7053e8f9a5b322665b1fe80236b540d0c687190381a85,5,1,True
train-0782-missing_information,missing_information,train-unspecified-schedule-zone,4851c76be15d0b62b0c86d59b41a02cce9460d5dda9a076705c5c6cc0acfb588,1,0,True
train-0783-no_tool,no_tool,train-given-rate-budget-calculation,8ae01ecfd7f1a5a1a8284069e180dd1bceae1c9ed2b71fdba1338dcbd34566d2,0,0,True
train-0784-invalid_path_recovery,invalid_path_recovery,train-current-stock-active-join,750c475dba9c35c4872ded77813d64b67176dec840fb5e0f2210e4423c7cc974,5,1,True
train-0785-read_locate,read_locate,train-router-window-budget,063e980ffd093a662db00cac8a3ae20415f448feafc7a2753f897ebac797d0ad,3,0,True
train-0786-config_change,config_change,train-profile-cache-json,8a299b73668316a98edbf45cc56b54b9a19a9e02825f659475793f88dcca0504,3,0,True
train-0787-function_fix,function_fix,train-half-open-booking,44dbbb05b9631155d2729971ae19c531a43fb4452e1fbd1a985713db05de89ca,4,0,True
train-0788-multi_file,multi_file,train-metrics-contract-migration,c49b2b2961ddc1ed0164bea3640bfa52c1350b68d895aaa76441a620c8ca3c26,7,0,True
train-0789-failure_recovery,failure_recovery,train-slug-whitespace-regression,1e795f45dfbebf5e910ed82178d2afc6b4b7e5d2e0478ff640ed9ad52b80ca82,4,1,True
train-0790-missing_information,missing_information,train-unset-upload-timeout,4a8f8a1c5010cd12a1f93800d27b780e4a25f5ac910d7888639c330ac5b1b245,1,0,True
train-0791-no_tool,no_tool,train-explain-request-rate,fa8bff9566d08961bd5c6cac0bdd0b608bb60e00814afd7cf183894bbb5fea5a,0,0,True
train-0792-invalid_path_recovery,invalid_path_recovery,train-stale-inventory-path,517f43ec6f959e6484b634ad7b2508f6254c0c8ba3260f8856aaf638ef7f8323,4,1,True
train-0793-read_locate,read_locate,train-selected-storage-registry,c1c265b6e30273d9b2d79916108c64db4f9a56dc1d835e021166e3562e65246a,3,0,True
train-0794-config_change,config_change,train-layered-environment-override,ccd53bcbfbdcba827ff1eeddf9ac363f00b3ea93ff57e7b2a4d3ce35ed54311d,4,0,True
train-0795-function_fix,function_fix,train-last-occurrence-order,b004d0de8a39f0fd0abcae7f2be449876e5830c8666db53fdd3170c114944043,4,0,True
train-0796-multi_file,multi_file,train-duration-unit-migration,298f0c9851f69dd407fd889c0e4b95ba698e31e0cb213ca60f53a13cf26c8e24,7,0,True
train-0797-failure_recovery,failure_recovery,train-moved-module-import,cbd6dd46f2392efc069862396406187d716b2196667813b18eb5cc875ea0bd52,5,1,True
train-0798-missing_information,missing_information,train-unspecified-schedule-zone,802b62ac450f71cca44ea26e7fdf49e0c83a79abab79edba0c9e7c275b62b263,1,0,True
train-0799-no_tool,no_tool,train-given-rate-budget-calculation,96484bf80c4258083907fd1924d74acda95499d3317b26c61aa0ad962d6671b6,0,0,True
train-0800-invalid_path_recovery,invalid_path_recovery,train-current-stock-active-join,2f3f8244d1c088cbe9f8ec7b558a3ee096d124eea81f3035d100d2145b4588a9,5,1,True
train-0801-read_locate,read_locate,train-router-window-budget,628d61909ce5b5c9f7cc674e0879c032ec222931b9e180dc18e31f117dbc4518,3,0,True
train-0802-config_change,config_change,train-profile-cache-json,a97fed95b5946559b6916b1608dd842249fd9a3f10728ae0498de9fbcc4cbba4,3,0,True
train-0803-function_fix,function_fix,train-half-open-booking,a563dfa286fa1658fcee5b0b5d96a687c1f1f434aa96097d22df2cdd317fcb58,4,0,True
train-0804-multi_file,multi_file,train-metrics-contract-migration,28a96c155c66729f4f7c0863c7ba2a0d9897076bff3bb4567e22c20ff810075a,7,0,True
train-0805-failure_recovery,failure_recovery,train-slug-whitespace-regression,3d25f2044c966c148621847053674168d31b94a952701fc788a4d1969d7c4c0b,4,1,True
train-0806-missing_information,missing_information,train-unset-upload-timeout,80e5d6aa63be673e5b1e834898822293563f47d3e586e28331c6251710b178ee,1,0,True
train-0807-no_tool,no_tool,train-explain-request-rate,d56248ee6e47a5ebb72d24196c166ce2cc2f1b9436a9ec2130ef0834dad7d35a,0,0,True
train-0808-invalid_path_recovery,invalid_path_recovery,train-stale-inventory-path,63a9ec9b6e9c318516d8fc92b74d0ed0a293ebee0359da47bd317f21f8806526,4,1,True
train-0809-read_locate,read_locate,train-selected-storage-registry,3e31a01d49f0ccecbc5ef48e6ef60fc1b9a020b045a0ef3350a835088a953ad0,3,0,True
train-0810-config_change,config_change,train-layered-environment-override,4f8db9a67b7d19f0fdb7003f37a7be5eb13348b1c3a5d5afea7e547619e98432,4,0,True
train-0811-function_fix,function_fix,train-last-occurrence-order,ba497c0a12589cb68c5ab07c18e6e9c6787fd7894b2f8df241a251b204895574,4,0,True
train-0812-multi_file,multi_file,train-duration-unit-migration,40aaef9c0f8fb2ac733dafefc2142b1d40e4f1fc4320ac593186e9f366e0579f,7,0,True
train-0813-failure_recovery,failure_recovery,train-moved-module-import,a87a1cb6f1bf949eacf48bc243c4be541f6991d35e11edeb3d077f9fece2f04e,5,1,True
train-0814-missing_information,missing_information,train-unspecified-schedule-zone,df0905b3680d590ffdcb605ce06a700467a2150ded24f80473b6e9cb06a9aa1e,1,0,True
train-0815-no_tool,no_tool,train-given-rate-budget-calculation,17d59f409530218071b92605aee9456d2d9e71e1bf8296cef65197aae696cc05,0,0,True
train-0816-invalid_path_recovery,invalid_path_recovery,train-current-stock-active-join,a68dbdd67bf129f579520b107498d3cba7c222fa0d7f2cf575076e4392830878,5,1,True
train-0817-read_locate,read_locate,train-router-window-budget,4ab14b75d936f618560fe596aa39a8630a95b97bb9db4507ce6b5fd500edcaa2,3,0,True
train-0818-config_change,config_change,train-profile-cache-json,7a125809721184b831e08b3b8b6fde973b4ec7c90d15b575c29c0056a9beb04b,3,0,True
train-0819-function_fix,function_fix,train-half-open-booking,09d22263ed66b6a7c5652dbbed145da8427621c738dfeb7ec71417b50f32d036,4,0,True
train-0820-multi_file,multi_file,train-metrics-contract-migration,8ac668de3bfadc38cc2bde00010b4ad937005597bf44cceebf6f74689295556d,7,0,True
train-0821-failure_recovery,failure_recovery,train-slug-whitespace-regression,53b6ca9c47974df067863c9e67d4877f2f4df4986c25e00b92e3aaa4cccd0685,4,1,True
train-0822-missing_information,missing_information,train-unset-upload-timeout,9c0cdbeb03195ade0da715d697e147be3519ea5783e9ed86b75450f73b5723d8,1,0,True
train-0823-no_tool,no_tool,train-explain-request-rate,6a5b78f309c03b997c34ce45daf5ce9eb1a9c303ac5e9fbd7a3e9a2408d5c664,0,0,True
train-0824-invalid_path_recovery,invalid_path_recovery,train-stale-inventory-path,5b8e67b90bd5109312789bba9ba275c520add559ba7425470e0efcccfddd3dba,4,1,True
train-0825-read_locate,read_locate,train-selected-storage-registry,bcacab3977bb5c396a6f44f1a2ae9791060ffbae5f7ebce76d3125b138a8cb45,3,0,True
train-0826-config_change,config_change,train-layered-environment-override,2d71f375d72e7d36fd9b8e0cd037321b6aa31cc49f35991bf7595b036ad7e0da,4,0,True
train-0827-function_fix,function_fix,train-last-occurrence-order,a7914e1a9bb8479ce82bfc2b40fba4c741ba3794ce9598bdb92a0b258ef02ba6,4,0,True
train-0828-multi_file,multi_file,train-duration-unit-migration,49f0d9915341736921b60bc155f7db914938483866559f7e89fef47eecfed0a4,7,0,True
train-0829-failure_recovery,failure_recovery,train-moved-module-import,a72bec258125d22762d4b9ec31bf47644f9dc8eb1881865ac90aad129de2552e,5,1,True
train-0830-missing_information,missing_information,train-unspecified-schedule-zone,fb0cc0cf8d8a77d67843fd8586e220c4b17a9099a0910c39ffe2d1c98ff0f95f,1,0,True
train-0831-no_tool,no_tool,train-given-rate-budget-calculation,687029da20fc32be5e072d790efe1ed488c5b535c2dd1f1183d31756388b92c4,0,0,True
train-0832-invalid_path_recovery,invalid_path_recovery,train-current-stock-active-join,131e00074c07705fb9a48e6a4efeec880b2dcacff4685c97701a07b26d7fe15d,5,1,True
train-0833-read_locate,read_locate,train-router-window-budget,39be99f5d4735d8e021365448bf8e13445b644c74539ea9838efe6868f480c75,3,0,True
train-0834-config_change,config_change,train-profile-cache-json,4198dbfdde56abcbc9d974b8948dfc59f7b8c56d5c56d038ec458f58331c6fe9,3,0,True
train-0835-function_fix,function_fix,train-half-open-booking,94efa8f067ee423d0abf012f0887714b54c197deb0c3200571ff86b7022358b2,4,0,True
train-0836-multi_file,multi_file,train-metrics-contract-migration,389785db65f53388ff54aea68b8ea17e69284e25a805e5b8fdf141ff3a97dfc3,7,0,True
train-0837-failure_recovery,failure_recovery,train-slug-whitespace-regression,8c06ed7a79052a2f4b3192edb8a843e7af68f56ffcea99243a895558897d282d,4,1,True
train-0838-missing_information,missing_information,train-unset-upload-timeout,d90a12d5fc3dcad6141f82ddb0e27bcf7c8d56bbefbc72ee5204895c671021f3,1,0,True
train-0839-no_tool,no_tool,train-explain-request-rate,7f13e0383dfe2084fa79f5a97be8c00e2e6af88cc6c228f7eb09817142f9c34b,0,0,True
train-0840-invalid_path_recovery,invalid_path_recovery,train-stale-inventory-path,49aaac8f32eea6d3c274530354ed0bee6e1ff2f8cebae9f4f63c1b3e4d68042a,4,1,True
train-0841-read_locate,read_locate,train-selected-storage-registry,544b10ae9df95658114bd916d3dd02ce15743a26cc16af955c8b3ea200a059fc,3,0,True
train-0842-config_change,config_change,train-layered-environment-override,f6c387f3e6c0008e58c6433740f369a093fd926a7513ddfa25679e4558ac3c3e,4,0,True
train-0843-function_fix,function_fix,train-last-occurrence-order,7d935b75664fa0c33855d0262067c238607aae4b272968eb75b4165829530238,4,0,True
train-0844-multi_file,multi_file,train-duration-unit-migration,f1388756c453fa7e7858ff68581f4b611445558e0844f9f0241918423d7fba37,7,0,True
train-0845-failure_recovery,failure_recovery,train-moved-module-import,2bba485e08709727f8c21d611091b97a73d067f251027f52a987e01386f95842,5,1,True
train-0846-missing_information,missing_information,train-unspecified-schedule-zone,b2af8218e1d063aa1d007930787ecc9cf37c5f46fc996bc675ca59ebeb5f4b5b,1,0,True
train-0847-no_tool,no_tool,train-given-rate-budget-calculation,5ef41e130625b84e0e3d8a9207decb27b678705a074902a886cc256d14ef15c6,0,0,True
train-0848-invalid_path_recovery,invalid_path_recovery,train-current-stock-active-join,7111a41059ab24649f69618adbe87adbd5d4d704307f73fcd27708caa7fcf67b,5,1,True
train-0849-read_locate,read_locate,train-router-window-budget,3fa1b87285013dcf5bb39e76c4b2e22452f5f516e58d9d90436089383c4616ec,3,0,True
train-0850-config_change,config_change,train-profile-cache-json,88c3b224b849355f4bb618f1d203a1441bb2ef0a5b9c0637edc05aca12e08298,3,0,True
train-0851-function_fix,function_fix,train-half-open-booking,78ba873674565fc07b5e78bf62c862b48b5be5c749d064c9624f84d0430576f9,4,0,True
train-0852-multi_file,multi_file,train-metrics-contract-migration,a01b340bff084f8101d7605d51efd80f53aee7fa083768c71b0081350ec74d20,7,0,True
train-0853-failure_recovery,failure_recovery,train-slug-whitespace-regression,738b0ae3176a8ddf0b40f6083ab5fc0b0bca320f8e240eaade0a56f9cf34e2e1,4,1,True
train-0854-missing_information,missing_information,train-unset-upload-timeout,55ec51789699ad640b54e788c8169e9789997d6a5f26ce5ea9227f678c2dda87,1,0,True
train-0855-no_tool,no_tool,train-explain-request-rate,2fc3d1c968cd825dd723957b88cb365e83c30f7ce7f4d5219559a7255d16db02,0,0,True
train-0856-invalid_path_recovery,invalid_path_recovery,train-stale-inventory-path,82e705433f2589b26d8db6ca014c7d5ba58731940e0e3f0cf7cb396a396121fe,4,1,True
train-0857-read_locate,read_locate,train-selected-storage-registry,80a6c39c33b1fb036c2058c0dcc423cede956ca81645e7aa6f5b34879f4c0342,3,0,True
train-0858-config_change,config_change,train-layered-environment-override,e5d10b45a95190619d5d5faca9bd0c769490f559bc8e0b5a246f816222218efe,4,0,True
train-0859-function_fix,function_fix,train-last-occurrence-order,0a9a838d8fef35e30521d8a3735c5bf2954c57c6f62a4e3ada2392708a18e3f6,4,0,True
train-0860-multi_file,multi_file,train-duration-unit-migration,7e4c7a8db54b29e4c2b899198f67e3f14cc3161a35e831d52f7c8803c2465f70,7,0,True
train-0861-failure_recovery,failure_recovery,train-moved-module-import,2714f9b1f6c2191fd3904cd73607014f9ed87488b38a6567c8241f5ffadc79f5,5,1,True
train-0862-missing_information,missing_information,train-unspecified-schedule-zone,8499e2b80567a66e3048af30147a9b38bc4cfedf22c53ed7f63f4f7acb5ed944,1,0,True
train-0863-no_tool,no_tool,train-given-rate-budget-calculation,cc30468460f38dd930ec25ecf2606cedcd9a15e2707e0f03d7455ddfcbd5c658,0,0,True
train-0864-invalid_path_recovery,invalid_path_recovery,train-current-stock-active-join,e059b75ee34293abe1d8585fb38e2adb61f886aea55b1394b9f0883ee033b228,5,1,True
train-0865-read_locate,read_locate,train-router-window-budget,59460f5a23072a6752e48193197c14fc2ff914314552ce1b79ef4afa87bed539,3,0,True
train-0866-config_change,config_change,train-profile-cache-json,6b96651d230efe7150743a4432786de918ffe4e3eb5b74a4df76024e21a306ca,3,0,True
train-0867-function_fix,function_fix,train-half-open-booking,65224d0f69778fd0e70456265ea9a15b07efd792184660f0c4d01d56d6c5a37b,4,0,True
train-0868-multi_file,multi_file,train-metrics-contract-migration,5c24c56c69ed5572be000323748c1b795e60241593f4f196a3307fb71b881d5a,7,0,True
train-0869-failure_recovery,failure_recovery,train-slug-whitespace-regression,4093af1527e7416ac9d65a21ba0b2abce56cd93d3c198207f9fb12734437a37f,4,1,True
train-0870-missing_information,missing_information,train-unset-upload-timeout,2a7b2aca6f17f3592500bfcdcfde21798923a031fd8c852e96aad4198e720bcf,1,0,True
train-0871-no_tool,no_tool,train-explain-request-rate,816074b4cea8757436570b0cf7355a601e745645742a49e5bec1830c25d0a548,0,0,True
train-0872-invalid_path_recovery,invalid_path_recovery,train-stale-inventory-path,ad33495172560d6469b37bf2b4bbd0f45697fe1ad228e33992b103d4c07218fa,4,1,True
train-0873-read_locate,read_locate,train-selected-storage-registry,6483410b7b1e6e5ac4618f3a784e8e95cb8f614ce87bdad775c54b1598fdca24,3,0,True
train-0874-config_change,config_change,train-layered-environment-override,03765972d6c49f0ddd30fc33fa089a8e81413ecceeb400db9dd525e812c589d7,4,0,True
train-0875-function_fix,function_fix,train-last-occurrence-order,47c9b8308da223349bdf3cd7f9f67ee4709377d374b43be22ebf7c1afd741d3f,4,0,True
train-0876-multi_file,multi_file,train-duration-unit-migration,04347def9a71c728fea241c4f318ae345cc80ad938abb5612e9b6eac0d7fb1a1,7,0,True
train-0877-failure_recovery,failure_recovery,train-moved-module-import,dddd6a341652aad2d97d8402fea04deba3ead860188741439cfc995aac9d1e29,5,1,True
train-0878-missing_information,missing_information,train-unspecified-schedule-zone,5d0839cf5e44d6b4ff71f11f2d6ecf343290c5690ad405faa8f04393c7fcc818,1,0,True
train-0879-no_tool,no_tool,train-given-rate-budget-calculation,22f10fb7566d4db00ab451d66789d2e66d6c0a9672861aaf5431b3cec3695235,0,0,True
train-0880-invalid_path_recovery,invalid_path_recovery,train-current-stock-active-join,63cca1cbe89b5a094ebbd72bc95d3f3ce1bf69df667d8f4e193554c66f855983,5,1,True
train-0881-read_locate,read_locate,train-router-window-budget,360b134f4de10d81c3cba218093e18b7ac77f6f3e1fba2e60703d548390930e7,3,0,True
train-0882-config_change,config_change,train-profile-cache-json,7b014d42b2adab81b1bdb6dd0fd7fe98ea0f694744ea81dcf761a4480dfd080b,3,0,True
train-0883-function_fix,function_fix,train-half-open-booking,9a15c8e7285aa828c470254358ac15a135aa65b1183bb0e7d37cf00424295149,4,0,True
train-0884-multi_file,multi_file,train-metrics-contract-migration,6d5125bf960786392d01bd307b69e0b65f8cedcc64efac445237f775cbd998af,7,0,True
train-0885-failure_recovery,failure_recovery,train-slug-whitespace-regression,b0b00384b6400db1b75746183f6ffa7175f1a17c6c8bee18572773a9f4ebf8c5,4,1,True
train-0886-missing_information,missing_information,train-unset-upload-timeout,7c074b614f20ff383c722e24e7c2a390b783f5f2abe4cf8e5f245ad4f1147ad2,1,0,True
train-0887-no_tool,no_tool,train-explain-request-rate,d578c57fb4d54467bc8242d34d638e537053c5291bc989b2283bc98df99799f2,0,0,True
train-0888-invalid_path_recovery,invalid_path_recovery,train-stale-inventory-path,1af7197c92a37259fcb2c2bbd335a4b8330d66d1188d85ee05b4b819a658d2a7,4,1,True
train-0889-read_locate,read_locate,train-selected-storage-registry,3513e517b01d393852479d19bc1dca6ca4b4bab08a9b93ea35a0018150633645,3,0,True
train-0890-config_change,config_change,train-layered-environment-override,9ebf5e1cad3d25ba55eead5de3e1308c69564dfea1256e2e93052be021e78d06,4,0,True
train-0891-function_fix,function_fix,train-last-occurrence-order,dbbd5628a3dc23fbec911c0324ea6cb6fc80b7b28c5e783516f946c3319eb290,4,0,True
train-0892-multi_file,multi_file,train-duration-unit-migration,29c72b65b6fd3b578c918d6030e59d726265f8341e435175e60aea29d2822e0b,7,0,True
train-0893-failure_recovery,failure_recovery,train-moved-module-import,c86b797f7d29ed99c47835000d77ceb66891c5ef37d47cc22fdefab6164f84e4,5,1,True
train-0894-missing_information,missing_information,train-unspecified-schedule-zone,c4f2abc910e2bbc676b30311253ae326d81d929568ffb5bde97e7f0251cebd05,1,0,True
train-0895-no_tool,no_tool,train-given-rate-budget-calculation,6b894dfdaa05a33068fcd75e01f8fd877ee007f76abeba5dac1a93cbd9eedf83,0,0,True
train-0896-invalid_path_recovery,invalid_path_recovery,train-current-stock-active-join,2c378bc74707f9b2cf48f3331b68731ffefd2958334e39f6d8b7fe0784b30c1c,5,1,True
train-0897-read_locate,read_locate,train-router-window-budget,2991046525c5e92fa1a285a714b47e3ffeae0146b4a0418014251256c55cfd85,3,0,True
train-0898-config_change,config_change,train-profile-cache-json,85b5ffe954076d9d75e826a65aa13b44793bf161c4db77ea7b9f2f0cf7642cd4,3,0,True
train-0899-function_fix,function_fix,train-half-open-booking,316ccb3573aa78ec41b2eb470489238f2f6dc5a0c68f2a5a4bdd50244d760103,4,0,True
train-0900-multi_file,multi_file,train-metrics-contract-migration,4bad789dec66d088d3886775a3ddc5746e67ae17019ac52e3ec1259b5355f35f,7,0,True
train-0901-failure_recovery,failure_recovery,train-slug-whitespace-regression,319dea8a1191c021e215058dcc0785274c2e92523d1d5e394cdad601b8dacf16,4,1,True
train-0902-missing_information,missing_information,train-unset-upload-timeout,b38887d2c571d0fe7f656f5292d91d7cf19682ff9c8e3a8a15d06798617b5b5a,1,0,True
train-0903-no_tool,no_tool,train-explain-request-rate,44540d722108ac41cab5ea5bb9c5b83a5c45e4786d2a834d0b09ce565ae39c5b,0,0,True
train-0904-invalid_path_recovery,invalid_path_recovery,train-stale-inventory-path,e5b5fb847c3726f0258e6ccde88ee8c31bfdb8b92e08745b42a07151471f2e75,4,1,True
train-0905-read_locate,read_locate,train-selected-storage-registry,3727747b603fd8c5fd1caf91a974e20ed324c2bf296922041ed27e470cbb5a06,3,0,True
train-0906-config_change,config_change,train-layered-environment-override,2c26ebbb178249e60ad708e41d031f4c4c1137ceb367da1bd0ea5672a34b6a5d,4,0,True
train-0907-function_fix,function_fix,train-last-occurrence-order,57c92a7cb1bc58cd8264f413e77499b564f374eb39a8cb784ef5bc633358f47b,4,0,True
train-0908-multi_file,multi_file,train-duration-unit-migration,66aeb1a0597caf2d69bd0020b142f0304606e8444b3f5ef7fe41b8b18277a595,7,0,True
train-0909-failure_recovery,failure_recovery,train-moved-module-import,d1d07fcfdd80e2b7071d5e58a4fb8ac4e84c2089659a067eeff5a6b11b9f12ac,5,1,True
train-0910-missing_information,missing_information,train-unspecified-schedule-zone,df67c4c49374a9cbb3241d6e0df1399cdcb92e461ad290ed5e71dc0fe292f5bf,1,0,True
train-0911-no_tool,no_tool,train-given-rate-budget-calculation,4f3570d2afabc118bd064ebbc011405aab0351c430f50c9f9c4429a25751a337,0,0,True
train-0912-invalid_path_recovery,invalid_path_recovery,train-current-stock-active-join,1adc6a0aa07ec35c0c604557ef7034e2e57027f2e39ad26583a7291aba100d0a,5,1,True
train-0913-read_locate,read_locate,train-router-window-budget,b5f9d92050e217bba0954bf74fe5c61302e7224034af6824ed15b3fa4ceead74,3,0,True
train-0914-config_change,config_change,train-profile-cache-json,b9d5c69db367dd9da05896c4efb9beb75cf3776686128a83e403bf7536081d65,3,0,True
train-0915-function_fix,function_fix,train-half-open-booking,62bbcbad7e6ff6117a6e319bee875f0de225781ca4fec285e00446c2dafec5f6,4,0,True
train-0916-multi_file,multi_file,train-metrics-contract-migration,c77600c5970bc5b1529c43f844059bec5cfe1dce5031594fe254ca136ab7cb65,7,0,True
train-0917-failure_recovery,failure_recovery,train-slug-whitespace-regression,872a26c3e867ce73a73cc84f332978dddcba66a07574e706d08f8cfe5ae27d40,4,1,True
train-0918-missing_information,missing_information,train-unset-upload-timeout,5788f6606a96c78d84ff547e6897e9c0efa830bde1bcadcd502b4b60c9093b43,1,0,True
train-0919-no_tool,no_tool,train-explain-request-rate,ff465e369ff82519251f7b818502bb55758d0b82d1bcb1788e28b946c71f0500,0,0,True
train-0920-invalid_path_recovery,invalid_path_recovery,train-stale-inventory-path,49ea7fc0b0fa124cb0d369fecbb2e541866204ee4d66f12c960640f7cc2c114f,4,1,True
train-0921-read_locate,read_locate,train-selected-storage-registry,4f18c8adf410303f5178ce50c7d6e948611b8f38c745e9f4efbf18f616c5f7ce,3,0,True
train-0922-config_change,config_change,train-layered-environment-override,40f92166ead0ec3f8213ffebf01e28f935227a7d94b85d8e7e255c39830fd52e,4,0,True
train-0923-function_fix,function_fix,train-last-occurrence-order,da7accc79e613ee70f177bc87a45178ab08c28ce708b85491d12c254ed7c1d55,4,0,True
train-0924-multi_file,multi_file,train-duration-unit-migration,bb7bbb3a05c5953057143e352979b04852009f553bd994e119e0488d1f1974f9,7,0,True
train-0925-failure_recovery,failure_recovery,train-moved-module-import,d6f9dfe7549e5e57ca687e280b265856b3692a056656520be8e0233679f46915,5,1,True
train-0926-missing_information,missing_information,train-unspecified-schedule-zone,415c3febf4c0995cc0b5facb57f9157bcaf65ac73ce5b85fa65a96ea8076c1b7,1,0,True
train-0927-no_tool,no_tool,train-given-rate-budget-calculation,8cf9ea4b808570c29e59c45cd40813d2a5242962a6562e69697bed3d6bf26b75,0,0,True
train-0928-invalid_path_recovery,invalid_path_recovery,train-current-stock-active-join,04ef5133930c3dc3401f18c0ff3ee29eb0553143f4225ebde120a09262fdffce,5,1,True
train-0929-read_locate,read_locate,train-router-window-budget,103bc0b25a9ea92603abfb2402bf44343a9bf5d81581275d6261a61c8b7f068a,3,0,True
train-0930-config_change,config_change,train-profile-cache-json,d052a7a425ea8fde0c4137956912666d383e52d1b13c032999fb383509cc6fb1,3,0,True
train-0931-function_fix,function_fix,train-half-open-booking,77887baf56f5cbcf7151e53ee061f79aacd870e7003f99ac5e7a1c413f6291db,4,0,True
train-0932-multi_file,multi_file,train-metrics-contract-migration,50733af3ecb146209165683c210f4d29d26e586173e47382b524f532dec0a19a,7,0,True
train-0933-failure_recovery,failure_recovery,train-slug-whitespace-regression,cd5100bc1bd8dd1bddcade8fc89659755561a516d6075dc48e880e5d09d40431,4,1,True
train-0934-missing_information,missing_information,train-unset-upload-timeout,a724560f961da765775ba8d1bdd4bb637b842db27136130d1bbea42e77e15f19,1,0,True
train-0935-no_tool,no_tool,train-explain-request-rate,7a55e62a9ed0a406ae24ea37593cc3440b1f12da8432dd0040c330300f4eaa93,0,0,True
train-0936-invalid_path_recovery,invalid_path_recovery,train-stale-inventory-path,0a3decedd01838786799b9a50cfaff95148331744ad35395f5e2a10eead10947,4,1,True
train-0937-read_locate,read_locate,train-selected-storage-registry,6aac6395f919597ddae71e60d14ef46ed104845c6b704dec70b5793710fbd0f3,3,0,True
train-0938-config_change,config_change,train-layered-environment-override,0de852351e15be1ccbe756d8ca1e3e2fe8dbd22b233a7a3b1a2187f5dd2f45cc,4,0,True
train-0939-function_fix,function_fix,train-last-occurrence-order,abc75ce8fa6874ac6ccacd24ff035872b977d65889f0d07ffe0c56587b61eca5,4,0,True
train-0940-multi_file,multi_file,train-duration-unit-migration,cdc84e300f0cda7a45b940384ec3e7de81c3ae65b7a5ff126ec1d5fdbb6f86c0,7,0,True
train-0941-failure_recovery,failure_recovery,train-moved-module-import,ce3d969da8cb7a3ab674e5c8dbcdd899bee6caa57e8c4aec5208b76ea2374810,5,1,True
train-0942-missing_information,missing_information,train-unspecified-schedule-zone,a3cbeceb0c908e4f8a6882352210795171e04be46fcb58a99a234e2f15b630a2,1,0,True
train-0943-no_tool,no_tool,train-given-rate-budget-calculation,1f085c8d9e6895069442f22cfea9111b61fadb19b9f468185ebf6424e83ef7ae,0,0,True
train-0944-invalid_path_recovery,invalid_path_recovery,train-current-stock-active-join,76e817b2ebc060b48949dc026be3b68913dde650cffe805ff8e914faaf1b4269,5,1,True
train-0945-read_locate,read_locate,train-router-window-budget,7b3d7e307bec428ebbd771334a6a9d1d5b066865a57f80d2640330836b3f5a61,3,0,True
train-0946-config_change,config_change,train-profile-cache-json,660eac42541b8b11e4b60520590d813b9c696303b22c80e0d3929cdd6001cf9d,3,0,True
train-0947-function_fix,function_fix,train-half-open-booking,b4dadfae117bd7ded82dd2180d46c30bd740265faa93b43d5a267550c2980a83,4,0,True
train-0948-multi_file,multi_file,train-metrics-contract-migration,a63ba18fe74ac3cc2cf32906c94382a91958b160dd2167a278aab254309ca1ed,7,0,True
train-0949-failure_recovery,failure_recovery,train-slug-whitespace-regression,e99570553eb86b032aaa68149f353ad552189850265f041c3d744632380f5176,4,1,True
train-0950-missing_information,missing_information,train-unset-upload-timeout,eebf49f7909bbc437d8427ab8f7bc2bc75e1fb54a7844da3fc44fb753b44e9bd,1,0,True
train-0951-no_tool,no_tool,train-explain-request-rate,b50f48bf55e36add56e504382620f89c905ead7ebc41acca70c813ceb1d43825,0,0,True
train-0952-invalid_path_recovery,invalid_path_recovery,train-stale-inventory-path,14606fb2638df94d837bc2b7c1377272ca71fb4274098f1258dd3369d7514569,4,1,True
train-0953-read_locate,read_locate,train-selected-storage-registry,d8e06f91a1b229223e694ad051be040bbd44c901ed00aaab5025b0234940ef25,3,0,True
train-0954-config_change,config_change,train-layered-environment-override,577ed841723a1b90097ca5aa9778d6ce42dd1663361a9e0ec008d49cd5a44f46,4,0,True
train-0955-function_fix,function_fix,train-last-occurrence-order,8c312ab44582e4cbf30a91173675a2a1cdb8280614a6a2900e2f68120b1880df,4,0,True
train-0956-multi_file,multi_file,train-duration-unit-migration,e15f2ad6f6704fd21b0c73e7e5ea8956bb050dfd3dac0750ba814c19961975e6,7,0,True
train-0957-failure_recovery,failure_recovery,train-moved-module-import,2df2bbcdbcd5c09eb12b0bb0e54297242dcd435d3729353dada06dfc87c62369,5,1,True
train-0958-missing_information,missing_information,train-unspecified-schedule-zone,5546a13fa121b1d0d0143b70600ccab134cf0256337b322dafad98832491b993,1,0,True
train-0959-no_tool,no_tool,train-given-rate-budget-calculation,cc4a902d188f8184875dbbef9c61813f367e4aeed538edf0cdbfc3ad74e1cbde,0,0,True
train-0960-invalid_path_recovery,invalid_path_recovery,train-current-stock-active-join,19146019349d947f0deaeb77ea065514cd5e3b2c03be47a5c385bf364afe695e,5,1,True
train-0961-read_locate,read_locate,train-router-window-budget,69aef581efbe029feb3324392a4e694581c3567bde218e5988ef67002d0a1c86,3,0,True
train-0962-config_change,config_change,train-profile-cache-json,c1f5e79462a8da8ef8ad0f57efbdadf8c0b0af153e383b0f9bed53b5e6897aff,3,0,True
train-0963-function_fix,function_fix,train-half-open-booking,1c932c465f737e95eaf797b714db6ef850693ac15b5c0568ff237e1a131aa0d2,4,0,True
train-0964-multi_file,multi_file,train-metrics-contract-migration,ff91d88fc1613869dfba90186cd91176cb5ab60e41dca773b79193da677b6687,7,0,True
train-0965-failure_recovery,failure_recovery,train-slug-whitespace-regression,9ed28ac853fb171c37220495ad9162e29968cc02122acc96c0d5876562a93e09,4,1,True
train-0966-missing_information,missing_information,train-unset-upload-timeout,e9dbe7e2a99c5aad39362487488564ab64d7f20825031eaba88b799321a21109,1,0,True
train-0967-no_tool,no_tool,train-explain-request-rate,5a5eed0b08d461db83a01ce83b5d0b8f9c8371d0b36483c481204cd5ea51f58d,0,0,True
train-0968-invalid_path_recovery,invalid_path_recovery,train-stale-inventory-path,729c4a94e58efbf8a3d32cdf22e072df1501b16f1ec5931557417a912d9c819f,4,1,True
train-0969-read_locate,read_locate,train-selected-storage-registry,d0b5ed5da4d698f60d0f19dc74c68c5615dd5214c952911c08e83b1260e74e45,3,0,True
train-0970-config_change,config_change,train-layered-environment-override,2bfbdd2cd43416f3cfe5f6f5cbe7f20964f74667c9246b208ee071ef6358c9e9,4,0,True
train-0971-function_fix,function_fix,train-last-occurrence-order,ecaf0bbd8ad68b5dede27b80589308237826c4a928f1369d6056855ca9fb55bd,4,0,True
train-0972-multi_file,multi_file,train-duration-unit-migration,98a5d82e73636417f4ab002c6590a74e520244e6def1d6180bba3ea61642b5c3,7,0,True
train-0973-failure_recovery,failure_recovery,train-moved-module-import,a285800d3d904e7dbccd35d86c28c21541d0691637f39c1e2ec41e80731d2bab,5,1,True
train-0974-missing_information,missing_information,train-unspecified-schedule-zone,73878a672e91be43613540847fbede9c54c5a9d1b477aab44f077f9aed8473bd,1,0,True
train-0975-no_tool,no_tool,train-given-rate-budget-calculation,b92a96ef5ee160b5fea472e054a6ac2841dbbca013c99e7c2d1709af0cc5214b,0,0,True
train-0976-invalid_path_recovery,invalid_path_recovery,train-current-stock-active-join,71e3470fe179ac24122a53f8772abe2f1cd70d01f610ea95916952a304c628b8,5,1,True
train-0977-read_locate,read_locate,train-router-window-budget,0a86f58316aca4df6a8116ee3e8828d87a559fc21002995f26893d8de8a8e81e,3,0,True
train-0978-config_change,config_change,train-profile-cache-json,336ae88cf3934753d4f5a2898b4524a7052b814aa5afd53cc20accfb3b45e1fc,3,0,True
train-0979-function_fix,function_fix,train-half-open-booking,43c87eb4c6fc642d3fd50105c8d60ff7e77f7aefcb2841c034f6cfa7158b655d,4,0,True
train-0980-multi_file,multi_file,train-metrics-contract-migration,43c47b19b4165fe11a822d12823f185299360addca3fde47abaae9a743abc5a1,7,0,True
train-0981-failure_recovery,failure_recovery,train-slug-whitespace-regression,a53fb18beb43fff5f1692573467dcc9c2d42da3e74be22ccba95cadca938a211,4,1,True
train-0982-missing_information,missing_information,train-unset-upload-timeout,4532fe7dbc3c461117dec2192ace5b6e77c42ea7231bdc2dfc72b6e0dd69ef73,1,0,True
train-0983-no_tool,no_tool,train-explain-request-rate,c5889938e323584d65433d0c034ad94b0ec5531d665a72fabd862a78899939f7,0,0,True
train-0984-invalid_path_recovery,invalid_path_recovery,train-stale-inventory-path,88ac6bcd799736270d7517fb82d3ae9caf847525483621f2aac80cf7b96e7df9,4,1,True
train-0985-read_locate,read_locate,train-selected-storage-registry,0b75c650d512c83a29de2c439decfa112628be653c50cca4e1ce9893c6401997,3,0,True
train-0986-config_change,config_change,train-layered-environment-override,e5dafa65ffafae685b2c2e2953e4bec61b8cdbf537794d6a5e68552bd8ee680b,4,0,True
train-0987-function_fix,function_fix,train-last-occurrence-order,db56552fe49f3f17f64c27e60bf0ae3e2eb38ade616033134554dc3fd01c438c,4,0,True
train-0988-multi_file,multi_file,train-duration-unit-migration,f3f51d8be1895c264ab0298d5bc6278b69822db97c4fc1e0058846da3952ee9d,7,0,True
train-0989-failure_recovery,failure_recovery,train-moved-module-import,745fce1482a925df096cce6168f34e5084e8c7749b75b124134c687960db0f8f,5,1,True
train-0990-missing_information,missing_information,train-unspecified-schedule-zone,4024045790585fe74af8df7b9558a94fa952a199e9aab6546605cdbb76fed693,1,0,True
train-0991-no_tool,no_tool,train-given-rate-budget-calculation,47e9442c21800c0173b9fd60b29c37182cfc86e8228f1de20445999cd5ed4b7b,0,0,True
train-0992-invalid_path_recovery,invalid_path_recovery,train-current-stock-active-join,8772bfe5e21c58bc289c6cd1a09029e64c6e056abc634592116c6e5f6418c313,5,1,True
train-0993-read_locate,read_locate,train-router-window-budget,65d5f9a3de14c5926bd44073e16328388342afd940f4f6677bb80bd6cdc32456,3,0,True
train-0994-config_change,config_change,train-profile-cache-json,18324ac6931515a9f2db85f6a7da41855ebde1502fde40e59cc082867b9ac376,3,0,True
train-0995-function_fix,function_fix,train-half-open-booking,d5bd39b9f3b6c2240fc34b4394e55e8b64d5bc9d56c9dbbc6b2e828489099875,4,0,True
train-0996-multi_file,multi_file,train-metrics-contract-migration,74afc3d499576a7998f091fb04f52faee40bd1a870d66c8dce4521d72b09c4b7,7,0,True
train-0997-failure_recovery,failure_recovery,train-slug-whitespace-regression,00ffe184f5871c60f4f3faa470887a203a81d66c147823d9ace36f2167fba2af,4,1,True
train-0998-missing_information,missing_information,train-unset-upload-timeout,ce3b1b0659dd68083330895c20171ba124a94320bc4ff4245e32c94e777a8b2a,1,0,True
train-0999-no_tool,no_tool,train-explain-request-rate,01693f894d78fdc9e1bcdb1ffa5cca2f041088018fe0a6aec6116c8b3a0b6c99,0,0,True
train-1000-invalid_path_recovery,invalid_path_recovery,train-stale-inventory-path,90cf14329bc16c015f61ea746a39f4186508d4c443ed94bac6f23dd8a80f56ca,4,1,True
