time,step,loss,eval_loss,grad_norm,learning_rate,epoch,num_tokens,supervised_tokens,step_seconds,peak_allocated_mib,peak_reserved_mib,allocated_mib,reserved_mib,device_free_mib,reserved_before_step_mib,reserved_after_release_mib
2026-10-02T13:38:08+08:00,0,,2.182032789649203,,,,,0,,5331.7265625,6658.0,1329.06005859375,1754.0,9251.0,,
2026-10-02T13:38:16+08:00,1,2.1377,,14.330172538757324,0.0,0.0005516480485450283,2916.0,345,6.906844500001171,2791.74169921875,4856.0,1403.7587890625,4856.0,6139.0,1754.0,1754.0
2026-10-02T13:38:23+08:00,2,1.9459,,17.53700828552246,1.818181818181818e-06,0.0011032960970900566,5816.0,626,6.816718000001856,2936.26953125,4956.0,1403.7587890625,4956.0,6039.0,4856.0,1834.0
2026-10-02T13:38:30+08:00,3,2.4229,,15.04547119140625,3.636363636363636e-06,0.0016549441456350847,8969.0,922,6.792901000000711,3633.7421875,3958.0,1403.7646484375,3958.0,7037.0,4956.0,1834.0
2026-10-02T13:38:37+08:00,4,1.8394,,13.579225540161133,5.4545454545454545e-06,0.0022065921941801132,12269.0,1212,7.0316989999992074,3052.04541015625,4136.0,1403.76904296875,4136.0,6859.0,3958.0,1836.0
2026-10-02T13:38:43+08:00,5,2.0862,,11.448763847351074,7.272727272727272e-06,0.0027582402427251415,15252.0,1563,6.657694299996365,3472.5400390625,5738.0,1403.76171875,5738.0,5257.0,4136.0,1836.0
2026-10-02T13:38:50+08:00,6,2.8853,,18.648527145385742,9.090909090909091e-06,0.0033098882912701694,18014.0,1843,7.050470200003474,3020.119140625,4880.0,1403.75439453125,4880.0,6115.0,5738.0,1836.0
2026-10-02T13:38:57+08:00,7,2.4679,,15.822172164916992,1.0909090909090909e-05,0.0038615363398151977,21004.0,2161,6.763609100002213,3094.4716796875,3960.0,1403.76025390625,3960.0,7035.0,4880.0,1834.0
2026-10-02T13:39:04+08:00,8,1.5267,,13.387767791748047,1.2727272727272727e-05,0.0044131843883602265,24834.0,2506,6.667006900002889,3773.30126953125,4088.0,1403.77783203125,4088.0,6907.0,3960.0,1836.0
2026-10-02T13:39:10+08:00,9,2.5514,,14.327352523803711,1.4545454545454545e-05,0.004964832436905255,27845.0,2856,6.721242400002666,3003.84130859375,5000.0,1403.76025390625,5000.0,5995.0,4088.0,1834.0
2026-10-02T13:39:17+08:00,10,1.8701,,13.121463775634766,1.6363636363636366e-05,0.005516480485450283,30803.0,3200,6.929419299995061,3138.5146484375,4816.0,1403.76171875,4816.0,6179.0,5000.0,1836.0
2026-10-02T13:39:25+08:00,11,1.534,,9.178521156311035,1.8181818181818182e-05,0.006068128533995311,35336.0,3809,7.7602126999991015,7505.4609375,10576.0,1403.796875,10576.0,0.0,4816.0,1834.0
2026-10-02T13:39:32+08:00,12,1.1619,,12.85126781463623,2e-05,0.006619776582540339,38874.0,4150,7.128832399997918,4552.27978515625,5612.0,1403.77490234375,5612.0,5383.0,10576.0,1834.0
2026-10-02T13:39:39+08:00,13,1.9832,,15.414103507995605,2.1818181818181818e-05,0.007171424631085367,41954.0,4429,6.698428199997579,2916.89111328125,4912.0,1403.76318359375,4912.0,6083.0,5612.0,1836.0
2026-10-02T13:39:46+08:00,14,1.092,,9.297876358032227,2.3636363636363637e-05,0.0077230726796303955,44871.0,4718,6.833934599999338,2991.84765625,4124.0,1403.7587890625,4124.0,6871.0,4912.0,1836.0
2026-10-02T13:39:52+08:00,15,1.9133,,13.988503456115723,2.5454545454545454e-05,0.008274720728175424,47710.0,5087,6.550510400003986,2890.30712890625,3252.0,1403.75732421875,3252.0,7743.0,4124.0,1836.0
2026-10-02T13:39:59+08:00,16,0.6777,,6.394031524658203,2.7272727272727273e-05,0.008826368776720453,51084.0,5465,6.6933742000037455,3703.6064453125,7590.0,1403.7705078125,7590.0,3405.0,3252.0,1834.0
2026-10-02T13:40:06+08:00,17,1.272,,9.796477317810059,2.909090909090909e-05,0.00937801682526548,53724.0,5747,6.6379566000032355,2761.37353515625,6332.0,1403.75439453125,6332.0,4663.0,7590.0,1834.0
2026-10-02T13:40:13+08:00,18,0.6622,,6.937660217285156,3.090909090909091e-05,0.00992966487381051,56915.0,6006,6.981597199999669,3096.083984375,4858.0,1403.7646484375,4858.0,6137.0,6332.0,1834.0
2026-10-02T13:40:20+08:00,19,0.2417,,2.574557304382324,3.272727272727273e-05,0.010481312922355537,61338.0,6430,7.2448105000003125,3731.5869140625,7514.0,1403.7939453125,7514.0,3481.0,4858.0,1834.0
2026-10-02T13:40:27+08:00,20,0.7035,,5.222599983215332,3.454545454545455e-05,0.011032960970900566,64563.0,6806,6.987966900000174,2927.12060546875,3308.0,1403.76611328125,3308.0,7687.0,7514.0,1834.0
2026-10-02T13:40:34+08:00,21,0.5454,,4.9274797439575195,3.6363636363636364e-05,0.011584609019445594,67580.0,7081,6.969525500004238,2954.64599609375,6864.0,1403.76171875,6864.0,4131.0,3308.0,1836.0
2026-10-02T13:40:41+08:00,22,0.3049,,3.020037889480591,3.818181818181819e-05,0.012136257067990623,70792.0,7473,6.969703000002482,3162.99365234375,5040.0,1403.76611328125,5040.0,5955.0,6864.0,1836.0
2026-10-02T13:40:48+08:00,23,0.5101,,5.495006561279297,4e-05,0.01268790511653565,74112.0,7824,6.7627155000009225,3138.52197265625,4096.0,1403.76904296875,4096.0,6899.0,5040.0,1834.0
2026-10-02T13:40:55+08:00,24,0.2815,,3.339036464691162,4.181818181818182e-05,0.013239553165080678,77381.0,8104,6.703209699997387,3396.873046875,5240.0,1403.767578125,5240.0,5755.0,4096.0,1836.0
2026-10-02T13:41:01+08:00,25,0.0396,,1.235408902168274,4.3636363636363636e-05,0.013791201213625707,80497.0,8427,6.915151900000637,3013.34228515625,3832.0,1403.7646484375,3832.0,7163.0,5240.0,1834.0
2026-10-02T13:41:08+08:00,26,0.5321,,3.7154388427734375,4.545454545454546e-05,0.014342849262170734,83565.0,8856,6.927681900000607,3451.86767578125,4872.0,1403.7646484375,4872.0,6123.0,3832.0,1836.0
2026-10-02T13:41:15+08:00,27,0.3864,,3.2130465507507324,4.7272727272727275e-05,0.014894497310715763,86740.0,9172,6.989050600001065,3202.08544921875,3558.0,1403.7646484375,3558.0,7437.0,4872.0,1834.0
2026-10-02T13:41:22+08:00,28,0.8115,,3.8274128437042236,4.909090909090909e-05,0.015446145359260791,89706.0,9562,7.025990300004196,2965.79443359375,4266.0,1403.76171875,4266.0,6729.0,3558.0,1834.0
2026-10-02T13:41:30+08:00,29,0.5872,,1.9657516479492188,5.090909090909091e-05,0.01599779340780582,94003.0,10205,7.263049399996817,6686.75634765625,9616.0,1403.79248046875,9616.0,654.85546875,4266.0,1834.0
2026-10-02T13:41:37+08:00,30,0.3728,,3.0119524002075195,5.272727272727272e-05,0.016549441456350848,96905.0,10493,6.922873199997412,2873.41015625,3784.0,1403.7587890625,3784.0,7211.0,9616.0,1836.0
2026-10-02T13:41:43+08:00,31,0.1582,,2.762875556945801,5.4545454545454546e-05,0.017101089504895875,99880.0,10742,6.789334799999779,2965.79443359375,4366.0,1403.76171875,4366.0,6629.0,3784.0,1836.0
2026-10-02T13:41:50+08:00,32,0.5574,,2.309415578842163,5.636363636363636e-05,0.017652737553440906,102658.0,11016,6.819621599999664,3019.33935546875,5994.0,1403.75439453125,5994.0,5001.0,4366.0,1834.0
2026-10-02T13:41:57+08:00,33,0.1639,,1.7905046939849854,5.818181818181818e-05,0.018204385601985933,105826.0,11365,6.685391200000595,3709.8974609375,5566.0,1403.7646484375,5566.0,5429.0,5994.0,1834.0
2026-10-02T13:42:04+08:00,34,0.2822,,2.3114466667175293,6e-05,0.01875603365053096,108774.0,11692,6.778159900000901,3126.72705078125,3488.0,1403.76171875,3488.0,7507.0,5566.0,1834.0
2026-10-02T13:42:11+08:00,35,0.3063,,1.3303465843200684,6.181818181818182e-05,0.019307681699075988,111665.0,12070,6.7805306000009296,3053.7490234375,5088.0,1403.76025390625,5088.0,5907.0,3488.0,1834.0
2026-10-02T13:42:17+08:00,36,0.2237,,1.827156901359558,6.363636363636364e-05,0.01985932974762102,115243.0,12373,6.745700100000249,3925.5556640625,5854.0,1403.77490234375,5854.0,5141.0,5088.0,1836.0
2026-10-02T13:42:24+08:00,37,0.3154,,2.107952833175659,6.545454545454546e-05,0.020410977796166047,118340.0,12697,6.713824400001613,3100.5703125,4648.0,1403.7646484375,4648.0,6347.0,5854.0,1836.0
2026-10-02T13:42:30+08:00,38,0.2072,,1.4493123292922974,6.727272727272727e-05,0.020962625844711074,121574.0,13059,6.242834700002277,3162.9951171875,4706.0,1403.767578125,4706.0,6289.0,4648.0,1834.0
2026-10-02T13:42:37+08:00,39,0.2543,,1.6030611991882324,6.90909090909091e-05,0.0215142738932561,124529.0,13324,6.97220930000185,2890.90380859375,5656.0,1403.76171875,5656.0,5339.0,4706.0,1834.0
2026-10-02T13:42:44+08:00,40,0.1788,,1.1053725481033325,7.090909090909092e-05,0.022065921941801132,127791.0,13703,6.667175700000371,4134.28564453125,4794.0,1403.767578125,4794.0,6201.0,5656.0,1836.0
2026-10-02T13:42:51+08:00,41,0.2376,,1.1690703630447388,7.272727272727273e-05,0.02261756999034616,130751.0,14008,6.845751799999562,2927.1162109375,3308.0,1403.76171875,3308.0,7687.0,4794.0,1834.0
2026-10-02T13:42:58+08:00,42,0.4186,,1.8960813283920288,7.454545454545455e-05,0.023169218038891187,133708.0,14386,6.898818500005291,2944.28271484375,5616.0,1403.76025390625,5616.0,5379.0,3308.0,1836.0
2026-10-02T13:43:05+08:00,43,0.2222,,1.1251943111419678,7.636363636363637e-05,0.023720866087436215,137132.0,14789,6.772357199995895,3731.56201171875,5116.0,1403.76904296875,5116.0,5879.0,5616.0,1836.0
2026-10-02T13:43:11+08:00,44,0.3188,,1.2044893503189087,7.818181818181818e-05,0.024272514135981246,140994.0,15212,6.71437120000337,3645.55517578125,5538.0,1403.78076171875,5538.0,5457.0,5116.0,1836.0
2026-10-02T13:43:18+08:00,45,0.2247,,1.0817714929580688,8e-05,0.024824162184526273,144547.0,15728,6.96974809999665,3795.5087890625,6876.0,1403.7734375,6876.0,4119.0,5538.0,1834.0
2026-10-02T13:43:25+08:00,46,0.1903,,1.1323856115341187,8.181818181818183e-05,0.0253758102330713,148312.0,16248,6.825681300004362,3569.22705078125,7608.0,1403.77783203125,7608.0,3387.0,6876.0,1834.0
2026-10-02T13:43:32+08:00,47,0.1705,,0.8260380625724792,8.363636363636364e-05,0.025927458281616328,152576.0,16700,6.9160657999964315,4657.12548828125,9244.0,1403.791015625,9244.0,1026.85546875,7608.0,1834.0
2026-10-02T13:43:39+08:00,48,0.1427,,2.2966086864471436,8.545454545454545e-05,0.026479106330161355,155566.0,16997,6.890734699998575,3454.29345703125,5008.0,1403.76318359375,5008.0,5987.0,9244.0,1834.0
2026-10-02T13:43:46+08:00,49,0.2278,,1.137040376663208,8.727272727272727e-05,0.027030754378706386,159691.0,17296,7.115199399995618,3528.208984375,7468.0,1403.7880859375,7468.0,3527.0,5008.0,1834.0
2026-10-02T13:43:53+08:00,50,0.2147,,1.42218017578125,8.90909090909091e-05,0.027582402427251414,162926.0,17588,6.768847999999707,3397.66064453125,5120.0,1403.7646484375,5120.0,5875.0,7468.0,1834.0
2026-10-02T13:44:00+08:00,51,0.0834,,0.7990400791168213,9.090909090909092e-05,0.02813405047579644,166462.0,17892,6.964998999996169,3311.52099609375,5796.0,1403.7734375,5796.0,5199.0,5120.0,1834.0
2026-10-02T13:44:06+08:00,52,0.167,,1.344993233680725,9.272727272727273e-05,0.02868569852434147,169799.0,18156,6.396241700000246,3580.109375,7144.0,1403.767578125,7144.0,3851.0,5796.0,1836.0
2026-10-02T13:44:13+08:00,53,0.2406,,1.8455443382263184,9.454545454545455e-05,0.0292373465728865,172825.0,18423,7.00985490000312,2922.77490234375,5386.0,1403.76171875,5386.0,5609.0,7144.0,1834.0
2026-10-02T13:44:20+08:00,54,0.1345,,0.8160872459411621,9.636363636363637e-05,0.029788994621431527,176172.0,18853,7.061397600002238,4188.2705078125,5176.0,1403.767578125,5176.0,5819.0,5386.0,1836.0
2026-10-02T13:44:27+08:00,55,0.1507,,1.1320180892944336,9.818181818181818e-05,0.030340642669976554,178974.0,19225,7.053960099998221,3106.80517578125,5736.0,1403.75732421875,5736.0,5259.0,5176.0,1834.0
2026-10-02T13:44:34+08:00,56,0.2442,,2.087613344192505,0.0001,0.030892290718521582,182191.0,19525,6.88685219999752,3335.404296875,4304.0,1403.76611328125,4304.0,6691.0,5736.0,1834.0
2026-10-02T13:44:41+08:00,57,0.3034,,1.8315837383270264,9.994311717861207e-05,0.03144393876706661,186198.0,19908,7.132183099995018,3311.53271484375,4910.0,1403.78515625,4910.0,6085.0,4304.0,1834.0
2026-10-02T13:44:48+08:00,58,0.2566,,1.574655294418335,9.988623435722412e-05,0.03199558681561164,189131.0,20213,6.875541599998542,2989.00830078125,4426.0,1403.7587890625,4426.0,6569.0,4910.0,1834.0
2026-10-02T13:44:55+08:00,59,0.1057,,0.8491964936256409,9.982935153583618e-05,0.03254723486415667,193249.0,20533,6.838235800001712,3451.88818359375,5496.0,1403.78515625,5496.0,5499.0,4426.0,1836.0
2026-10-02T13:45:02+08:00,60,0.1642,,1.3616150617599487,9.977246871444824e-05,0.033098882912701695,196306.0,20925,7.244239799998468,3044.38916015625,6112.0,1403.76318359375,6112.0,4883.0,5496.0,1836.0
2026-10-02T13:45:09+08:00,61,0.4612,,1.6903201341629028,9.971558589306031e-05,0.033650530961246726,199425.0,21289,6.39113609999913,2854.78173828125,3182.0,1403.76318359375,3182.0,7813.0,6112.0,1836.0
2026-10-02T13:45:16+08:00,62,0.1088,,0.9829634428024292,9.965870307167236e-05,0.03420217900979175,202860.0,21640,6.907168599995202,3374.73046875,4798.0,1403.77197265625,4798.0,6197.0,3182.0,1834.0
2026-10-02T13:45:23+08:00,63,0.1623,,1.5595693588256836,9.960182025028441e-05,0.03475382705833678,206317.0,21961,7.025340599997435,3100.57763671875,5384.0,1403.77197265625,5384.0,5611.0,4798.0,1836.0
2026-10-02T13:45:30+08:00,64,0.4029,,1.8677165508270264,9.954493742889648e-05,0.03530547510688181,209339.0,22247,6.842107199998281,3164.0693359375,3528.0,1403.76025390625,3528.0,7467.0,5384.0,1836.0
2026-10-02T13:45:36+08:00,65,0.1705,,1.0604315996170044,9.948805460750854e-05,0.035857123155426836,212250.0,22607,6.8403982000018,3763.51025390625,4088.0,1403.76025390625,4088.0,6907.0,3528.0,1834.0
2026-10-02T13:45:44+08:00,66,0.0515,,0.7900059223175049,9.94311717861206e-05,0.03640877120397187,215058.0,22902,7.120152300005429,3192.1533203125,3584.0,1403.75439453125,3584.0,7411.0,4088.0,1834.0
2026-10-02T13:45:51+08:00,67,0.479,,1.1326041221618652,9.937428896473265e-05,0.0369604192525169,219734.0,23824,7.8052498000033665,7018.494140625,9614.0,1403.802734375,9614.0,622.88671875,3584.0,1836.0
2026-10-02T13:45:59+08:00,68,0.1054,,1.0247710943222046,9.931740614334472e-05,0.03751206730106192,223238.0,24126,7.298299999994924,3141.154296875,6120.0,1403.77490234375,6120.0,4875.0,9614.0,1834.0
2026-10-02T13:46:06+08:00,69,0.195,,1.1095598936080933,9.926052332195678e-05,0.03806371534960695,226450.0,24413,6.817235799993796,3396.8701171875,3930.0,1403.7646484375,3930.0,7065.0,6120.0,1834.0
2026-10-02T13:46:12+08:00,70,0.0501,,0.46794867515563965,9.920364050056883e-05,0.038615363398151976,229622.0,24723,6.613818899997568,3396.86865234375,5248.0,1403.76318359375,5248.0,5747.0,3930.0,1836.0
2026-10-02T13:46:19+08:00,71,0.1351,,1.004111409187317,9.914675767918089e-05,0.03916701144669701,232956.0,25096,6.680883100001665,4200.7109375,6826.0,1403.7705078125,6826.0,4169.0,5248.0,1834.0
2026-10-02T13:46:26+08:00,72,0.2709,,1.5186258554458618,9.908987485779295e-05,0.03971865949524204,235997.0,25431,6.952244599997357,3203.564453125,4152.0,1403.76318359375,4152.0,6843.0,6826.0,1834.0
2026-10-02T13:46:33+08:00,73,0.3408,,1.6738451719284058,9.903299203640502e-05,0.04027030754378706,238820.0,25761,6.78812480000488,2771.3662109375,3130.0,1403.7587890625,3130.0,7865.0,4152.0,1836.0
2026-10-02T13:46:39+08:00,74,0.4197,,1.4004342555999756,9.897610921501707e-05,0.04082195559233209,242074.0,26073,6.813693099997181,3423.42626953125,3768.0,1403.7705078125,3768.0,7227.0,3130.0,1836.0
2026-10-02T13:46:46+08:00,75,0.1178,,0.7620516419410706,9.891922639362912e-05,0.04137360364087712,245300.0,26476,6.9245378999985405,3289.97705078125,4160.0,1403.76611328125,4160.0,6835.0,3768.0,1834.0
2026-10-02T13:46:54+08:00,76,0.1555,,0.9904544949531555,9.886234357224119e-05,0.04192525168942215,248551.0,26787,7.177491700000246,3137.71728515625,7704.0,1403.767578125,7704.0,3291.0,4160.0,1834.0
2026-10-02T13:47:00+08:00,77,0.1895,,1.228137493133545,9.880546075085326e-05,0.04247689973796718,251847.0,27121,6.73650560000533,3665.8203125,3988.0,1403.767578125,3988.0,7007.0,7704.0,1834.0
2026-10-02T13:47:07+08:00,78,0.1323,,1.0509859323501587,9.874857792946531e-05,0.0430285477865122,254825.0,27455,6.9375682000027155,2826.8291015625,3144.0,1403.76025390625,3144.0,7851.0,3988.0,1834.0
2026-10-02T13:47:14+08:00,79,0.1706,,0.9528880715370178,9.869169510807736e-05,0.043580195835057234,258359.0,27803,6.608261900000798,3353.8046875,4614.0,1403.7734375,4614.0,6381.0,3144.0,1834.0
2026-10-02T13:47:21+08:00,80,0.1776,,1.0975819826126099,9.863481228668943e-05,0.044131843883602265,262001.0,28205,6.623033299998497,3950.3798828125,5172.0,1403.7763671875,5172.0,5823.0,4614.0,1834.0
2026-10-02T13:47:27+08:00,81,0.1473,,1.0290745496749878,9.857792946530149e-05,0.04468349193214729,264862.0,28485,6.771210099999735,3083.60009765625,3448.0,1403.7587890625,3448.0,7547.0,5172.0,1834.0
2026-10-02T13:47:34+08:00,82,0.1672,,0.8734405636787415,9.852104664391355e-05,0.04523513998069232,268058.0,28878,6.879872999998042,3483.18115234375,4958.0,1403.76904296875,4958.0,6037.0,3448.0,1834.0
2026-10-02T13:47:41+08:00,83,0.0586,,0.6648842096328735,9.84641638225256e-05,0.045786788029237344,271789.0,29178,6.7672831999952905,3410.041015625,5924.0,1403.77783203125,5924.0,5071.0,4958.0,1834.0
2026-10-02T13:47:48+08:00,84,0.2604,,1.3077139854431152,9.840728100113766e-05,0.046338436077782375,274737.0,29468,6.973572300004889,2957.259765625,4104.0,1403.76025390625,4104.0,6891.0,5924.0,1834.0
2026-10-02T13:47:55+08:00,85,0.2435,,1.2243752479553223,9.835039817974973e-05,0.046890084126327405,277414.0,29778,7.0575796000048285,2967.4951171875,3338.0,1403.7529296875,3338.0,7657.0,4104.0,1834.0
2026-10-02T13:48:02+08:00,86,0.1421,,1.0879038572311401,9.829351535836178e-05,0.04744173217487243,280250.0,30144,6.837643899998511,2926.20068359375,3298.0,1403.755859375,3298.0,7697.0,3338.0,1834.0
2026-10-02T13:48:09+08:00,87,0.1546,,1.7356114387512207,9.823663253697383e-05,0.04799338022341746,283150.0,30389,6.781193399998301,2902.04931640625,5118.0,1403.7587890625,5118.0,5877.0,3298.0,1836.0
2026-10-02T13:48:16+08:00,88,0.0718,,0.6900089383125305,9.81797497155859e-05,0.04854502827196249,286191.0,30701,7.003143499998259,3003.84423828125,5992.0,1403.76318359375,5992.0,5003.0,5118.0,1834.0
2026-10-02T13:48:23+08:00,89,0.3059,,1.7563998699188232,9.812286689419797e-05,0.049096676320507515,289142.0,31037,6.692630099998496,3105.6826171875,4968.0,1403.76025390625,4968.0,6027.0,5992.0,1836.0
2026-10-02T13:48:31+08:00,90,0.0759,,0.9031463861465454,9.806598407281002e-05,0.049648324369052546,292878.0,31292,7.114165800005139,3089.1806640625,3458.0,1403.77783203125,3458.0,7537.0,4968.0,1834.0
2026-10-02T13:48:38+08:00,91,0.1362,,1.1486530303955078,9.800910125142207e-05,0.05019997241759757,296815.0,31719,7.223651200001768,3526.1572265625,7580.0,1403.78515625,7580.0,3415.0,3458.0,1834.0
2026-10-02T13:48:45+08:00,92,0.3109,,0.9023759365081787,9.795221843003414e-05,0.0507516204661426,301339.0,32552,7.491611899997224,7342.67822265625,9864.0,1403.796875,9864.0,375.04296875,7580.0,1836.0
2026-10-02T13:48:52+08:00,93,0.1333,,0.9077399969100952,9.789533560864619e-05,0.05130326851468763,304313.0,32842,7.0247744000007515,3095.27490234375,5208.0,1403.76025390625,5208.0,5787.0,9864.0,1834.0
2026-10-02T13:48:59+08:00,94,0.2666,,1.197914481163025,9.783845278725826e-05,0.051854916563232656,307451.0,33240,6.8643654999978025,2966.583984375,5736.0,1403.7646484375,5736.0,5259.0,5208.0,1836.0
2026-10-02T13:49:06+08:00,95,0.0991,,1.121061086654663,9.778156996587031e-05,0.05240656461177769,310531.0,33490,7.033605299999181,2890.90673828125,5016.0,1403.7646484375,5016.0,5979.0,5736.0,1834.0
2026-10-02T13:49:13+08:00,96,0.2486,,1.2705142498016357,9.772468714448237e-05,0.05295821266032271,313424.0,33878,6.876526300002297,3020.12353515625,4784.0,1403.7587890625,4784.0,6211.0,5016.0,1834.0
2026-10-02T13:49:20+08:00,97,0.0676,,0.7376651167869568,9.766780432309443e-05,0.05350986070886774,316650.0,34184,6.966512899998634,3137.400390625,3498.0,1403.76611328125,3498.0,7497.0,4784.0,1836.0
2026-10-02T13:49:27+08:00,98,0.123,,1.0135688781738281,9.761092150170649e-05,0.05406150875741277,320024.0,34485,6.495241599994188,3257.0283203125,5096.0,1403.7705078125,5096.0,5899.0,3498.0,1834.0
2026-10-02T13:49:33+08:00,99,0.1724,,1.5756205320358276,9.755403868031855e-05,0.0546131568059578,322807.0,34833,6.8399881000004825,3170.53759765625,4120.0,1403.75732421875,4120.0,6875.0,5096.0,1836.0
2026-10-02T13:49:40+08:00,100,0.0151,,0.6664896607398987,9.749715585893061e-05,0.05516480485450283,326599.0,35266,6.981764900003327,4765.216796875,5422.0,1403.7763671875,5422.0,5573.0,4120.0,1836.0
2026-10-02T13:54:50+08:00,100,,0.18207749663588166,,,0.05516480485450283,,35266,,5406.44287109375,6724.0,1403.7763671875,1834.0,9161.0,,
2026-10-02T13:54:59+08:00,101,0.2086,,1.6816859245300293,9.744027303754266e-05,0.05571645290304786,329730.0,35535,7.001335399996606,3122.41748046875,5904.0,1403.7646484375,5904.0,5091.0,1834.0,1834.0
2026-10-02T13:55:06+08:00,102,0.0695,,0.9249140024185181,9.738339021615473e-05,0.05626810095159288,332637.0,35860,7.061239700000442,2980.08642578125,3358.0,1403.7587890625,3358.0,7637.0,5904.0,1836.0
2026-10-02T13:55:13+08:00,103,0.1002,,1.0020853281021118,9.732650739476678e-05,0.05681974900013791,335570.0,36208,6.935699699999532,3097.4443359375,4896.0,1403.76025390625,4896.0,6099.0,3358.0,1836.0
2026-10-02T13:55:20+08:00,104,0.0653,,0.6175131797790527,9.726962457337885e-05,0.05737139704868294,338855.0,36580,6.764453700001468,3375.529296875,5800.0,1403.767578125,5800.0,5195.0,4896.0,1836.0
2026-10-02T13:55:27+08:00,105,0.1729,,0.6122525334358215,9.72127417519909e-05,0.05792304509722797,343256.0,37260,7.448310100000526,6115.59423828125,9122.0,1403.7939453125,9122.0,1148.85546875,5800.0,1838.0
2026-10-02T13:55:34+08:00,106,0.0665,,0.6653198003768921,9.715585893060297e-05,0.058474693145773,346441.0,37559,6.822178499998699,3219.17333984375,4686.0,1403.76611328125,4686.0,6309.0,9122.0,1834.0
2026-10-02T13:55:41+08:00,107,0.1263,,0.8464571237564087,9.709897610921502e-05,0.05902634119431802,349357.0,37907,6.887226700004248,2987.30078125,5144.0,1403.7587890625,5144.0,5851.0,4686.0,1834.0
2026-10-02T13:55:48+08:00,108,0.1605,,1.0952889919281006,9.704209328782709e-05,0.059577989242863054,352637.0,38238,6.731490999998641,3623.2333984375,4614.0,1403.767578125,4614.0,6381.0,5144.0,1834.0
2026-10-02T13:55:54+08:00,109,0.209,,1.0852761268615723,9.698521046643914e-05,0.060129637291408085,355619.0,38584,6.561664100001508,3245.0068359375,4088.0,1403.76318359375,4088.0,6907.0,4614.0,1836.0
2026-10-02T13:56:01+08:00,110,0.0389,,0.5283116102218628,9.69283276450512e-05,0.06068128533995311,358772.0,38890,6.65554439999687,3267.6640625,3618.0,1403.76611328125,3618.0,7377.0,4088.0,1836.0
2026-10-02T13:56:08+08:00,111,0.1843,,1.3259555101394653,9.687144482366326e-05,0.06123293338849814,361626.0,39222,6.946131099997729,2885.83203125,3752.0,1403.7587890625,3752.0,7243.0,3618.0,1834.0
2026-10-02T13:56:15+08:00,112,0.0727,,0.9441428184509277,9.681456200227532e-05,0.061784581437043164,364894.0,39548,6.584455199998047,3245.814453125,4514.0,1403.767578125,4514.0,6481.0,3752.0,1834.0
2026-10-02T13:56:21+08:00,113,0.1353,,1.3757729530334473,9.675767918088738e-05,0.062336229485588195,367992.0,39811,6.732469800001127,3075.6015625,5392.0,1403.7646484375,5392.0,5603.0,4514.0,1834.0
2026-10-02T13:56:28+08:00,114,0.2186,,1.3494689464569092,9.670079635949944e-05,0.06288787753413322,371474.0,40106,6.800262599994312,2997.67724609375,4120.0,1403.7734375,4120.0,6875.0,5392.0,1834.0
2026-10-02T13:56:35+08:00,115,0.054,,0.6809442639350891,9.66439135381115e-05,0.06343952558267825,374722.0,40415,7.119203500005824,3356.50244140625,5796.0,1403.76611328125,5796.0,5199.0,4120.0,1836.0
2026-10-02T13:56:42+08:00,116,0.1282,,0.9904183745384216,9.658703071672356e-05,0.06399117363122328,378201.0,40799,6.795423399998981,3989.31982421875,4528.0,1403.7734375,4528.0,6467.0,5796.0,1836.0
2026-10-02T13:56:49+08:00,117,0.1213,,1.025065541267395,9.653014789533561e-05,0.06454282167976831,381108.0,41136,7.00541830000293,3428.77587890625,4432.0,1403.76025390625,4432.0,6563.0,4528.0,1836.0
2026-10-02T13:56:56+08:00,118,0.1429,,1.1693686246871948,9.647326507394768e-05,0.06509446972831334,384112.0,41404,6.716643699997803,3003.84130859375,3808.0,1403.76025390625,3808.0,7187.0,4432.0,1834.0
2026-10-02T13:57:03+08:00,119,0.286,,1.456129550933838,9.641638225255973e-05,0.06564611777685836,387684.0,41740,6.918238599995675,3473.17041015625,4370.0,1403.77490234375,4370.0,6625.0,3808.0,1836.0
2026-10-02T13:57:10+08:00,120,0.3091,,1.635530948638916,9.63594994311718e-05,0.06619776582540339,390326.0,42132,6.944706299997051,2880.533203125,4134.0,1403.7529296875,4134.0,6861.0,4370.0,1836.0
2026-10-02T13:57:17+08:00,121,0.1177,,0.9589879512786865,9.630261660978385e-05,0.06674941387394842,394051.0,42472,6.765522599998803,3672.560546875,5658.0,1403.779296875,5658.0,5337.0,4134.0,1834.0
2026-10-02T13:57:24+08:00,122,0.1081,,0.8125559091567993,9.624573378839592e-05,0.06730106192249345,397402.0,42810,7.209337200001755,3453.5634765625,4852.0,1403.767578125,4852.0,6143.0,5658.0,1834.0
2026-10-02T13:57:31+08:00,123,0.1449,,1.291750431060791,9.618885096700797e-05,0.06785270997103848,400740.0,43125,6.942355999999563,3400.703125,4378.0,1403.767578125,4378.0,6617.0,4852.0,1836.0
2026-10-02T13:57:38+08:00,124,0.1917,,1.147235631942749,9.613196814562003e-05,0.0684043580195835,404588.0,43500,6.988416300002427,3354.6025390625,5464.0,1403.78076171875,5464.0,5531.0,4378.0,1836.0
2026-10-02T13:57:45+08:00,125,0.1198,,0.9484286308288574,9.607508532423209e-05,0.06895600606812853,407920.0,43791,6.877515200001653,3150.51220703125,5244.0,1403.76904296875,5244.0,5751.0,5464.0,1836.0
2026-10-02T13:57:52+08:00,126,0.1747,,1.0709209442138672,9.601820250284415e-05,0.06950765411667356,410976.0,44091,7.149456700004521,2922.7763671875,5148.0,1403.76318359375,5148.0,5847.0,5244.0,1834.0
2026-10-02T13:57:59+08:00,127,0.0706,,0.7734656929969788,9.59613196814562e-05,0.07005930216521859,414391.0,44394,6.815157899996848,3368.99267578125,5624.0,1403.77197265625,5624.0,5371.0,5148.0,1834.0
2026-10-02T13:58:05+08:00,128,0.1735,,1.124382495880127,9.590443686006826e-05,0.07061095021376362,417581.0,44717,6.708203800000774,3234.60107421875,6552.0,1403.76611328125,6552.0,4443.0,5624.0,1834.0
2026-10-02T13:58:12+08:00,129,0.0865,,0.5908634662628174,9.584755403868032e-05,0.07116259826230864,420967.0,45242,7.073571799999627,4371.72607421875,6474.0,1403.76904296875,6474.0,4521.0,6552.0,1836.0
2026-10-02T13:58:19+08:00,130,0.1024,,0.8808388113975525,9.579067121729239e-05,0.07171424631085367,424656.0,45532,6.962027599998692,3280.3994140625,3638.0,1403.7763671875,3638.0,7357.0,6474.0,1836.0
2026-10-02T13:58:26+08:00,131,0.3196,,1.5547198057174683,9.573378839590444e-05,0.0722658943593987,427766.0,45849,6.679421900000307,3593.70556640625,7004.0,1403.7646484375,7004.0,3991.0,3638.0,1834.0
2026-10-02T13:58:33+08:00,132,0.2211,,1.0444284677505493,9.56769055745165e-05,0.07281754240794373,430210.0,46188,6.852925699997286,2602.25732421875,2990.0,1403.74853515625,2990.0,8005.0,7004.0,1836.0
2026-10-02T13:58:40+08:00,133,0.0675,,0.7180524468421936,9.562002275312856e-05,0.07336919045648876,433727.0,46546,6.788065700005973,4496.4833984375,6358.0,1403.7734375,6358.0,4637.0,2990.0,1834.0
2026-10-02T13:58:47+08:00,134,0.1081,,0.8852291703224182,9.556313993174063e-05,0.0739208385050338,437146.0,46856,6.93719609999971,3128.66552734375,7240.0,1403.7705078125,7240.0,3755.0,6358.0,1834.0
2026-10-02T13:58:54+08:00,135,0.0445,,0.5362985134124756,9.550625711035268e-05,0.07447248655357881,440196.0,47152,6.788957099997788,3013.33935546875,4480.0,1403.76171875,4480.0,6515.0,7240.0,1834.0
2026-10-02T13:59:00+08:00,136,0.145,,0.876081109046936,9.544937428896473e-05,0.07502413460212384,443400.0,47545,6.7570575999998255,3666.0244140625,3988.0,1403.7646484375,3988.0,7007.0,4480.0,1836.0
2026-10-02T13:59:07+08:00,137,0.4813,,2.0285961627960205,9.53924914675768e-05,0.07557578265066887,446456.0,47801,6.404018299996096,3003.84130859375,5072.0,1403.76025390625,5072.0,5923.0,3988.0,1834.0
2026-10-02T13:59:13+08:00,138,0.096,,0.9311405420303345,9.533560864618886e-05,0.0761274306992139,449601.0,48167,6.664881099997729,3131.78125,5696.0,1403.7646484375,5696.0,5299.0,5072.0,1834.0
2026-10-02T13:59:20+08:00,139,0.0873,,0.7288957238197327,9.527872582480092e-05,0.07667907874775894,452539.0,48472,6.747063199996774,2988.31298828125,6446.0,1403.7587890625,6446.0,4549.0,5696.0,1834.0
2026-10-02T13:59:27+08:00,140,0.0831,,0.6297231912612915,9.522184300341297e-05,0.07723072679630395,455456.0,48735,6.920743099995889,2885.8349609375,3928.0,1403.76171875,3928.0,7067.0,6446.0,1834.0
2026-10-02T13:59:34+08:00,141,0.0569,,0.5696476101875305,9.516496018202503e-05,0.07778237484484898,458574.0,49046,6.785086099996988,2882.73291015625,6680.0,1403.7646484375,6680.0,4315.0,3928.0,1836.0
2026-10-02T13:59:41+08:00,142,0.1812,,0.9468347430229187,9.51080773606371e-05,0.07833402289339401,461719.0,49478,6.781704900000477,3720.51953125,4936.0,1403.7646484375,4936.0,6059.0,6680.0,1836.0
2026-10-02T13:59:48+08:00,143,0.1905,,1.0595722198486328,9.505119453924915e-05,0.07888567094193905,464864.0,49825,7.212350900001184,3678.56982421875,6696.0,1403.76611328125,6696.0,4299.0,4936.0,1836.0
2026-10-02T13:59:55+08:00,144,0.0967,,0.3961068391799927,9.49943117178612e-05,0.07943731899048408,470522.0,51148,7.516726900001231,6628.568359375,7802.0,1403.8232421875,7802.0,3193.0,6696.0,1836.0
2026-10-02T14:00:02+08:00,145,0.1084,,0.9438000321388245,9.493742889647327e-05,0.0799889670390291,473927.0,51469,6.573116600004141,3206.69189453125,4498.0,1403.76904296875,4498.0,6497.0,7802.0,1834.0
2026-10-02T14:00:08+08:00,146,0.1701,,1.127487063407898,9.488054607508534e-05,0.08054061508757412,477160.0,51762,6.461640800000168,3035.02734375,4184.0,1403.76611328125,4184.0,6811.0,4498.0,1836.0
2026-10-02T14:00:15+08:00,147,0.0716,,0.673435389995575,9.482366325369739e-05,0.08109226313611916,480908.0,52129,6.827288000000408,4454.73486328125,8658.0,1403.77783203125,8658.0,1581.04296875,4184.0,1834.0
2026-10-02T14:00:22+08:00,148,0.153,,1.1574883460998535,9.476678043230944e-05,0.08164391118466419,484343.0,52440,7.158874300002935,3282.55126953125,5464.0,1403.77197265625,5464.0,5531.0,8658.0,1834.0
2026-10-02T14:00:30+08:00,149,0.0667,,0.8043057918548584,9.470989761092151e-05,0.08219555923320922,487453.0,52723,7.284587599999213,3181.755859375,4312.0,1403.7646484375,4312.0,6683.0,5464.0,1836.0
2026-10-02T14:00:37+08:00,150,0.2142,,1.2795374393463135,9.465301478953356e-05,0.08274720728175423,490399.0,53024,6.9916911000036635,2944.28125,6760.0,1403.7587890625,6760.0,4235.0,4312.0,1834.0
2026-10-02T14:00:44+08:00,151,0.1935,,1.6132559776306152,9.459613196814563e-05,0.08329885533029927,493424.0,53256,6.859333399996103,3148.92236328125,5904.0,1403.76171875,5904.0,5091.0,6760.0,1834.0
2026-10-02T14:00:51+08:00,152,0.1003,,0.9149397611618042,9.453924914675768e-05,0.0838505033788443,496162.0,53651,6.923593399995298,3053.74609375,4744.0,1403.75732421875,4744.0,6251.0,5904.0,1836.0
2026-10-02T14:00:58+08:00,153,0.0793,,1.0006448030471802,9.448236632536975e-05,0.08440215142738933,499565.0,53945,6.991092199998093,3181.72314453125,3538.0,1403.76904296875,3538.0,7457.0,4744.0,1836.0
2026-10-02T14:01:04+08:00,154,0.0583,,0.7258732914924622,9.44254835039818e-05,0.08495379947593436,502748.0,54250,6.88515329999791,3180.95263671875,5368.0,1403.7646484375,5368.0,5627.0,3538.0,1834.0
2026-10-02T14:01:12+08:00,155,0.1199,,1.0964884757995605,9.436860068259386e-05,0.08550544752447939,505487.0,54533,7.0862187999955495,3010.0478515625,5600.0,1403.755859375,5600.0,5395.0,5368.0,1834.0
2026-10-02T14:01:18+08:00,156,0.1587,,1.2877064943313599,9.431171786120592e-05,0.0860570955730244,508846.0,54870,6.754791700004716,3483.91650390625,7044.0,1403.76904296875,7044.0,3951.0,5600.0,1834.0
2026-10-02T14:01:26+08:00,157,0.0558,,0.5618892908096313,9.425483503981798e-05,0.08660874362156944,512331.0,55236,7.320251199998893,3882.48486328125,7310.0,1403.7734375,7310.0,3685.0,7044.0,1836.0
2026-10-02T14:01:33+08:00,158,0.1392,,0.9085883498191833,9.419795221843003e-05,0.08716039167011447,515430.0,55583,6.888308600005985,3160.13623046875,7874.0,1403.7646484375,7874.0,3121.0,7310.0,1834.0
2026-10-02T14:01:40+08:00,159,0.1932,,1.1710258722305298,9.41410693970421e-05,0.0877120397186595,518563.0,55916,7.200056800000311,3279.603515625,6736.0,1403.76611328125,6736.0,4259.0,7874.0,1836.0
2026-10-02T14:01:47+08:00,160,0.1984,,0.7797968983650208,9.408418657565415e-05,0.08826368776720453,522792.0,56438,6.969238199999381,4605.005859375,7750.0,1403.78955078125,7750.0,3245.0,6736.0,1836.0
2026-10-02T14:01:54+08:00,161,0.0596,,0.7476993203163147,9.402730375426622e-05,0.08881533581574955,525927.0,56749,7.108325499997591,3301.2001953125,5780.0,1403.7646484375,5780.0,5215.0,7750.0,1834.0
2026-10-02T14:02:01+08:00,162,0.3468,,1.485798954963684,9.397042093287827e-05,0.08936698386429458,529004.0,57159,6.913687700005539,3042.35009765625,3418.0,1403.76318359375,3418.0,7577.0,5780.0,1834.0
2026-10-02T14:02:08+08:00,163,0.1749,,1.0404274463653564,9.391353811149032e-05,0.08991863191283961,532454.0,57458,7.249498999997741,3657.8349609375,8118.0,1403.77197265625,8118.0,2092.234375,3418.0,1834.0
2026-10-02T14:02:15+08:00,164,0.0907,,0.7841050624847412,9.385665529010239e-05,0.09047027996138464,535142.0,57779,6.7605489999987185,2706.94140625,5344.0,1403.755859375,5344.0,5651.0,8118.0,1836.0
2026-10-02T14:02:22+08:00,165,0.1117,,1.072975754737854,9.379977246871446e-05,0.09102192800992967,539068.0,58349,6.787921200004348,5575.62939453125,9128.0,1403.7822265625,9128.0,1111.04296875,5344.0,1836.0
2026-10-02T14:02:28+08:00,166,0.1945,,1.0524482727050781,9.374288964732651e-05,0.09157357605847469,542673.0,58739,6.2657526999973925,2987.31689453125,4440.0,1403.77490234375,4440.0,6555.0,9128.0,1836.0
2026-10-02T14:02:35+08:00,167,0.2485,,1.266908884048462,9.368600682593856e-05,0.09212522410701972,545803.0,59059,6.895721799999592,2964.41845703125,3330.0,1403.7646484375,3330.0,7665.0,4440.0,1834.0
2026-10-02T14:02:42+08:00,168,0.1253,,1.0316091775894165,9.362912400455063e-05,0.09267687215556475,548978.0,59377,6.907304699998349,3352.79736328125,3698.0,1403.7646484375,3698.0,7297.0,3330.0,1834.0
2026-10-02T14:02:49+08:00,169,0.0819,,0.44819217920303345,9.357224118316269e-05,0.09322852020410978,552812.0,60077,7.38214870000229,4614.01708984375,8174.0,1403.78076171875,8174.0,2103.921875,3698.0,1834.0
2026-10-02T14:02:56+08:00,170,0.1173,,0.8733214139938354,9.351535836177475e-05,0.09378016825265481,555654.0,60392,6.8156683000052,3181.75,5472.0,1403.7587890625,5472.0,5523.0,8174.0,1834.0
2026-10-02T14:03:03+08:00,171,0.3296,,0.838746964931488,9.34584755403868e-05,0.09433181630119983,559277.0,60961,7.110745599995425,4775.365234375,6076.0,1403.77490234375,6076.0,4919.0,5472.0,1836.0
2026-10-02T14:03:10+08:00,172,0.1293,,1.0916309356689453,9.340159271899886e-05,0.09488346434974486,562389.0,61200,6.729474600004323,3169.74169921875,5176.0,1403.7646484375,5176.0,5819.0,6076.0,1834.0
2026-10-02T14:03:17+08:00,173,0.1077,,0.7264119982719421,9.334470989761093e-05,0.09543511239828989,565826.0,61550,6.733898599995882,4109.3525390625,5066.0,1403.77197265625,5066.0,5929.0,5176.0,1836.0
2026-10-02T14:03:23+08:00,174,0.2603,,1.2426131963729858,9.328782707622298e-05,0.09598676044683492,569008.0,61871,6.6684927999958745,3041.6337890625,5056.0,1403.76611328125,5056.0,5939.0,5066.0,1834.0
2026-10-02T14:03:30+08:00,175,0.0692,,0.5801727175712585,9.323094425483503e-05,0.09653840849537995,573014.0,62387,7.0832789999985835,4764.927734375,6994.0,1403.78369140625,6994.0,4001.0,5056.0,1836.0
2026-10-02T14:03:37+08:00,176,0.0954,,0.7461215257644653,9.31740614334471e-05,0.09709005654392498,576281.0,62816,6.969116400003259,4204.22509765625,4748.0,1403.76904296875,4748.0,6247.0,6994.0,1834.0
2026-10-02T14:03:44+08:00,177,0.0743,,0.6155714988708496,9.311717861205917e-05,0.09764170459247,579403.0,63141,6.940733600000385,3010.05517578125,5248.0,1403.76318359375,5248.0,5747.0,4748.0,1834.0
2026-10-02T14:03:51+08:00,178,0.1362,,0.8145002722740173,9.306029579067122e-05,0.09819335264101503,582638.0,63475,6.959019299996726,3053.75634765625,4576.0,1403.767578125,4576.0,6419.0,5248.0,1836.0
2026-10-02T14:03:58+08:00,179,0.0578,,0.784669041633606,9.300341296928327e-05,0.09874500068956006,585272.0,63769,6.703042599998298,2812.2744140625,3192.0,1403.7529296875,3192.0,7803.0,4576.0,1836.0
2026-10-02T14:04:05+08:00,180,0.1134,,0.6555785536766052,9.294653014789534e-05,0.09929664873810509,588529.0,64058,6.768902899995737,2913.79052734375,5156.0,1403.767578125,5156.0,5839.0,3192.0,1834.0
2026-10-02T14:04:12+08:00,181,0.1316,,0.9166744947433472,9.28896473265074e-05,0.09984829678665012,591702.0,64347,6.9343372000003,3316.74658203125,4992.0,1403.7646484375,4992.0,6003.0,5156.0,1834.0
2026-10-02T14:04:19+08:00,182,0.1722,,0.9998149275779724,9.283276450511946e-05,0.10039994483519514,594732.0,64703,6.881691499998851,3109.931640625,4624.0,1403.76318359375,4624.0,6371.0,4992.0,1834.0
2026-10-02T14:04:26+08:00,183,0.1215,,1.6493947505950928,9.277588168373151e-05,0.10095159288374017,598297.0,65023,7.171477899995807,3701.07861328125,6982.0,1403.7734375,6982.0,4013.0,4624.0,1834.0
2026-10-02T14:04:32+08:00,184,0.1374,,0.9089357256889343,9.271899886234357e-05,0.1015032409322852,601191.0,65416,6.699763700002222,3000.73486328125,4848.0,1403.7587890625,4848.0,6147.0,6982.0,1836.0
2026-10-02T14:04:40+08:00,185,0.1096,,0.9375755190849304,9.266211604095564e-05,0.10205488898083023,604212.0,65738,7.0394076999946265,2933.92333984375,3848.0,1403.76171875,3848.0,7147.0,4848.0,1834.0
2026-10-02T14:04:46+08:00,186,0.278,,1.1792950630187988,9.26052332195677e-05,0.10260653702937526,607522.0,66087,6.840184699998645,3333.052734375,6448.0,1403.767578125,6448.0,4547.0,3848.0,1836.0
2026-10-02T14:04:53+08:00,187,0.1259,,0.8875219821929932,9.254835039817975e-05,0.10315818507792028,611137.0,66408,7.061197900002298,3267.44189453125,4080.0,1403.7763671875,4080.0,6915.0,6448.0,1836.0
2026-10-02T14:05:01+08:00,188,0.1722,,1.1743087768554688,9.249146757679181e-05,0.10370983312646531,614246.0,66695,6.7772707999974955,3234.59814453125,4488.0,1403.76318359375,4488.0,6507.0,4080.0,1836.0
2026-10-02T14:05:08+08:00,189,0.3183,,1.4952423572540283,9.243458475540388e-05,0.10426148117501034,616907.0,67024,7.142536699997436,2788.4482421875,3624.0,1403.75439453125,3624.0,7371.0,4488.0,1836.0
2026-10-02T14:05:15+08:00,190,0.0671,,0.6562429666519165,9.237770193401593e-05,0.10481312922355537,620281.0,67383,6.7826605000009295,4356.5986328125,7134.0,1403.7705078125,7134.0,3861.0,3624.0,1834.0
2026-10-02T14:05:22+08:00,191,0.1014,,0.8198308348655701,9.232081911262798e-05,0.1053647772721004,623766.0,67737,7.164125099996454,3335.41162109375,6472.0,1403.7734375,6472.0,4523.0,7134.0,1834.0
2026-10-02T14:05:29+08:00,192,0.1781,,1.197326898574829,9.226393629124005e-05,0.10591642532064542,626976.0,68014,6.906793500005733,3075.6044921875,4244.0,1403.767578125,4244.0,6751.0,6472.0,1834.0
2026-10-02T14:05:36+08:00,193,0.1367,,0.8973073363304138,9.220705346985211e-05,0.10646807336919045,629790.0,68359,6.610530499994638,3013.33349609375,4640.0,1403.755859375,4640.0,6355.0,4244.0,1836.0
2026-10-02T14:05:43+08:00,194,0.1127,,0.7476705312728882,9.215017064846417e-05,0.10701972141773548,633008.0,68666,7.085493599995971,2882.734375,4776.0,1403.76611328125,4776.0,6219.0,4640.0,1834.0
2026-10-02T14:05:50+08:00,195,0.1219,,1.0180909633636475,9.209328782707622e-05,0.10757136946628051,635983.0,68932,6.943141299998388,2869.39208984375,4198.0,1403.76025390625,4198.0,6797.0,4776.0,1834.0
2026-10-02T14:05:57+08:00,196,0.2879,,1.1498175859451294,9.203640500568829e-05,0.10812301751482555,639836.0,69407,7.145008100000268,5394.60302734375,6868.0,1403.78076171875,6868.0,4127.0,4198.0,1834.0
2026-10-02T14:06:04+08:00,197,0.0474,,0.5423439741134644,9.197952218430035e-05,0.10867466556337058,643621.0,69733,6.725670300002093,3504.67333984375,6530.0,1403.78076171875,6530.0,4465.0,6868.0,1834.0
2026-10-02T14:06:11+08:00,198,0.1204,,0.8038901090621948,9.19226393629124e-05,0.1092263136119156,647112.0,70083,6.907985600002576,3526.55126953125,5916.0,1403.77197265625,5916.0,5079.0,6530.0,1834.0
2026-10-02T14:06:18+08:00,199,0.0504,,0.6137555837631226,9.186575654152446e-05,0.10977796166046062,650537.0,70443,6.784947799998918,2902.06396484375,3888.0,1403.7734375,3888.0,7107.0,5916.0,1836.0
2026-10-02T14:06:25+08:00,200,0.0601,,0.6607964038848877,9.180887372013652e-05,0.11032960970900565,653880.0,70760,6.910522500002116,3904.23291015625,5114.0,1403.767578125,5114.0,5881.0,3888.0,1834.0
2026-10-02T14:11:31+08:00,200,,0.16000881758557495,,,0.11032960970900565,,70760,,5406.43408203125,6724.0,1403.767578125,1836.0,9159.0,,
2026-10-02T14:11:41+08:00,201,0.3219,,1.3536492586135864,9.175199089874859e-05,0.11088125775755069,656639.0,71109,6.820868800001335,3029.67919921875,4076.0,1403.755859375,4076.0,6919.0,1836.0,1836.0
2026-10-02T14:11:48+08:00,202,0.1518,,0.938048779964447,9.169510807736064e-05,0.11143290580609572,659846.0,71356,7.156798799995158,3109.93310546875,3458.0,1403.7646484375,3458.0,7537.0,4076.0,1836.0
2026-10-02T14:11:55+08:00,203,0.0883,,1.6416243314743042,9.16382252559727e-05,0.11198455385464073,662742.0,71629,6.852274899996701,3094.46875,3776.0,1403.75732421875,3776.0,7219.0,3458.0,1834.0
2026-10-02T14:12:01+08:00,204,0.1722,,1.2350170612335205,9.158134243458476e-05,0.11253620190318576,665611.0,71928,6.647392700004275,3116.89208984375,4848.0,1403.7587890625,4848.0,6147.0,3776.0,1834.0
2026-10-02T14:12:08+08:00,205,0.2052,,0.9617262482643127,9.152445961319683e-05,0.1130878499517308,669100.0,72407,7.114579199995205,3400.70751953125,4752.0,1403.77197265625,4752.0,6243.0,4848.0,1834.0
2026-10-02T14:12:16+08:00,206,0.3781,,1.035084843635559,9.146757679180888e-05,0.11363949800027583,672833.0,72828,7.152428199995484,5457.0263671875,8292.0,1403.78076171875,8292.0,1915.80859375,4752.0,1834.0
2026-10-02T14:12:23+08:00,207,0.1922,,0.921941339969635,9.141069397042093e-05,0.11419114604882086,676108.0,73115,7.00138579999475,3294.98583984375,5416.0,1403.76904296875,5416.0,5579.0,8292.0,1836.0
2026-10-02T14:12:29+08:00,208,0.1445,,0.897689700126648,9.1353811149033e-05,0.11474279409736587,679146.0,73432,6.855288899998413,3041.62939453125,4880.0,1403.76171875,4880.0,6115.0,5416.0,1836.0
2026-10-02T14:12:37+08:00,209,0.132,,0.8601318597793579,9.129692832764506e-05,0.1152944421459109,682587.0,73783,7.098120599999675,3235.408203125,4280.0,1403.7705078125,4280.0,6715.0,4880.0,1836.0
2026-10-02T14:12:44+08:00,210,0.0822,,0.6856745481491089,9.124004550625712e-05,0.11584609019445594,686251.0,74169,6.948986900002637,4356.60302734375,8582.0,1403.77490234375,8582.0,1657.04296875,4280.0,1834.0
2026-10-02T14:12:51+08:00,211,0.0667,,0.6049962639808655,9.118316268486917e-05,0.11639773824300097,689775.0,74511,7.0668187999981456,3294.990234375,4344.0,1403.7734375,4344.0,6651.0,8582.0,1836.0
2026-10-02T14:12:58+08:00,212,0.149,,0.7832004427909851,9.112627986348123e-05,0.116949386291546,693772.0,74924,7.149116200002027,5230.27001953125,5996.0,1403.78369140625,5996.0,4999.0,4344.0,1836.0
2026-10-02T14:13:04+08:00,213,0.1924,,0.9591501951217651,9.10693970420933e-05,0.11750103434009102,696604.0,75295,6.465601700001571,3321.87841796875,4432.0,1403.75732421875,4432.0,6563.0,5996.0,1836.0
2026-10-02T14:13:11+08:00,214,0.1732,,0.9186251163482666,9.101251422070535e-05,0.11805268238863605,699724.0,75658,6.9101546999954735,2944.28564453125,4328.0,1403.76318359375,4328.0,6667.0,4432.0,1834.0
2026-10-02T14:13:18+08:00,215,0.1379,,0.9417978525161743,9.09556313993174e-05,0.11860433043718108,702989.0,76019,6.996616900003573,3526.546875,6268.0,1403.767578125,6268.0,4727.0,4328.0,1836.0
2026-10-02T14:13:25+08:00,216,0.1717,,0.8163934946060181,9.089874857792947e-05,0.11915597848572611,706532.0,76371,6.884125500000664,3148.5224609375,3508.0,1403.77197265625,3508.0,7487.0,6268.0,1834.0
2026-10-02T14:13:32+08:00,217,0.0866,,0.5967275500297546,9.084186575654154e-05,0.11970762653427114,709853.0,76780,7.023989299996174,2933.14013671875,4032.0,1403.76611328125,4032.0,6963.0,3508.0,1834.0
2026-10-02T14:13:39+08:00,218,0.1351,,0.8575758934020996,9.078498293515359e-05,0.12025927458281617,712847.0,77074,6.930076199998439,2860.98974609375,3976.0,1403.76025390625,3976.0,7019.0,4032.0,1836.0
2026-10-02T14:13:46+08:00,219,0.1942,,0.8361738920211792,9.072810011376564e-05,0.12081092263136119,716270.0,77407,6.724218600000313,3003.85009765625,4008.0,1403.76904296875,4008.0,6987.0,3976.0,1834.0
2026-10-02T14:13:52+08:00,220,0.1256,,0.758319079875946,9.067121729237771e-05,0.12136257067990622,719463.0,77841,6.697963999999047,3245.009765625,5344.0,1403.76611328125,5344.0,5651.0,4008.0,1836.0
2026-10-02T14:13:59+08:00,221,0.2445,,1.2778935432434082,9.061433447098977e-05,0.12191421872845125,723095.0,78233,6.657040999998571,4056.365234375,7306.0,1403.7763671875,7306.0,3689.0,5344.0,1838.0
2026-10-02T14:14:06+08:00,222,0.1317,,1.0904563665390015,9.055745164960183e-05,0.12246586677699628,726512.0,78606,6.627064200001769,3602.5458984375,7626.0,1403.7705078125,7626.0,3369.0,7306.0,1836.0
2026-10-02T14:14:13+08:00,223,0.1104,,0.7184263467788696,9.050056882821388e-05,0.12301751482554131,730223.0,78984,6.8117591999980505,3418.41845703125,6472.0,1403.7763671875,6472.0,4523.0,7626.0,1834.0
2026-10-02T14:14:19+08:00,224,0.0742,,0.7854294776916504,9.044368600682594e-05,0.12356916287408633,732966.0,79279,6.80909999999858,3463.08544921875,4048.0,1403.75439453125,4048.0,6947.0,6472.0,1834.0
2026-10-02T14:14:26+08:00,225,0.1967,,1.087934136390686,9.038680318543801e-05,0.12412081092263136,735568.0,79643,6.858759700000519,2836.72607421875,4584.0,1403.7529296875,4584.0,6411.0,4048.0,1836.0
2026-10-02T14:14:33+08:00,226,0.224,,1.11099112033844,9.032992036405006e-05,0.12467245897117639,739050.0,79976,6.774343400000362,3353.80322265625,5344.0,1403.77197265625,5344.0,5651.0,4584.0,1836.0
2026-10-02T14:14:40+08:00,227,0.0543,,0.8896469473838806,9.027303754266212e-05,0.12522410701972142,742004.0,80296,6.873066000000108,2913.783203125,4592.0,1403.76025390625,4592.0,6403.0,5344.0,1836.0
2026-10-02T14:14:47+08:00,228,0.4035,,1.5382882356643677,9.021615472127418e-05,0.12577575506826644,744951.0,80641,6.564781799999764,2965.79150390625,3760.0,1403.7587890625,3760.0,7235.0,4592.0,1836.0
2026-10-02T14:14:53+08:00,229,0.1551,,0.8319268226623535,9.015927189988625e-05,0.12632740311681148,748068.0,80982,6.910362700000405,3526.5439453125,5984.0,1403.7646484375,5984.0,5011.0,3760.0,1836.0
2026-10-02T14:15:00+08:00,230,0.1383,,0.9630627632141113,9.01023890784983e-05,0.1268790511653565,751014.0,81291,6.7779479999953764,2793.40380859375,4054.0,1403.75732421875,4054.0,6941.0,5984.0,1834.0
2026-10-02T14:15:07+08:00,231,0.1402,,0.7475517392158508,9.004550625711035e-05,0.12743069921390154,754441.0,81705,7.052856900001643,4344.61865234375,4892.0,1403.77197265625,4892.0,6103.0,4054.0,1836.0
2026-10-02T14:15:14+08:00,232,0.1693,,0.8105807900428772,8.998862343572242e-05,0.12798234726244656,758091.0,82194,6.5509829000002355,3657.0322265625,6430.0,1403.77783203125,6430.0,4565.0,4892.0,1834.0
2026-10-02T14:15:21+08:00,233,0.1207,,0.7250046133995056,8.993174061433447e-05,0.12853399531099158,760949.0,82556,6.826472799999465,2836.73046875,4864.0,1403.75732421875,4864.0,6131.0,6430.0,1834.0
2026-10-02T14:15:28+08:00,234,0.1276,,0.8353032469749451,8.987485779294654e-05,0.12908564335953662,764051.0,82943,6.8622434999997495,2933.13720703125,4824.0,1403.76318359375,4824.0,6171.0,4864.0,1834.0
2026-10-02T14:15:35+08:00,235,0.1283,,0.7122796773910522,8.981797497155859e-05,0.12963729140808164,767242.0,83344,7.027922500004934,3223.87451171875,3578.0,1403.767578125,3578.0,7417.0,4824.0,1834.0
2026-10-02T14:15:41+08:00,236,0.103,,0.7202444076538086,8.976109215017066e-05,0.13018893945662668,770439.0,83656,6.804229200002737,3137.9658203125,6096.0,1403.76611328125,6096.0,4899.0,3578.0,1834.0
2026-10-02T14:15:48+08:00,237,0.0738,,0.7632132768630981,8.970420932878271e-05,0.1307405875051717,774108.0,83985,6.812539899998228,3768.826171875,5074.0,1403.77490234375,5074.0,5921.0,6096.0,1834.0
2026-10-02T14:15:55+08:00,238,0.1557,,0.8990916013717651,8.964732650739477e-05,0.13129223555371672,776380.0,84280,6.722448499996972,2815.99755859375,3688.0,1403.7470703125,3688.0,7307.0,5074.0,1836.0
2026-10-02T14:16:02+08:00,239,0.1723,,0.9571283459663391,8.959044368600683e-05,0.13184388360226176,779461.0,84593,6.819337599998107,2988.31884765625,5800.0,1403.7646484375,5800.0,5195.0,3688.0,1834.0
2026-10-02T14:16:09+08:00,240,0.1682,,1.0556286573410034,8.953356086461889e-05,0.13239553165080678,782845.0,84890,6.7990729000011925,3197.328125,5688.0,1403.76904296875,5688.0,5307.0,5800.0,1836.0
2026-10-02T14:16:15+08:00,241,0.0814,,0.7464858293533325,8.947667804323095e-05,0.13294717969935183,786070.0,85154,6.672641700002714,2864.10302734375,4696.0,1403.767578125,4696.0,6299.0,5688.0,1834.0
2026-10-02T14:16:22+08:00,242,0.1953,,0.9316414594650269,8.941979522184301e-05,0.13349882774789684,788824.0,85523,7.011964199999056,2969.67578125,5118.0,1403.75439453125,5118.0,5877.0,4696.0,1834.0
2026-10-02T14:16:30+08:00,243,0.2168,,1.3819761276245117,8.936291240045506e-05,0.13405047579644186,791954.0,85803,7.289680899993982,3094.4775390625,4540.0,1403.76611328125,4540.0,6455.0,5118.0,1834.0
2026-10-02T14:16:36+08:00,244,0.1102,,1.1970230340957642,8.930602957906713e-05,0.1346021238449869,795218.0,86073,6.810033800000383,3041.63525390625,3936.0,1403.767578125,3936.0,7059.0,4540.0,1836.0
2026-10-02T14:16:44+08:00,245,0.1023,,0.7094063758850098,8.924914675767918e-05,0.13515377189353192,798308.0,86427,7.1952639000010095,3300.34814453125,7040.0,1403.7646484375,7040.0,3955.0,3936.0,1836.0
2026-10-02T14:16:51+08:00,246,0.0754,,0.6269068121910095,8.919226393629125e-05,0.13570541994207697,801104.0,86759,7.01937259999977,3353.78857421875,5088.0,1403.75732421875,5088.0,5907.0,7040.0,1834.0
2026-10-02T14:16:58+08:00,247,0.2149,,0.9970225095748901,8.91353811149033e-05,0.13625706799062198,804420.0,87103,7.212413699999161,3150.51220703125,3824.0,1403.76904296875,3824.0,7171.0,5088.0,1834.0
2026-10-02T14:17:05+08:00,248,0.2424,,1.1518514156341553,8.907849829351537e-05,0.136808716039167,807463.0,87411,6.900936099998944,3116.09423828125,4556.0,1403.76318359375,4556.0,6439.0,3824.0,1834.0
2026-10-02T14:17:12+08:00,249,0.1236,,0.6821182370185852,8.902161547212742e-05,0.13736036408771204,810635.0,87769,6.797189400000207,3023.62646484375,3398.0,1403.76611328125,3398.0,7597.0,4556.0,1834.0
2026-10-02T14:17:19+08:00,250,0.3191,,1.2192094326019287,8.896473265073949e-05,0.13791201213625706,813681.0,88141,6.830912599994917,3160.9501953125,3528.0,1403.76171875,3528.0,7467.0,3398.0,1834.0
2026-10-02T14:17:26+08:00,251,0.0558,,0.5818415880203247,8.890784982935154e-05,0.1384636601848021,816646.0,88453,7.031061100002262,2916.8896484375,4440.0,1403.76171875,4440.0,6555.0,3528.0,1836.0
2026-10-02T14:17:33+08:00,252,0.0567,,0.56450355052948,8.88509670079636e-05,0.13901530823334712,820020.0,88771,7.149724300004891,3137.72021484375,5338.0,1403.7705078125,5338.0,5657.0,4440.0,1834.0
2026-10-02T14:17:40+08:00,253,0.074,,0.6202961802482605,8.879408418657566e-05,0.13956695628189214,823184.0,89060,7.155140599999868,3245.81298828125,4594.0,1403.76611328125,4594.0,6401.0,5338.0,1836.0
2026-10-02T14:17:47+08:00,254,0.0443,,0.6202813982963562,8.873720136518772e-05,0.14011860433043719,826703.0,89409,7.214751599996816,4573.98974609375,6738.0,1403.7734375,6738.0,4257.0,4594.0,1834.0
2026-10-02T14:17:54+08:00,255,0.175,,0.8872809410095215,8.868031854379977e-05,0.1406702523789822,829929.0,89831,7.0625606999965385,3223.65087890625,3578.0,1403.767578125,3578.0,7417.0,6738.0,1834.0
2026-10-02T14:18:01+08:00,256,0.0888,,0.7960016131401062,8.862343572241184e-05,0.14122190042752725,832645.0,90142,7.256207900005393,2895.14599609375,4568.0,1403.755859375,4568.0,6427.0,3578.0,1834.0
2026-10-02T14:18:09+08:00,257,0.1809,,0.9940283298492432,8.85665529010239e-05,0.14177354847607226,836189.0,90534,7.176484099996742,3105.697265625,6088.0,1403.77490234375,6088.0,4907.0,4568.0,1834.0
2026-10-02T14:18:16+08:00,258,0.1098,,0.8573117852210999,8.850967007963596e-05,0.14232519652461728,839167.0,90898,6.915758899995126,3030.46240234375,5450.0,1403.76025390625,5450.0,5545.0,6088.0,1834.0
2026-10-02T14:18:22+08:00,259,0.2168,,1.844155192375183,8.845278725824801e-05,0.14287684457316233,842285.0,91181,6.873554099998728,2902.05517578125,5216.0,1403.7646484375,5216.0,5779.0,5450.0,1836.0
2026-10-02T14:18:29+08:00,260,0.0734,,0.6224713921546936,8.839590443686008e-05,0.14342849262170734,845424.0,91501,6.6333566999965115,2958.17236328125,3280.0,1403.76318359375,3280.0,7715.0,5216.0,1836.0
2026-10-02T14:18:36+08:00,261,0.2061,,1.4092787504196167,8.833902161547213e-05,0.1439801406702524,848434.0,91836,6.89238949999708,3483.90771484375,5332.0,1403.76025390625,5332.0,5663.0,3280.0,1834.0
2026-10-02T14:18:43+08:00,262,0.0292,,0.48732805252075195,8.82821387940842e-05,0.1445317887187974,852164.0,92146,7.382063400000334,4262.90869140625,6470.0,1403.779296875,6470.0,4525.0,5332.0,1834.0
2026-10-02T14:18:50+08:00,263,0.2084,,1.3960809707641602,8.822525597269625e-05,0.14508343676734242,855292.0,92393,6.727831600001082,3234.599609375,4324.0,1403.7646484375,4324.0,6671.0,6470.0,1836.0
2026-10-02T14:18:57+08:00,264,0.0546,,0.4622083306312561,8.816837315130831e-05,0.14563508481588747,859004.0,92740,6.695697000002838,3526.1513671875,4900.0,1403.779296875,4900.0,6095.0,4324.0,1834.0
2026-10-02T14:19:04+08:00,265,0.198,,0.9624592065811157,8.811149032992037e-05,0.14618673286443248,863048.0,93234,6.954906600003596,3562.51513671875,5648.0,1403.78515625,5648.0,5347.0,4900.0,1836.0
2026-10-02T14:19:11+08:00,266,0.0155,,0.27226608991622925,8.805460750853243e-05,0.14673838091297753,866900.0,93573,6.84123059999547,3444.2490234375,4854.0,1403.78076171875,4854.0,6141.0,5648.0,1834.0
2026-10-02T14:19:17+08:00,267,0.2116,,1.1553189754486084,8.799772468714449e-05,0.14729002896152255,870050.0,93834,6.747046700002102,3106.81396484375,4976.0,1403.76611328125,4976.0,6019.0,4854.0,1836.0
2026-10-02T14:19:24+08:00,268,0.0481,,0.525567889213562,8.794084186575654e-05,0.1478416770100676,873540.0,94186,6.9160862999997335,3386.115234375,3738.0,1403.7734375,3738.0,7257.0,4976.0,1836.0
2026-10-02T14:19:31+08:00,269,0.1031,,0.6832572221755981,8.78839590443686e-05,0.1483933250586126,877155.0,94548,6.632880999997724,3818.513671875,7884.0,1403.77490234375,7884.0,3111.0,3738.0,1834.0
2026-10-02T14:19:38+08:00,270,0.2961,,1.4109457731246948,8.782707622298067e-05,0.14894497310715762,879981.0,94829,6.859492300005513,2775.96826171875,4600.0,1403.7587890625,4600.0,6395.0,7884.0,1834.0
2026-10-02T14:19:45+08:00,271,0.0902,,0.7697478532791138,8.777019340159272e-05,0.14949662115570267,883116.0,95161,6.908627899996645,3615.55126953125,4710.0,1403.76318359375,4710.0,6285.0,4600.0,1834.0
2026-10-02T14:19:52+08:00,272,0.0563,,0.497344046831131,8.771331058020478e-05,0.1500482692042477,886189.0,95461,7.0130433000013,2882.7314453125,3776.0,1403.76318359375,3776.0,7219.0,4710.0,1834.0
2026-10-02T14:19:59+08:00,273,0.0439,,0.49370327591896057,8.765642775881684e-05,0.15059991725279273,890795.0,96055,6.987706799998705,6327.83447265625,9618.0,1403.79833984375,9618.0,621.04296875,3776.0,1836.0
2026-10-02T14:20:06+08:00,274,0.1342,,0.8871338963508606,8.759954493742891e-05,0.15115156530133775,894436.0,96389,7.063924200003385,3391.3818359375,5640.0,1403.77490234375,5640.0,5355.0,9618.0,1834.0
2026-10-02T14:20:13+08:00,275,0.2652,,1.159558653831482,8.754266211604096e-05,0.15170321334988277,897805.0,96677,6.905995399996755,2965.8046875,4832.0,1403.77197265625,4832.0,6163.0,5640.0,1834.0
2026-10-02T14:20:20+08:00,276,0.1196,,0.8024357557296753,8.748577929465301e-05,0.1522548613984278,901289.0,96972,7.090738299993973,3237.90673828125,5296.0,1403.77197265625,5296.0,5699.0,4832.0,1834.0
2026-10-02T14:20:27+08:00,277,0.0514,,0.8183678984642029,8.742889647326508e-05,0.15280650944697283,904738.0,97274,6.900719899997057,3247.26953125,5726.0,1403.77197265625,5726.0,5269.0,5296.0,1834.0
2026-10-02T14:20:34+08:00,278,0.0185,,0.29929056763648987,8.737201365187714e-05,0.15335815749551787,908510.0,97623,6.71948749999865,4129.810546875,6092.0,1403.77783203125,6092.0,4903.0,5726.0,1834.0
2026-10-02T14:20:41+08:00,279,0.1415,,0.6292198300361633,8.73151308304892e-05,0.1539098055440629,911919.0,98010,7.192267799997353,4345.75439453125,6858.0,1403.77197265625,6858.0,4137.0,6092.0,1836.0
2026-10-02T14:20:48+08:00,280,0.1389,,1.0030945539474487,8.725824800910125e-05,0.1544614535926079,914799.0,98314,6.8898246999960975,2978.99609375,4450.0,1403.7587890625,4450.0,6545.0,6858.0,1836.0
2026-10-02T14:20:55+08:00,281,0.0878,,0.9421591758728027,8.720136518771332e-05,0.15501310164115295,918072.0,98647,6.97254029999749,3213.7861328125,4032.0,1403.767578125,4032.0,6963.0,4450.0,1838.0
2026-10-02T14:21:02+08:00,282,0.0482,,0.5663775205612183,8.714448236632538e-05,0.15556474968969797,921039.0,98962,7.14897529999871,2892.0458984375,3896.0,1403.76171875,3896.0,7099.0,4032.0,1834.0
2026-10-02T14:21:09+08:00,283,0.0081,,0.18313182890415192,8.708759954493743e-05,0.156116397738243,924458.0,99251,7.145158599996648,3162.99951171875,6536.0,1403.77197265625,6536.0,4459.0,3896.0,1836.0
2026-10-02T14:21:16+08:00,284,0.1089,,0.9673659801483154,8.703071672354949e-05,0.15666804578678803,927016.0,99468,7.171656600003189,2933.12548828125,4064.0,1403.75146484375,4064.0,6931.0,6536.0,1834.0
2026-10-02T14:21:23+08:00,285,0.3735,,1.6094707250595093,8.697383390216155e-05,0.15721969383533305,930367.0,99770,7.078196500006015,3100.57763671875,6328.0,1403.77197265625,6328.0,4667.0,4064.0,1834.0
2026-10-02T14:21:30+08:00,286,0.0974,,0.7859302759170532,8.691695108077362e-05,0.1577713418838781,934090.0,100108,7.029808899998898,3332.271484375,7196.0,1403.77783203125,7196.0,3799.0,6328.0,1834.0
2026-10-02T14:21:37+08:00,287,0.1841,,1.0689210891723633,8.686006825938567e-05,0.1583229899324231,936868.0,100492,6.547081500000786,2960.3603515625,3632.0,1403.755859375,3632.0,7363.0,7196.0,1834.0
2026-10-02T14:21:45+08:00,288,0.1598,,1.1310704946517944,8.680318543799772e-05,0.15887463798096815,939836.0,100766,6.911326399997051,2864.09716796875,5464.0,1403.76171875,5464.0,5531.0,3632.0,1836.0
2026-10-02T14:21:52+08:00,289,0.0552,,0.5788978934288025,8.674630261660979e-05,0.15942628602951317,942772.0,101088,6.824515499996778,3148.9208984375,4616.0,1403.76025390625,4616.0,6379.0,5464.0,1834.0
2026-10-02T14:21:59+08:00,290,0.0456,,0.5365516543388367,8.668941979522186e-05,0.1599779340780582,945668.0,101379,7.1472763999991,2864.09423828125,6242.0,1403.7587890625,6242.0,4753.0,4616.0,1836.0
2026-10-02T14:22:06+08:00,291,0.0259,,0.825221836566925,8.663253697383391e-05,0.16052958212660323,949403.0,101808,7.198638200003188,3558.55810546875,6330.0,1403.77783203125,6330.0,4665.0,6242.0,1836.0
2026-10-02T14:22:13+08:00,292,0.2284,,0.9486690163612366,8.657565415244596e-05,0.16108123017514825,952963.0,102248,7.225366099999519,3531.45263671875,8030.0,1403.7734375,8030.0,2192.54296875,6330.0,1834.0
2026-10-02T14:22:20+08:00,293,0.0897,,0.8927081823348999,8.651877133105803e-05,0.1616328782236933,956783.0,102567,7.160699300002307,3623.025390625,8072.0,1403.7822265625,8072.0,2167.04296875,8030.0,1834.0
2026-10-02T14:22:27+08:00,294,0.178,,1.0512356758117676,8.646188850967009e-05,0.1621845262722383,959807.0,102891,6.471294700000726,2982.10498046875,4162.0,1403.76171875,4162.0,6833.0,8072.0,1834.0
2026-10-02T14:22:34+08:00,295,0.1966,,1.0842032432556152,8.640500568828214e-05,0.16273617432078333,962574.0,103222,6.8405668000050355,2890.896484375,3768.0,1403.75439453125,3768.0,7227.0,4162.0,1834.0
2026-10-02T14:22:40+08:00,296,0.2217,,1.1363344192504883,8.63481228668942e-05,0.16328782236932837,965357.0,103580,6.692397400001937,2804.61474609375,5608.0,1403.75732421875,5608.0,5387.0,3768.0,1834.0
2026-10-02T14:22:48+08:00,297,0.0642,,0.5105815529823303,8.629124004550626e-05,0.1638394704178734,968859.0,103984,7.029314599996724,4183.75244140625,6548.0,1403.7734375,6548.0,4447.0,5608.0,1834.0
2026-10-02T14:22:55+08:00,298,0.1262,,0.7697429656982422,8.623435722411833e-05,0.16439111846641843,972597.0,104398,6.975512400000298,3506.43359375,7808.0,1403.77783203125,7808.0,3187.0,6548.0,1834.0
2026-10-02T14:23:02+08:00,299,0.0095,,0.424032598733902,8.617747440273038e-05,0.16494276651496345,975599.0,104728,6.989979599995422,3699.27294921875,4390.0,1403.76318359375,4390.0,6605.0,7808.0,1834.0
2026-10-02T14:23:08+08:00,300,0.1567,,0.6968568563461304,8.612059158134243e-05,0.16549441456350847,979165.0,105217,6.82629750000342,3547.66259765625,5368.0,1403.77490234375,5368.0,5627.0,4390.0,1836.0
2026-10-02T14:28:18+08:00,300,,0.14586741106198367,,,0.16549441456350847,,105217,,5406.44140625,6724.0,1403.77490234375,1834.0,9161.0,,
2026-10-02T14:28:27+08:00,301,0.0512,,0.5963459610939026,8.60637087599545e-05,0.1660460626120535,982569.0,105517,7.175880100003269,3374.72900390625,6192.0,1403.7705078125,6192.0,4803.0,1834.0,1834.0
2026-10-02T14:28:34+08:00,302,0.1176,,0.6587687134742737,8.600682593856657e-05,0.16659771066059853,986100.0,105874,6.88925449999806,3657.02783203125,6006.0,1403.7734375,6006.0,4989.0,6192.0,1834.0
2026-10-02T14:28:41+08:00,303,0.1278,,0.5720052123069763,8.59499431171786e-05,0.16714935870914358,989966.0,106319,7.295787099996232,4776.62451171875,7862.0,1403.7822265625,7862.0,3133.0,6006.0,1834.0
2026-10-02T14:28:48+08:00,304,0.1552,,0.9312362670898438,8.589306029579067e-05,0.1677010067576886,993316.0,106637,7.020088500001293,3363.5166015625,6624.0,1403.76904296875,6624.0,4371.0,7862.0,1834.0
2026-10-02T14:28:56+08:00,305,0.3173,,1.1747517585754395,8.583617747440274e-05,0.1682526548062336,996666.0,106972,7.225783599998977,3364.31982421875,4950.0,1403.76904296875,4950.0,6045.0,6624.0,1834.0
2026-10-02T14:29:03+08:00,306,0.1289,,0.8970797657966614,8.57792946530148e-05,0.16880430285477865,999782.0,107276,6.858627499997965,3203.564453125,4368.0,1403.76318359375,4368.0,6627.0,4950.0,1834.0
2026-10-02T14:29:09+08:00,307,0.0984,,0.6955673694610596,8.572241183162684e-05,0.16935595090332367,1003332.0,107694,6.655165299998771,4011.69287109375,6078.0,1403.7734375,6078.0,4917.0,4368.0,1836.0
2026-10-02T14:29:16+08:00,308,0.1464,,0.8142479062080383,8.566552901023891e-05,0.16990759895186872,1006894.0,108110,6.7751474999968195,3753.296875,7160.0,1403.7734375,7160.0,3835.0,6078.0,1834.0
2026-10-02T14:29:23+08:00,309,0.2215,,0.8940284848213196,8.560864618885097e-05,0.17045924700041373,1009850.0,108493,7.111645299999509,2976.15234375,5268.0,1403.7587890625,5268.0,5727.0,7160.0,1836.0
2026-10-02T14:29:30+08:00,310,0.0567,,0.6141663789749146,8.555176336746304e-05,0.17101089504895878,1012508.0,108758,6.848370300001989,2754.11572265625,4060.0,1403.75439453125,4060.0,6935.0,5268.0,1834.0
2026-10-02T14:29:37+08:00,311,0.6843,,0.9597846269607544,8.549488054607508e-05,0.1715625430975038,1016835.0,109452,7.3014102000015555,5098.81591796875,10192.0,1403.79248046875,10192.0,47.04296875,4060.0,1836.0
2026-10-02T14:29:44+08:00,312,0.3256,,1.1991159915924072,8.543799772468715e-05,0.1721141911460488,1019602.0,109814,6.762162899998657,2933.9189453125,3936.0,1403.75732421875,3936.0,7059.0,10192.0,1834.0
2026-10-02T14:29:51+08:00,313,0.1458,,0.7671756744384766,8.538111490329921e-05,0.17266583919459386,1022611.0,110130,7.111262900005386,3175.4736328125,3920.0,1403.76171875,3920.0,7075.0,3936.0,1836.0
2026-10-02T14:29:58+08:00,314,0.1633,,0.9688622951507568,8.532423208191128e-05,0.17321748724313887,1025802.0,110419,6.999998400002369,3391.373046875,6576.0,1403.76611328125,6576.0,4419.0,3920.0,1834.0
2026-10-02T14:30:05+08:00,315,0.0821,,0.6656369566917419,8.526734926052332e-05,0.17376913529168392,1028861.0,110767,6.73240480000095,3343.41943359375,5550.0,1403.76171875,5550.0,5445.0,6576.0,1836.0
2026-10-02T14:30:12+08:00,316,0.1801,,1.1037383079528809,8.521046643913538e-05,0.17432078334022894,1031861.0,111155,6.613151400000788,2987.3037109375,4752.0,1403.76171875,4752.0,6243.0,5550.0,1834.0
2026-10-02T14:30:18+08:00,317,0.0682,,0.5971331596374512,8.515358361774745e-05,0.17487243138877395,1034983.0,111429,6.8187149000004865,2969.6845703125,6624.0,1403.76318359375,6624.0,4371.0,4752.0,1836.0
2026-10-02T14:30:25+08:00,318,0.0799,,0.5636858344078064,8.509670079635951e-05,0.175424079437319,1037662.0,111728,6.9521180000010645,2817.5048828125,4528.0,1403.7529296875,4528.0,6467.0,6624.0,1834.0
2026-10-02T14:30:32+08:00,319,0.062,,0.7270328998565674,8.503981797497155e-05,0.17597572748586401,1041038.0,111977,7.062940900003014,2997.63916015625,3358.0,1403.76904296875,3358.0,7637.0,4528.0,1836.0
2026-10-02T14:30:39+08:00,320,0.126,,0.7627164721488953,8.498293515358362e-05,0.17652737553440906,1044572.0,112355,6.763290599999891,3914.67724609375,6564.0,1403.7734375,6564.0,4431.0,3358.0,1834.0
2026-10-02T14:30:46+08:00,321,0.1398,,2.474954843521118,8.492605233219569e-05,0.17707902358295408,1047971.0,112719,7.061650499999814,3234.60546875,6498.0,1403.7705078125,6498.0,4497.0,6564.0,1836.0
2026-10-02T14:30:53+08:00,322,0.1184,,0.9321019053459167,8.486916951080775e-05,0.1776306716314991,1051029.0,113075,7.004862299996603,3216.04736328125,6080.0,1403.76171875,6080.0,4915.0,6498.0,1834.0
2026-10-02T14:31:00+08:00,323,0.0984,,0.6529995799064636,8.481228668941979e-05,0.17818231968004414,1053741.0,113418,6.881139999997686,2744.7529296875,3988.0,1403.75439453125,3988.0,7007.0,6080.0,1836.0
2026-10-02T14:31:07+08:00,324,0.0701,,0.5257498621940613,8.475540386803186e-05,0.17873396772858915,1056663.0,113754,6.438801099997363,2901.26318359375,5344.0,1403.76025390625,5344.0,5651.0,3988.0,1836.0
2026-10-02T14:31:14+08:00,325,0.0877,,0.7227947115898132,8.469852104664392e-05,0.1792856157771342,1060122.0,114074,6.960829299998295,3137.724609375,4896.0,1403.77490234375,4896.0,6099.0,5344.0,1836.0
2026-10-02T14:31:20+08:00,326,0.1143,,1.0360264778137207,8.464163822525599e-05,0.17983726382567922,1063826.0,114456,6.738522100000409,4485.89990234375,6398.0,1403.77783203125,6398.0,4597.0,4896.0,1834.0
2026-10-02T14:31:27+08:00,327,0.0932,,0.6945199966430664,8.458475540386803e-05,0.18038891187422423,1066801.0,114750,6.840071800004807,3075.5986328125,3936.0,1403.76171875,3936.0,7059.0,6398.0,1834.0
2026-10-02T14:31:34+08:00,328,0.0885,,0.7385512590408325,8.452787258248009e-05,0.18094055992276928,1069763.0,115029,7.112686500004202,2827.73974609375,3202.0,1403.76025390625,3202.0,7793.0,3936.0,1834.0
2026-10-02T14:31:41+08:00,329,0.0283,,0.6250004172325134,8.447098976109216e-05,0.1814922079713143,1072598.0,115368,6.732698599997093,2869.38916015625,4800.0,1403.75732421875,4800.0,6195.0,3202.0,1834.0
2026-10-02T14:31:48+08:00,330,0.1452,,0.7936949729919434,8.441410693970421e-05,0.18204385601985934,1075863.0,115806,6.865083299999242,3150.5107421875,5208.0,1403.767578125,5208.0,5787.0,4800.0,1834.0
2026-10-02T14:31:55+08:00,331,0.0631,,0.6186814904212952,8.435722411831626e-05,0.18259550406840436,1079226.0,116120,6.893345099997532,3703.60498046875,5778.0,1403.76904296875,5778.0,5217.0,5208.0,1836.0
2026-10-02T14:32:02+08:00,332,0.0471,,0.5505362153053284,8.430034129692833e-05,0.18314715211694937,1082162.0,116406,6.93960060000245,2761.3779296875,4832.0,1403.7587890625,4832.0,6163.0,5778.0,1834.0
2026-10-02T14:32:08+08:00,333,0.0482,,0.5692794322967529,8.42434584755404e-05,0.18369880016549442,1085015.0,116679,6.529916300001787,3000.7333984375,4120.0,1403.75732421875,4120.0,6875.0,4832.0,1834.0
2026-10-02T14:32:15+08:00,334,0.0814,,0.5801231265068054,8.418657565415245e-05,0.18425044821403944,1088464.0,117129,6.930227700002433,3257.03271484375,5904.0,1403.77490234375,5904.0,5091.0,4120.0,1834.0
2026-10-02T14:32:22+08:00,335,0.1888,,0.9915798306465149,8.41296928327645e-05,0.18480209626258448,1091409.0,117495,6.498894399999699,2957.26123046875,5640.0,1403.76171875,5640.0,5355.0,5904.0,1834.0
2026-10-02T14:32:29+08:00,336,0.1859,,1.209214210510254,8.407281001137657e-05,0.1853537443111295,1094520.0,117768,7.019157099995937,3062.44873046875,3936.0,1403.7646484375,3936.0,7059.0,5640.0,1836.0
2026-10-02T14:32:36+08:00,337,0.1218,,1.2009278535842896,8.401592718998863e-05,0.18590539235967452,1097943.0,118028,6.726546400001098,3116.90380859375,4128.0,1403.7705078125,4128.0,6867.0,3936.0,1834.0
2026-10-02T14:32:43+08:00,338,0.2461,,1.2340612411499023,8.395904436860069e-05,0.18645704040821956,1100936.0,118372,7.059745400001702,3100.82373046875,4272.0,1403.76025390625,4272.0,6723.0,4128.0,1834.0
2026-10-02T14:32:50+08:00,339,0.0602,,0.6131933927536011,8.390216154721274e-05,0.18700868845676458,1104001.0,118680,7.355167800000345,3204.6494140625,3568.0,1403.7646484375,3568.0,7427.0,4272.0,1834.0
2026-10-02T14:32:57+08:00,340,0.0766,,0.7591587901115417,8.38452787258248e-05,0.18756033650530962,1106804.0,118997,7.1927230000001146,2880.5302734375,3244.0,1403.75732421875,3244.0,7751.0,3568.0,1834.0
2026-10-02T14:33:04+08:00,341,0.1278,,0.8619892001152039,8.378839590443687e-05,0.18811198455385464,1110422.0,119317,6.989327399998729,3396.88037109375,4144.0,1403.77490234375,4144.0,6851.0,3244.0,1834.0
2026-10-02T14:33:11+08:00,342,0.2949,,1.408694863319397,8.373151308304892e-05,0.18866363260239966,1113211.0,119622,6.580690800001321,2859.0283203125,5592.0,1403.75732421875,5592.0,5403.0,4144.0,1834.0
2026-10-02T14:33:18+08:00,343,0.2249,,1.1267454624176025,8.367463026166098e-05,0.1892152806509447,1116810.0,119980,6.96205789999658,3163.00244140625,4766.0,1403.77490234375,4766.0,6229.0,5592.0,1836.0
2026-10-02T14:33:25+08:00,344,0.045,,0.5896308422088623,8.361774744027304e-05,0.18976692869948972,1120216.0,120362,6.897192900003574,3396.87451171875,4380.0,1403.76904296875,4380.0,6615.0,4766.0,1834.0
2026-10-02T14:33:32+08:00,345,0.1902,,1.2365286350250244,8.356086461888511e-05,0.19031857674803476,1123333.0,120620,6.907153899999685,2938.6298828125,4744.0,1403.76318359375,4744.0,6251.0,4380.0,1836.0
2026-10-02T14:33:39+08:00,346,0.1307,,0.7562664747238159,8.350398179749716e-05,0.19087022479657978,1126628.0,120994,7.180922899999132,3322.9697265625,7120.0,1403.76904296875,7120.0,3875.0,4744.0,1836.0
2026-10-02T14:33:46+08:00,347,0.0269,,0.42408260703086853,8.344709897610921e-05,0.19142187284512482,1129620.0,121289,6.993274599997676,3148.1201171875,5064.0,1403.76171875,5064.0,5931.0,7120.0,1834.0
2026-10-02T14:33:53+08:00,348,0.0927,,0.789331316947937,8.339021615472128e-05,0.19197352089366984,1133309.0,121622,7.266702400003851,3765.72314453125,7062.0,1403.77783203125,7062.0,3933.0,5064.0,1834.0
2026-10-02T14:34:00+08:00,349,0.2033,,1.1445807218551636,8.333333333333334e-05,0.19252516894221486,1136070.0,121995,6.941151300001366,2873.4072265625,3206.0,1403.755859375,3206.0,7789.0,7062.0,1834.0
2026-10-02T14:34:07+08:00,350,0.2314,,0.843161404132843,8.32764505119454e-05,0.1930768169907599,1139919.0,122424,7.109775899996748,4592.57568359375,6308.0,1403.78076171875,6308.0,4687.0,3206.0,1834.0
2026-10-02T14:34:14+08:00,351,0.1501,,0.8507862687110901,8.321956769055745e-05,0.19362846503930492,1143278.0,122867,6.748567299997376,3313.64208984375,4384.0,1403.76904296875,4384.0,6611.0,6308.0,1834.0
2026-10-02T14:34:21+08:00,352,0.1683,,0.9228224158287048,8.316268486916952e-05,0.19418011308784996,1146815.0,123275,7.160428299997875,3678.765625,5328.0,1403.7734375,5328.0,5667.0,4384.0,1836.0
2026-10-02T14:34:28+08:00,353,0.0125,,0.2843465209007263,8.310580204778158e-05,0.19473176113639498,1150069.0,123635,6.70077499999752,3547.90771484375,5360.0,1403.76611328125,5360.0,5635.0,5328.0,1836.0
2026-10-02T14:34:35+08:00,354,0.2399,,1.1551204919815063,8.304891922639363e-05,0.19528340918494,1153293.0,123988,6.919792900000175,3256.220703125,4464.0,1403.76611328125,4464.0,6531.0,5360.0,1834.0
2026-10-02T14:34:42+08:00,355,0.1017,,0.6704472899436951,8.299203640500569e-05,0.19583505723348504,1156367.0,124349,7.1783018999994965,3270.10498046875,4776.0,1403.76318359375,4776.0,6219.0,4464.0,1834.0
2026-10-02T14:34:49+08:00,356,0.1971,,0.8641103506088257,8.293515358361775e-05,0.19638670528203006,1159695.0,124703,6.756567799995537,3342.35546875,3688.0,1403.76904296875,3688.0,7307.0,4776.0,1834.0
2026-10-02T14:34:56+08:00,357,0.1308,,0.8212297558784485,8.287827076222982e-05,0.1969383533305751,1162461.0,125094,6.873332299997855,2997.6611328125,4672.0,1403.75732421875,4672.0,6323.0,3688.0,1834.0
2026-10-02T14:35:03+08:00,358,0.1245,,0.7975509166717529,8.282138794084187e-05,0.19749000137912012,1165171.0,125376,6.876042799995048,2761.37353515625,5416.0,1403.75439453125,5416.0,5579.0,4672.0,1834.0
2026-10-02T14:35:09+08:00,359,0.085,,0.6364701390266418,8.276450511945392e-05,0.19804164942766514,1167959.0,125766,6.853155299999344,2922.7705078125,3928.0,1403.75732421875,3928.0,7067.0,5416.0,1834.0
2026-10-02T14:35:16+08:00,360,0.1087,,0.6108990907669067,8.270762229806599e-05,0.19859329747621018,1171446.0,126222,6.802338299996336,4995.09033203125,6998.0,1403.7705078125,6998.0,3997.0,3928.0,1834.0
2026-10-02T14:35:23+08:00,361,0.1061,,0.7254692316055298,8.265073947667806e-05,0.1991449455247552,1174543.0,126577,7.154888600001868,3137.712890625,6080.0,1403.76318359375,6080.0,4915.0,6998.0,1834.0
2026-10-02T14:35:30+08:00,362,0.1631,,0.8399236798286438,8.259385665529011e-05,0.19969659357330025,1177396.0,126910,6.727309399997466,2912.40869140625,4816.0,1403.75732421875,4816.0,6179.0,6080.0,1836.0
2026-10-02T14:35:37+08:00,363,0.1986,,1.0259203910827637,8.253697383390216e-05,0.20024824162184526,1180039.0,127273,6.622153500000422,2732.27001953125,4400.0,1403.755859375,4400.0,6595.0,4816.0,1834.0
2026-10-02T14:35:44+08:00,364,0.0597,,0.5954875349998474,8.248009101251423e-05,0.20079988967039028,1183063.0,127517,6.782666999999492,3162.99072265625,4370.0,1403.76318359375,4370.0,6625.0,4400.0,1834.0
2026-10-02T14:35:50+08:00,365,0.1611,,0.8691698312759399,8.242320819112629e-05,0.20135153771893533,1186169.0,127855,6.800510900000518,2901.5380859375,3256.0,1403.7646484375,3256.0,7739.0,4370.0,1834.0
2026-10-02T14:35:57+08:00,366,0.0502,,0.5301685929298401,8.236632536973834e-05,0.20190318576748034,1189996.0,128169,6.837803800000984,3821.623046875,5708.0,1403.779296875,5708.0,5287.0,3256.0,1836.0
2026-10-02T14:36:04+08:00,367,0.2305,,1.0080599784851074,8.23094425483504e-05,0.2024548338160254,1192714.0,128562,6.824708000000101,2793.40234375,3754.0,1403.755859375,3754.0,7241.0,5708.0,1834.0
2026-10-02T14:36:11+08:00,368,0.2561,,0.6530802845954895,8.225255972696246e-05,0.2030064818645704,1196980.0,129333,7.114011600002414,6057.32666015625,8278.0,1403.79248046875,8278.0,1961.04296875,3754.0,1836.0
2026-10-02T14:36:18+08:00,369,0.0327,,0.5117060542106628,8.219567690557453e-05,0.20355812991311542,1200161.0,129632,6.859839900003863,3159.333984375,6016.0,1403.7646484375,6016.0,4979.0,8278.0,1834.0
2026-10-02T14:36:25+08:00,370,0.066,,0.5719619989395142,8.213879408418658e-05,0.20410977796166047,1203726.0,130063,6.869596699994872,3301.208984375,6784.0,1403.7734375,6784.0,4211.0,6016.0,1836.0
2026-10-02T14:36:32+08:00,371,0.2065,,1.0886551141738892,8.208191126279863e-05,0.20466142601020548,1206314.0,130390,6.734782500003348,2847.8740234375,3368.0,1403.75146484375,3368.0,7627.0,6784.0,1836.0
2026-10-02T14:36:38+08:00,372,0.1242,,0.8807080984115601,8.20250284414107e-05,0.20521307405875053,1209516.0,130709,6.651887499996519,3088.0859375,3968.0,1403.7646484375,3968.0,7027.0,3368.0,1836.0
2026-10-02T14:36:45+08:00,373,0.072,,0.6429533362388611,8.196814562002275e-05,0.20576472210729554,1212361.0,131005,6.807753400004003,3180.94384765625,4712.0,1403.755859375,4712.0,6283.0,3968.0,1834.0
2026-10-02T14:36:52+08:00,374,0.1639,,0.8578827381134033,8.191126279863482e-05,0.20631637015584056,1215044.0,131296,6.910671199999342,2669.8466796875,3416.0,1403.75439453125,3416.0,7579.0,4712.0,1834.0
2026-10-02T14:36:59+08:00,375,0.0899,,0.742216169834137,8.185437997724687e-05,0.2068680182043856,1218342.0,131657,7.027033499995014,3094.5029296875,3458.0,1403.76904296875,3458.0,7537.0,3416.0,1836.0
2026-10-02T14:37:06+08:00,376,0.0789,,0.7730038166046143,8.179749715585894e-05,0.20741966625293062,1221041.0,131972,6.761959600000409,2686.10791015625,4304.0,1403.75439453125,4304.0,6691.0,3458.0,1834.0
2026-10-02T14:37:13+08:00,377,0.0882,,1.3758522272109985,8.174061433447099e-05,0.20797131430147567,1224068.0,132200,7.282038899997133,3056.87353515625,6952.0,1403.76318359375,6952.0,4043.0,4304.0,1836.0
2026-10-02T14:37:20+08:00,378,0.0351,,0.3708018958568573,8.168373151308306e-05,0.20852296235002069,1227580.0,132548,6.997569700004533,3504.666015625,5388.0,1403.7734375,5388.0,5607.0,6952.0,1834.0
2026-10-02T14:37:27+08:00,379,0.1218,,1.127816915512085,8.162684869169511e-05,0.2090746103985657,1230831.0,132848,7.0458160000052885,3116.0986328125,6160.0,1403.767578125,6160.0,4835.0,5388.0,1834.0
2026-10-02T14:37:34+08:00,380,0.1568,,0.7904974818229675,8.156996587030717e-05,0.20962625844711075,1234616.0,133277,7.019386500003748,3657.03515625,6884.0,1403.78076171875,6884.0,4111.0,6160.0,1836.0
2026-10-02T14:37:41+08:00,381,0.0651,,0.6680050492286682,8.151308304891923e-05,0.21017790649565576,1237484.0,133583,6.693614199997683,2760.57568359375,4504.0,1403.7587890625,4504.0,6491.0,6884.0,1834.0
2026-10-02T14:37:48+08:00,382,0.0231,,0.326579749584198,8.145620022753129e-05,0.2107295545442008,1240835.0,133891,6.660798500000965,3029.69091796875,4920.0,1403.767578125,4920.0,6075.0,4504.0,1834.0
2026-10-02T14:37:55+08:00,383,0.2985,,1.114333987236023,8.139931740614334e-05,0.21128120259274583,1244486.0,134288,7.084454900003038,4905.66796875,5594.0,1403.77783203125,5594.0,5401.0,4920.0,1836.0
2026-10-02T14:38:02+08:00,384,0.1533,,0.9784718155860901,8.134243458475541e-05,0.21183285064129084,1247683.0,134647,6.820790899997519,2933.14013671875,4992.0,1403.76611328125,4992.0,6003.0,5594.0,1834.0
2026-10-02T14:38:09+08:00,385,0.0756,,0.6691983342170715,8.128555176336746e-05,0.2123844986898359,1252023.0,135039,7.22891580000578,4487.40869140625,6704.0,1403.7939453125,6704.0,4291.0,4992.0,1834.0
2026-10-02T14:38:16+08:00,386,0.1068,,0.7537491321563721,8.122866894197953e-05,0.2129361467383809,1255137.0,135356,6.733503700001165,3054.83447265625,3428.0,1403.76318359375,3428.0,7567.0,6704.0,1834.0
2026-10-02T14:38:22+08:00,387,0.1152,,0.7287436127662659,8.117178612059158e-05,0.21348779478692595,1258620.0,135769,6.714756400004262,3216.0576171875,4336.0,1403.77197265625,4336.0,6659.0,3428.0,1834.0
2026-10-02T14:38:30+08:00,388,0.0732,,0.6506953239440918,8.111490329920365e-05,0.21403944283547097,1261421.0,136101,6.8237995999952545,2998.44775390625,3808.0,1403.75732421875,3808.0,7187.0,4336.0,1834.0
2026-10-02T14:38:37+08:00,389,0.0637,,0.613154947757721,8.10580204778157e-05,0.214591090884016,1264819.0,136416,7.006417099997634,3497.09912109375,5848.0,1403.77197265625,5848.0,5147.0,3808.0,1834.0
2026-10-02T14:38:44+08:00,390,0.1179,,0.9340869188308716,8.100113765642777e-05,0.21514273893256103,1267863.0,136693,6.886497799998324,3084.06689453125,3944.0,1403.76318359375,3944.0,7051.0,5848.0,1834.0
2026-10-02T14:38:51+08:00,391,0.1177,,0.880476176738739,8.094425483503982e-05,0.21569438698110605,1271306.0,136991,6.670939600000565,3959.7265625,5878.0,1403.77197265625,5878.0,5117.0,3944.0,1834.0
2026-10-02T14:38:58+08:00,392,0.2012,,0.7658593058586121,8.088737201365188e-05,0.2162460350296511,1275004.0,137602,6.904341399997065,4898.3427734375,6532.0,1403.7763671875,6532.0,4463.0,5878.0,1834.0
2026-10-02T14:39:05+08:00,393,0.2056,,1.213126540184021,8.083048919226394e-05,0.2167976830781961,1278165.0,137853,6.846506000001682,3162.99365234375,5452.0,1403.76611328125,5452.0,5543.0,6532.0,1834.0
2026-10-02T14:39:11+08:00,394,0.1702,,0.8948130011558533,8.0773606370876e-05,0.21734933112674115,1281282.0,138202,6.94054380000307,3019.34814453125,4404.0,1403.76318359375,4404.0,6591.0,5452.0,1836.0
2026-10-02T14:39:19+08:00,395,0.2918,,1.4065288305282593,8.071672354948806e-05,0.21790097917528617,1284868.0,138518,7.2687022000027355,3148.13330078125,6232.0,1403.77490234375,6232.0,4763.0,4404.0,1836.0
2026-10-02T14:39:26+08:00,396,0.3105,,1.3605831861495972,8.065984072810012e-05,0.2184526272238312,1287758.0,138913,6.843610900003114,3088.0830078125,5048.0,1403.76171875,5048.0,5947.0,6232.0,1836.0
2026-10-02T14:39:33+08:00,397,0.1265,,0.7243631482124329,8.060295790671217e-05,0.21900427527237623,1291272.0,139331,6.919783199999074,3301.208984375,5216.0,1403.7734375,5216.0,5779.0,5048.0,1836.0
2026-10-02T14:39:39+08:00,398,0.1568,,1.5317747592926025,8.054607508532424e-05,0.21955592332092125,1294199.0,139676,6.887087899995095,2907.572265625,4128.0,1403.76025390625,4128.0,6867.0,5216.0,1834.0
2026-10-02T14:39:47+08:00,399,0.29,,0.5931731462478638,8.048919226393629e-05,0.2201075713694663,1298893.0,140674,7.487602799999877,7265.7919921875,8802.0,1403.80126953125,8802.0,1437.04296875,4128.0,1834.0
2026-10-02T14:39:54+08:00,400,0.1553,,0.9161563515663147,8.043230944254836e-05,0.2206592194180113,1301854.0,141037,6.681765799999994,3387.7060546875,4444.0,1403.7587890625,4444.0,6551.0,8802.0,1834.0
2026-10-02T14:45:02+08:00,400,,0.1391674882216803,,,0.2206592194180113,,141037,,5406.42529296875,6724.0,1403.7587890625,1834.0,9161.0,,
2026-10-02T14:45:12+08:00,401,0.1146,,0.83927321434021,8.037542662116041e-05,0.22121086746655633,1304626.0,141309,6.719688500001212,3138.51025390625,5136.0,1403.75732421875,5136.0,5859.0,1834.0,1834.0
2026-10-02T14:45:19+08:00,402,0.1184,,0.6574124693870544,8.031854379977248e-05,0.22176251551510137,1308562.0,141968,6.803565100002743,4840.28271484375,7410.0,1403.7822265625,7410.0,3585.0,5136.0,1834.0
2026-10-02T14:45:25+08:00,403,0.1585,,0.6076933741569519,8.026166097838453e-05,0.2223141635636464,1312456.0,142577,6.9411590000017895,4173.10302734375,6700.0,1403.7822265625,6700.0,4295.0,7410.0,1836.0
2026-10-02T14:45:33+08:00,404,0.0758,,0.5645555257797241,8.02047781569966e-05,0.22286581161219143,1315618.0,142850,7.096705800002383,2991.42236328125,7840.0,1403.76318359375,7840.0,3155.0,6700.0,1834.0
2026-10-02T14:45:40+08:00,405,0.1347,,0.694359302520752,8.014789533560865e-05,0.22341745966073645,1318913.0,143215,7.015685099999246,4099.9970703125,6008.0,1403.767578125,6008.0,4987.0,7840.0,1836.0
2026-10-02T14:45:47+08:00,406,0.1835,,0.9669968485832214,8.009101251422071e-05,0.22396910770928147,1321897.0,143530,7.116544600001362,2837.51904296875,3832.0,1403.7587890625,3832.0,7163.0,6008.0,1834.0
2026-10-02T14:45:54+08:00,407,0.0864,,0.5749086141586304,8.003412969283277e-05,0.2245207557578265,1325072.0,143807,6.968438100004278,3267.43017578125,4024.0,1403.7646484375,4024.0,6971.0,3832.0,1834.0
2026-10-02T14:46:01+08:00,408,0.125,,0.871741533279419,7.997724687144482e-05,0.22507240380637153,1328163.0,144099,7.3457855000015115,2938.62841796875,6456.0,1403.76171875,6456.0,4539.0,4024.0,1834.0
2026-10-02T14:46:08+08:00,409,0.0851,,0.6525204181671143,7.992036405005689e-05,0.22562405185491657,1330872.0,144423,6.828956699995615,2684.0830078125,3040.0,1403.75439453125,3040.0,7955.0,6456.0,1834.0
2026-10-02T14:46:15+08:00,410,0.1019,,0.6921285390853882,7.986348122866895e-05,0.2261756999034616,1333751.0,144782,6.95227850000083,2965.79150390625,3960.0,1403.7587890625,3960.0,7035.0,3040.0,1834.0
2026-10-02T14:46:22+08:00,411,0.1905,,0.8997478485107422,7.9806598407281e-05,0.2267273479520066,1337081.0,145112,6.838624999996682,3429.5751953125,6280.0,1403.76904296875,6280.0,4715.0,3960.0,1834.0
2026-10-02T14:46:29+08:00,412,0.1343,,0.8501965403556824,7.974971558589306e-05,0.22727899600055165,1340667.0,145447,6.9784390999993775,3450.330078125,5094.0,1403.7763671875,5094.0,5901.0,6280.0,1836.0
2026-10-02T14:46:36+08:00,413,0.1876,,0.9747573137283325,7.969283276450512e-05,0.22783064404909667,1343747.0,145787,6.957414000004064,3180.951171875,4090.0,1403.76318359375,4090.0,6905.0,5094.0,1834.0
2026-10-02T14:46:43+08:00,414,0.0884,,0.567368745803833,7.963594994311719e-05,0.22838229209764171,1346492.0,146114,6.843079400001443,2825.7783203125,3172.0,1403.75732421875,3172.0,7823.0,4090.0,1836.0
2026-10-02T14:46:49+08:00,415,0.1309,,0.9182687401771545,7.957906712172924e-05,0.22893394014618673,1349860.0,146515,6.609911200001079,4291.94873046875,5732.0,1403.77197265625,5732.0,5263.0,3172.0,1836.0
2026-10-02T14:46:56+08:00,416,0.1124,,0.7206016778945923,7.95221843003413e-05,0.22948558819473175,1353032.0,146791,6.9535057000030065,2912.41748046875,4976.0,1403.76611328125,4976.0,6019.0,5732.0,1836.0
2026-10-02T14:47:03+08:00,417,0.0907,,0.7458422780036926,7.946530147895336e-05,0.2300372362432768,1356052.0,147094,6.767440900002839,3206.6845703125,5504.0,1403.76171875,5504.0,5491.0,4976.0,1836.0
2026-10-02T14:47:10+08:00,418,0.1819,,0.9131277203559875,7.940841865756543e-05,0.2305888842918218,1359479.0,147413,6.939899699995294,3162.998046875,4606.0,1403.7705078125,4606.0,6389.0,5504.0,1834.0
2026-10-02T14:47:17+08:00,419,0.1212,,0.722476065158844,7.935153583617748e-05,0.23114053234036686,1363172.0,147776,6.897034600006009,3356.5126953125,6032.0,1403.7763671875,6032.0,4963.0,4606.0,1836.0
2026-10-02T14:47:23+08:00,420,0.1076,,0.8206538558006287,7.929465301478953e-05,0.23169218038891187,1366220.0,148094,6.58462629999849,3159.33251953125,4656.0,1403.76318359375,4656.0,6339.0,6032.0,1836.0
2026-10-02T14:47:30+08:00,421,0.1199,,0.7911357879638672,7.92377701934016e-05,0.2322438284374569,1369183.0,148401,6.659836300001189,3321.8828125,4454.0,1403.76171875,4454.0,6541.0,4656.0,1836.0
2026-10-02T14:47:37+08:00,422,0.026,,0.3537205457687378,7.918088737201366e-05,0.23279547648600193,1372898.0,148783,6.869223399997281,3894.2734375,8058.0,1403.779296875,8058.0,2173.29296875,4454.0,1836.0
2026-10-02T14:47:44+08:00,423,0.0533,,0.5450426936149597,7.912400455062571e-05,0.23334712453454695,1375719.0,149141,6.860874600002717,3030.0283203125,3398.0,1403.75732421875,3398.0,7597.0,8058.0,1836.0
2026-10-02T14:47:51+08:00,424,0.2398,,1.1281331777572632,7.906712172923777e-05,0.233898772583092,1378587.0,149494,6.917751300003147,3407.23681640625,5728.0,1403.7587890625,5728.0,5267.0,3398.0,1834.0
2026-10-02T14:47:58+08:00,425,0.1075,,0.6497790813446045,7.901023890784983e-05,0.234450420631637,1382245.0,149889,6.860622700005479,3434.912109375,5464.0,1403.7734375,5464.0,5531.0,5728.0,1834.0
2026-10-02T14:48:05+08:00,426,0.0733,,0.5499899387359619,7.89533560864619e-05,0.23500206868018203,1385855.0,150226,6.901732899998024,3180.9658203125,4714.0,1403.77783203125,4714.0,6281.0,5464.0,1836.0
2026-10-02T14:48:11+08:00,427,0.1353,,0.8099432587623596,7.889647326507395e-05,0.23555371672872708,1388989.0,150549,6.809486400001333,3106.81396484375,3468.0,1403.76611328125,3468.0,7527.0,4714.0,1834.0
2026-10-02T14:48:19+08:00,428,0.1266,,0.7882625460624695,7.8839590443686e-05,0.2361053647772721,1392505.0,150851,7.202449899996282,3175.48388671875,4594.0,1403.77197265625,4594.0,6401.0,3468.0,1834.0
2026-10-02T14:48:25+08:00,429,0.0467,,0.5014894604682922,7.878270762229807e-05,0.23665701282581714,1396192.0,151208,6.6106784000003245,4056.3681640625,5448.0,1403.779296875,5448.0,5547.0,4594.0,1836.0
2026-10-02T14:48:32+08:00,430,0.0852,,0.5195541977882385,7.872582480091014e-05,0.23720866087436215,1399334.0,151595,6.969779300001392,2912.41748046875,4064.0,1403.76611328125,4064.0,6931.0,5448.0,1836.0
2026-10-02T14:48:40+08:00,431,0.119,,0.7998523712158203,7.866894197952219e-05,0.2377603089229072,1403289.0,151969,7.368900200002827,3756.41455078125,6192.0,1403.78515625,6192.0,4803.0,4064.0,1834.0
2026-10-02T14:48:47+08:00,432,0.0762,,0.6664143204689026,7.861205915813424e-05,0.23831195697145222,1405897.0,152317,7.245729099995515,2771.78076171875,5042.0,1403.7529296875,5042.0,5953.0,6192.0,1836.0
2026-10-02T14:48:54+08:00,433,0.1909,,1.3065004348754883,7.855517633674631e-05,0.23886360501999723,1409226.0,152648,7.108076199998322,3250.38671875,5088.0,1403.767578125,5088.0,5907.0,5042.0,1834.0
2026-10-02T14:49:01+08:00,434,0.109,,0.7094948887825012,7.849829351535837e-05,0.23941525306854228,1412602.0,152973,7.080356800004665,3289.97998046875,5104.0,1403.76904296875,5104.0,5891.0,5088.0,1836.0
2026-10-02T14:49:08+08:00,435,0.1057,,0.7805752754211426,7.844141069397043e-05,0.2399669011170873,1415690.0,153329,6.941148500001873,3353.79443359375,4160.0,1403.76318359375,4160.0,6835.0,5104.0,1834.0
2026-10-02T14:49:15+08:00,436,0.06,,0.4105728268623352,7.838452787258248e-05,0.24051854916563234,1418702.0,153695,6.943600200000219,3259.7421875,5736.0,1403.76025390625,5736.0,5259.0,4160.0,1834.0
2026-10-02T14:49:22+08:00,437,0.1557,,0.7801966071128845,7.832764505119454e-05,0.24107019721417736,1422300.0,153992,6.931512099996326,3097.45751953125,5408.0,1403.7734375,5408.0,5587.0,5736.0,1834.0
2026-10-02T14:49:29+08:00,438,0.153,,0.8448245525360107,7.827076222980661e-05,0.24162184526272237,1425856.0,154310,6.886667200000375,3224.19970703125,6416.0,1403.7734375,6416.0,4579.0,5408.0,1838.0
2026-10-02T14:49:36+08:00,439,0.0987,,0.6008046269416809,7.821387940841866e-05,0.24217349331126742,1428764.0,154641,6.781889299993054,2885.83349609375,3624.0,1403.76025390625,3624.0,7371.0,6416.0,1836.0
2026-10-02T14:49:43+08:00,440,0.0746,,0.6419737935066223,7.815699658703072e-05,0.24272514135981244,1432291.0,155071,7.356567400005588,4345.546875,6732.0,1403.7763671875,6732.0,4263.0,3624.0,1836.0
2026-10-02T14:49:50+08:00,441,0.2771,,0.753689169883728,7.810011376564278e-05,0.24327678940835748,1435981.0,155662,7.129459899995709,4667.78125,6054.0,1403.77783203125,6054.0,4941.0,6732.0,1834.0
2026-10-02T14:49:57+08:00,442,0.1003,,0.7528954744338989,7.804323094425485e-05,0.2438284374569025,1439214.0,155945,7.087524599999597,3225.41552734375,4240.0,1403.76611328125,4240.0,6755.0,6054.0,1834.0
2026-10-02T14:50:04+08:00,443,0.1344,,1.0186576843261719,7.798634812286689e-05,0.24438008550544751,1441750.0,156252,6.8772887000013725,3010.3544921875,5600.0,1403.75,5600.0,5395.0,4240.0,1836.0
2026-10-02T14:50:11+08:00,444,0.2045,,0.8992017507553101,7.792946530147895e-05,0.24493173355399256,1445551.0,156692,6.70822909999697,4623.86669921875,5232.0,1403.7822265625,5232.0,5763.0,5600.0,1836.0
2026-10-02T14:50:18+08:00,445,0.2305,,1.2816309928894043,7.787258248009102e-05,0.24548338160253758,1448976.0,156963,7.003271300003689,3160.1435546875,4248.0,1403.77197265625,4248.0,6747.0,5232.0,1834.0
2026-10-02T14:50:25+08:00,446,0.0513,,0.45539936423301697,7.781569965870308e-05,0.24603502965108262,1452269.0,157430,7.172649899999669,3787.453125,6222.0,1403.76904296875,6222.0,4773.0,4248.0,1834.0
2026-10-02T14:50:32+08:00,447,0.0659,,0.4870293140411377,7.775881683731512e-05,0.24658667769962764,1455440.0,157815,6.929463899999973,2960.36767578125,4056.0,1403.76318359375,4056.0,6939.0,6222.0,1834.0
2026-10-02T14:50:38+08:00,448,0.0942,,0.6474930644035339,7.770193401592719e-05,0.24713832574817265,1458788.0,158111,6.206864300002053,3428.7861328125,4504.0,1403.7705078125,4504.0,6491.0,4056.0,1836.0
2026-10-02T14:50:45+08:00,449,0.1595,,0.8446650505065918,7.764505119453926e-05,0.2476899737967177,1462131.0,158557,7.076164099999005,3172.359375,5400.0,1403.76904296875,5400.0,5595.0,4504.0,1834.0
2026-10-02T14:50:52+08:00,450,0.0515,,0.5248172879219055,7.758816837315132e-05,0.24824162184526272,1465157.0,158901,6.937204500005464,3180.74365234375,3538.0,1403.76171875,3538.0,7457.0,5400.0,1834.0
2026-10-02T14:50:59+08:00,451,0.1096,,0.867773711681366,7.753128555176336e-05,0.24879326989380776,1468470.0,159194,7.165352199997869,3397.66650390625,7472.0,1403.7705078125,7472.0,3523.0,3538.0,1834.0
2026-10-02T14:51:06+08:00,452,0.0852,,0.5747736692428589,7.747440273037543e-05,0.24934491794235278,1471776.0,159644,6.905742399998417,3990.154296875,5322.0,1403.76904296875,5322.0,5673.0,7472.0,1836.0
2026-10-02T14:51:13+08:00,453,0.1317,,0.7924989461898804,7.741751990898749e-05,0.2498965659908978,1474549.0,159935,6.728939300002821,2718.13671875,3980.0,1403.755859375,3980.0,7015.0,5322.0,1836.0
2026-10-02T14:51:20+08:00,454,0.1023,,0.7161087989807129,7.736063708759956e-05,0.25044821403944284,1477910.0,160273,6.619073599998956,3073.66552734375,4614.0,1403.7705078125,4614.0,6381.0,3980.0,1836.0
2026-10-02T14:51:26+08:00,455,0.1359,,0.822955310344696,7.73037542662116e-05,0.25099986208798786,1481464.0,160598,6.811641500004043,3636.20263671875,3968.0,1403.7763671875,3968.0,7027.0,4614.0,1834.0
2026-10-02T14:51:33+08:00,456,0.1668,,0.6925832033157349,7.724687144482366e-05,0.2515515101365329,1484776.0,161027,6.659363300001132,3137.400390625,3498.0,1403.76611328125,3498.0,7497.0,3968.0,1834.0
2026-10-02T14:51:40+08:00,457,0.0664,,0.5224526524543762,7.718998862343573e-05,0.25210315818507795,1489348.0,161430,6.659851099997468,4143.6669921875,9088.0,1403.796875,9088.0,1143.29296875,3498.0,1834.0
2026-10-02T14:51:47+08:00,458,0.0197,,0.30834463238716125,7.71331058020478e-05,0.25265480623362296,1492665.0,161745,6.954492299999401,3321.47265625,3668.0,1403.76904296875,3668.0,7327.0,9088.0,1836.0
2026-10-02T14:51:54+08:00,459,0.2907,,1.33655846118927,7.707622298065983e-05,0.253206454282168,1495465.0,162044,7.0392636000033235,2969.67724609375,4544.0,1403.755859375,4544.0,6451.0,3668.0,1834.0
2026-10-02T14:52:01+08:00,460,0.1334,,0.7275452017784119,7.70193401592719e-05,0.253758102330713,1498657.0,162499,6.73383499999909,3019.14599609375,3388.0,1403.767578125,3388.0,7607.0,4544.0,1834.0
2026-10-02T14:52:08+08:00,461,0.1242,,0.7418999671936035,7.696245733788397e-05,0.254309750379258,1501892.0,162823,7.036217699998815,3332.25830078125,4874.0,1403.7646484375,4874.0,6121.0,3388.0,1834.0
2026-10-02T14:52:14+08:00,462,0.0746,,0.6550886034965515,7.690557451649603e-05,0.2548613984278031,1504975.0,163120,6.73866370000178,3354.58349609375,4992.0,1403.76171875,4992.0,6003.0,4874.0,1834.0
2026-10-02T14:52:21+08:00,463,0.149,,0.8660222291946411,7.684869169510807e-05,0.2554130464763481,1508177.0,163444,7.004825500000152,3139.10498046875,3508.0,1403.7646484375,3508.0,7487.0,4992.0,1834.0
2026-10-02T14:52:28+08:00,464,0.0827,,0.7564211487770081,7.679180887372014e-05,0.2559646945248931,1511066.0,163724,6.927065999996557,2926.20361328125,5760.0,1403.7587890625,5760.0,5235.0,3508.0,1834.0
2026-10-02T14:52:36+08:00,465,0.1805,,0.9183103442192078,7.67349260523322e-05,0.25651634257343814,1514308.0,164081,7.280411899999308,3369.81884765625,6960.0,1403.76611328125,6960.0,4035.0,5760.0,1836.0
2026-10-02T14:52:42+08:00,466,0.1324,,0.869198203086853,7.667804323094427e-05,0.25706799062198316,1517650.0,164425,6.677038900001207,3267.43603515625,6256.0,1403.7705078125,6256.0,4739.0,6960.0,1834.0
2026-10-02T14:52:49+08:00,467,0.085,,0.8270683288574219,7.662116040955631e-05,0.25761963867052823,1520600.0,164792,6.961987800001225,3270.10205078125,6312.0,1403.76025390625,6312.0,4683.0,6256.0,1834.0
2026-10-02T14:52:56+08:00,468,0.1734,,1.0447067022323608,7.656427758816837e-05,0.25817128671907325,1523479.0,165094,6.7824743000019225,2997.62890625,3358.0,1403.7587890625,3358.0,7637.0,6312.0,1836.0
2026-10-02T14:53:03+08:00,469,0.0782,,0.6584018468856812,7.650739476678044e-05,0.25872293476761826,1526035.0,165401,7.061519099996076,3120.365234375,3488.0,1403.75146484375,3488.0,7507.0,3358.0,1836.0
2026-10-02T14:53:10+08:00,470,0.0329,,0.2856632471084595,7.64505119453925e-05,0.2592745828161633,1530028.0,165818,7.051368000000366,3338.5302734375,6986.0,1403.7822265625,6986.0,4009.0,3488.0,1834.0
2026-10-02T14:53:17+08:00,471,0.0341,,0.45298221707344055,7.639362912400455e-05,0.2598262308647083,1532995.0,166098,7.104947599997104,2873.4130859375,5918.0,1403.76171875,5918.0,5077.0,6986.0,1836.0
2026-10-02T14:53:25+08:00,472,0.0933,,0.7409241199493408,7.633674630261661e-05,0.26037787891325337,1535965.0,166404,7.161878300001263,3213.77734375,6192.0,1403.7587890625,6192.0,4803.0,5918.0,1834.0
2026-10-02T14:53:31+08:00,473,0.0508,,0.5683375000953674,7.627986348122868e-05,0.2609295269617984,1538949.0,166694,6.826966299995547,2935.5224609375,4024.0,1403.76171875,4024.0,6971.0,6192.0,1834.0
2026-10-02T14:53:38+08:00,474,0.1021,,0.8254075646400452,7.622298065984074e-05,0.2614811750103434,1542040.0,167010,6.849214599998959,3098.52978515625,3468.0,1403.76318359375,3468.0,7527.0,4024.0,1836.0
2026-10-02T14:53:45+08:00,475,0.0759,,0.8625921010971069,7.616609783845278e-05,0.2620328230588884,1545247.0,167287,6.954453500002273,3282.54833984375,5874.0,1403.76904296875,5874.0,5121.0,3468.0,1834.0
2026-10-02T14:53:52+08:00,476,0.0535,,0.5471203923225403,7.610921501706485e-05,0.26258447110743344,1548353.0,167757,6.646872000004805,3894.25732421875,5954.0,1403.76318359375,5954.0,5041.0,5874.0,1834.0
2026-10-02T14:53:59+08:00,477,0.2263,,1.1925069093704224,7.605233219567691e-05,0.2631361191559785,1551572.0,168042,6.867785900001763,3019.14599609375,3388.0,1403.767578125,3388.0,7607.0,5954.0,1834.0
2026-10-02T14:54:06+08:00,478,0.0704,,0.5692632794380188,7.599544937428897e-05,0.2636877672045235,1554420.0,168389,6.874207300003036,2922.49609375,3298.0,1403.755859375,3298.0,7697.0,3388.0,1834.0
2026-10-02T14:54:12+08:00,479,0.1681,,1.082111120223999,7.593856655290102e-05,0.26423941525306854,1557066.0,168650,6.8118558999995,2938.62109375,3608.0,1403.75439453125,3608.0,7387.0,3298.0,1836.0
2026-10-02T14:54:19+08:00,480,0.1523,,0.8924058079719543,7.588168373151309e-05,0.26479106330161356,1560393.0,169144,6.862975699994422,3830.9296875,5628.0,1403.76904296875,5628.0,5367.0,3608.0,1834.0
2026-10-02T14:54:26+08:00,481,0.0289,,0.644038200378418,7.582480091012515e-05,0.2653427113501586,1563716.0,169486,6.755104500000016,3354.5908203125,4112.0,1403.76904296875,4112.0,6883.0,5628.0,1834.0
2026-10-02T14:54:33+08:00,482,0.1398,,0.8297899961471558,7.57679180887372e-05,0.26589435939870365,1566853.0,169856,6.801265599999169,2965.798828125,4334.0,1403.76611328125,4334.0,6661.0,4112.0,1834.0
2026-10-02T14:54:40+08:00,483,0.0432,,0.4245973527431488,7.571103526734926e-05,0.26644600744724867,1570236.0,170242,7.116069900002913,3473.3505859375,6394.0,1403.767578125,6394.0,4601.0,4334.0,1836.0
2026-10-02T14:54:47+08:00,484,0.1293,,0.6297709941864014,7.565415244596132e-05,0.2669976554957937,1573658.0,170661,6.875813400001789,3928.5517578125,5758.0,1403.76904296875,5758.0,5237.0,6394.0,1836.0
2026-10-02T14:54:54+08:00,485,0.1337,,0.903181254863739,7.559726962457339e-05,0.2675493035443387,1577069.0,170981,6.61392579999665,3488.24658203125,7694.0,1403.7705078125,7694.0,3301.0,5758.0,1834.0
2026-10-02T14:55:00+08:00,486,0.034,,0.46854954957962036,7.554038680318544e-05,0.2681009515928837,1580287.0,171317,6.9557662999941385,3289.978515625,5420.0,1403.767578125,5420.0,5575.0,7694.0,1834.0
2026-10-02T14:55:07+08:00,487,0.0418,,0.5019292831420898,7.548350398179749e-05,0.2686525996414288,1582932.0,171649,6.682978400000138,2761.37353515625,4720.0,1403.75439453125,4720.0,6275.0,5420.0,1834.0
2026-10-02T14:55:15+08:00,488,0.265,,1.164509892463684,7.542662116040956e-05,0.2692042476899738,1586114.0,171971,6.669148499997391,3022.63623046875,4512.0,1403.76611328125,4512.0,6483.0,4720.0,1836.0
2026-10-02T14:55:22+08:00,489,0.0503,,0.4185023903846741,7.536973833902163e-05,0.2697558957385188,1589899.0,172258,6.7218012000012095,3131.7958984375,5818.0,1403.779296875,5818.0,5177.0,4512.0,1834.0
2026-10-02T14:55:29+08:00,490,0.0868,,0.6511331796646118,7.531285551763368e-05,0.27030754378706384,1593780.0,172698,7.239466499995615,3547.92236328125,8080.0,1403.78076171875,8080.0,2151.29296875,5818.0,1836.0
2026-10-02T14:55:36+08:00,491,0.0845,,0.7161002159118652,7.525597269624573e-05,0.27085919183560886,1597057.0,173027,7.03599789999862,3100.57177734375,7338.0,1403.76611328125,7338.0,3657.0,8080.0,1834.0
2026-10-02T14:55:43+08:00,492,0.116,,0.6959827542304993,7.51990898748578e-05,0.27141083988415393,1600220.0,173393,6.7584722000028705,4507.43017578125,5782.0,1403.76611328125,5782.0,5213.0,7338.0,1834.0
2026-10-02T14:55:49+08:00,493,0.1362,,0.7917463183403015,7.514220705346986e-05,0.27196248793269895,1603150.0,173732,6.74569600000541,2826.3701171875,4592.0,1403.7587890625,4592.0,6403.0,5782.0,1834.0
2026-10-02T14:55:56+08:00,494,0.0174,,0.22669169306755066,7.508532423208191e-05,0.27251413598124397,1606625.0,174055,6.643941399997857,3148.13037109375,5400.0,1403.77197265625,5400.0,5595.0,4592.0,1834.0
2026-10-02T14:56:03+08:00,495,0.1729,,0.8085202574729919,7.502844141069397e-05,0.273065784029789,1610425.0,174424,6.6590059000009205,4431.0849609375,4996.0,1403.779296875,4996.0,5999.0,5400.0,1836.0
2026-10-02T14:56:10+08:00,496,0.0516,,0.4562259316444397,7.497155858930603e-05,0.273617432078334,1613603.0,174838,6.988979300003848,3031.92822265625,4992.0,1403.7646484375,4992.0,6003.0,4996.0,1834.0
2026-10-02T14:56:17+08:00,497,0.1912,,1.0524848699569702,7.49146757679181e-05,0.2741690801268791,1616570.0,175158,7.092313099994499,3088.08154296875,5880.0,1403.76025390625,5880.0,5115.0,4992.0,1834.0
2026-10-02T14:56:24+08:00,498,0.1191,,0.8058822154998779,7.485779294653015e-05,0.2747207281754241,1619970.0,175488,7.267930800000613,3062.45458984375,4516.0,1403.7705078125,4516.0,6479.0,5880.0,1834.0
2026-10-02T14:56:31+08:00,499,0.0742,,0.7084808945655823,7.48009101251422e-05,0.2752723762239691,1623142.0,175843,7.0485298999992665,3391.37158203125,6416.0,1403.7646484375,6416.0,4579.0,4516.0,1836.0
2026-10-02T14:56:38+08:00,500,0.1524,,1.3865026235580444,7.474402730375427e-05,0.2758240242725141,1626116.0,176249,7.155106400001387,3266.62353515625,4660.0,1403.76025390625,4660.0,6335.0,6416.0,1834.0
2026-10-02T15:01:16+08:00,500,,0.13409412119255654,,,0.2758240242725141,,176249,,5406.4267578125,6724.0,1403.76025390625,1836.0,9159.0,,
2026-10-02T15:01:22+08:00,501,0.0585,,0.6019906997680664,7.468714448236634e-05,0.27637567232105914,1628739.0,176551,2.9474015000014333,2663.68603515625,3656.0,1403.75439453125,3656.0,7339.0,1836.0,1836.0
2026-10-02T15:01:25+08:00,502,0.1015,,0.6656136512756348,7.463026166097839e-05,0.2769273203696042,1632382.0,176950,3.04863540000224,3725.3525390625,9050.0,1403.77783203125,9050.0,807.1796875,3656.0,1834.0
2026-10-02T15:01:28+08:00,503,0.0895,,0.6109045147895813,7.457337883959044e-05,0.27747896841814923,1635802.0,177338,2.994788800002425,3250.3896484375,5604.0,1403.7705078125,5604.0,5391.0,9050.0,1834.0
2026-10-02T15:01:31+08:00,504,0.1187,,0.8676654696464539,7.451649601820251e-05,0.27803061646669425,1639184.0,177634,2.9318362999983947,3105.69140625,4896.0,1403.76904296875,4896.0,6099.0,5604.0,1834.0
2026-10-02T15:01:33+08:00,505,0.0403,,0.42968669533729553,7.445961319681457e-05,0.27858226451523926,1642457.0,177995,2.9353113999968627,3158.96142578125,3518.0,1403.7646484375,3518.0,7477.0,4896.0,1834.0
2026-10-02T15:01:36+08:00,506,0.0642,,0.4771394729614258,7.440273037542663e-05,0.2791339125637843,1645996.0,178419,3.0209027000018978,4087.5341796875,7486.0,1403.7734375,7486.0,3509.0,3518.0,1834.0
2026-10-02T15:01:39+08:00,507,0.1172,,0.9567021131515503,7.434584755403868e-05,0.27968556061232935,1649320.0,178699,2.9508634000012535,3321.26025390625,3668.0,1403.767578125,3668.0,7327.0,7486.0,1834.0
2026-10-02T15:01:42+08:00,508,0.079,,0.5517893433570862,7.428896473265074e-05,0.28023720866087437,1652618.0,179053,2.86788869999873,3450.32421875,4568.0,1403.7705078125,4568.0,6427.0,3668.0,1834.0
2026-10-02T15:01:45+08:00,509,0.0931,,0.5934582948684692,7.423208191126281e-05,0.2807888567094194,1656263.0,179499,2.9618788000007044,3569.22412109375,5452.0,1403.77490234375,5452.0,5543.0,4568.0,1834.0
2026-10-02T15:01:48+08:00,510,0.0739,,0.5868349075317383,7.417519908987486e-05,0.2813405047579644,1659571.0,179890,2.831750600002124,3008.25341796875,3378.0,1403.767578125,3378.0,7617.0,5452.0,1834.0
2026-10-02T15:01:51+08:00,511,0.1799,,1.044450044631958,7.411831626848692e-05,0.2818921528065094,1662344.0,180239,2.881740800003172,3203.55712890625,4960.0,1403.755859375,4960.0,6035.0,3378.0,1834.0
2026-10-02T15:01:54+08:00,512,0.1979,,3.059619426727295,7.406143344709898e-05,0.2824438008550545,1665504.0,180527,2.8418038000017987,3347.84033203125,5408.0,1403.7646484375,5408.0,5587.0,4960.0,1834.0
2026-10-02T15:01:57+08:00,513,0.227,,1.1910738945007324,7.400455062571105e-05,0.2829954489035995,1668363.0,180864,2.9505967000004603,2947.94140625,5096.0,1403.7587890625,5096.0,5899.0,5408.0,1836.0
2026-10-02T15:02:00+08:00,514,0.1554,,0.9640041589736938,7.39476678043231e-05,0.28354709695214453,1671504.0,181259,2.8497131999974954,3313.6376953125,4928.0,1403.7646484375,4928.0,6067.0,5096.0,1836.0
2026-10-02T15:02:03+08:00,515,0.1393,,0.9405640363693237,7.389078498293515e-05,0.28409874500068955,1674663.0,181564,2.9309566999945673,3213.783203125,5400.0,1403.7646484375,5400.0,5595.0,4928.0,1834.0
2026-10-02T15:02:05+08:00,516,0.1708,,1.0987275838851929,7.383390216154722e-05,0.28465039304923456,1677585.0,181944,2.8150138999990304,3250.380859375,3864.0,1403.76171875,3864.0,7131.0,5400.0,1836.0
2026-10-02T15:02:08+08:00,517,0.0639,,0.7546716332435608,7.377701934015927e-05,0.28520204109777963,1680497.0,182197,2.887550100000226,3148.11865234375,4690.0,1403.76025390625,4690.0,6305.0,3864.0,1834.0
2026-10-02T15:02:11+08:00,518,0.0357,,0.46158304810523987,7.372013651877134e-05,0.28575368914632465,1683936.0,182470,2.8341868999996223,3282.55126953125,4336.0,1403.77197265625,4336.0,6659.0,4690.0,1834.0
2026-10-02T15:02:14+08:00,519,0.0612,,0.6703363060951233,7.366325369738339e-05,0.28630533719486967,1687109.0,182781,3.0169329999989714,3612.564453125,4548.0,1403.767578125,4548.0,6447.0,4336.0,1834.0
2026-10-02T15:02:18+08:00,520,0.1274,,0.7354455590248108,7.360637087599546e-05,0.2868569852434147,1691276.0,183378,3.3503235000025597,5553.78662109375,7732.0,1403.78662109375,7732.0,3263.0,4548.0,1834.0
2026-10-02T15:02:20+08:00,521,0.0339,,0.43740394711494446,7.354948805460751e-05,0.2874086332919597,1694992.0,183698,2.961688299998059,3743.98388671875,6922.0,1403.7763671875,6922.0,4073.0,7732.0,1834.0
2026-10-02T15:02:23+08:00,522,0.0563,,0.5304887294769287,7.349260523321957e-05,0.2879602813405048,1698100.0,184153,2.967313599998306,3041.630859375,5912.0,1403.76318359375,5912.0,5083.0,6922.0,1834.0
2026-10-02T15:02:26+08:00,523,0.062,,0.6334290504455566,7.343572241183163e-05,0.2885119293890498,1701082.0,184457,2.9647343999968143,3041.62939453125,4284.0,1403.76171875,4284.0,6711.0,5912.0,1834.0
2026-10-02T15:02:29+08:00,524,0.0903,,0.6295493245124817,7.337883959044369e-05,0.2890635774375948,1704268.0,184738,2.887654600002861,3003.845703125,4386.0,1403.7646484375,4386.0,6609.0,4284.0,1834.0
2026-10-02T15:02:32+08:00,525,0.0786,,0.7427427768707275,7.332195676905574e-05,0.2896152254861398,1707465.0,184988,2.9045215000005555,3212.98046875,3568.0,1403.76611328125,3568.0,7427.0,4386.0,1834.0
2026-10-02T15:02:35+08:00,526,0.1288,,0.9332699179649353,7.326507394766781e-05,0.29016687353468484,1710347.0,185276,2.825487600006454,3088.07861328125,6150.0,1403.75732421875,6150.0,4845.0,3568.0,1834.0
2026-10-02T15:02:38+08:00,527,0.2343,,1.0337415933609009,7.320819112627986e-05,0.2907185215832299,1713684.0,185698,3.0443128000042634,4129.80322265625,5908.0,1403.7705078125,5908.0,5087.0,6150.0,1836.0
2026-10-02T15:02:41+08:00,528,0.1279,,1.0188273191452026,7.315130830489193e-05,0.29127016963177493,1717101.0,185994,2.866369700001087,3170.55078125,5888.0,1403.7705078125,5888.0,5107.0,5908.0,1834.0
2026-10-02T15:02:44+08:00,529,0.3508,,1.1959805488586426,7.309442548350398e-05,0.29182181768031995,1719999.0,186351,2.8799441999944975,2970.58984375,3348.0,1403.7587890625,3348.0,7647.0,5888.0,1834.0
2026-10-02T15:02:47+08:00,530,0.1363,,0.7991964221000671,7.303754266211605e-05,0.29237346572886497,1723269.0,186709,2.783323899995594,3172.35791015625,3952.0,1403.767578125,3952.0,7043.0,3348.0,1834.0
2026-10-02T15:02:50+08:00,531,0.2465,,1.0933526754379272,7.29806598407281e-05,0.29292511377741004,1726378.0,187067,2.91767859999527,2976.9443359375,6206.0,1403.76318359375,6206.0,4789.0,3952.0,1836.0
2026-10-02T15:02:52+08:00,532,0.0992,,0.681855320930481,7.292377701934017e-05,0.29347676182595506,1729409.0,187441,2.826832499995362,3051.236328125,5362.0,1403.76318359375,5362.0,5633.0,6206.0,1834.0
2026-10-02T15:02:55+08:00,533,0.1095,,0.7571180462837219,7.286689419795222e-05,0.2940284098745001,1731790.0,187772,2.887284100004763,2657.35791015625,3696.0,1403.75,3696.0,7299.0,5362.0,1836.0
2026-10-02T15:02:58+08:00,534,0.0843,,0.6428878307342529,7.281001137656428e-05,0.2945800579230451,1734984.0,188147,2.855260200005432,3537.10888671875,6350.0,1403.76611328125,6350.0,4645.0,3696.0,1834.0
2026-10-02T15:03:01+08:00,535,0.0815,,0.5955735445022583,7.275312855517634e-05,0.2951317059715901,1738362.0,188486,2.940841999996337,3129.748046875,3498.0,1403.7705078125,3498.0,7497.0,6350.0,1834.0
2026-10-02T15:03:04+08:00,536,0.1065,,0.7000007033348083,7.26962457337884e-05,0.2956833540201352,1740939.0,188836,2.831156700005522,2912.40576171875,4100.0,1403.75439453125,4100.0,6895.0,3498.0,1834.0
2026-10-02T15:03:07+08:00,537,0.1346,,0.8556198477745056,7.263936291240046e-05,0.2962350020686802,1743992.0,189151,2.9079562999977497,2960.3662109375,4992.0,1403.76171875,4992.0,6003.0,4100.0,1834.0
2026-10-02T15:03:10+08:00,538,0.0225,,0.4561491310596466,7.258248009101252e-05,0.2967866501172252,1747163.0,189428,2.8967983000038657,3020.1279296875,4334.0,1403.76318359375,4334.0,6661.0,4992.0,1834.0
2026-10-02T15:03:13+08:00,539,0.1269,,0.8718222975730896,7.252559726962457e-05,0.29733829816577023,1750304.0,189783,2.9036256999970647,2889.52783203125,3256.0,1403.7646484375,3256.0,7739.0,4334.0,1834.0
2026-10-02T15:03:15+08:00,540,0.259,,1.3443702459335327,7.246871444823664e-05,0.29788994621431525,1753523.0,190142,2.790804600001138,3010.05810546875,4436.0,1403.76611328125,4436.0,6559.0,3256.0,1836.0
2026-10-02T15:03:18+08:00,541,0.0879,,0.7176509499549866,7.241183162684869e-05,0.2984415942628603,1756859.0,190467,2.930218800000148,3335.4072265625,4400.0,1403.76904296875,4400.0,6595.0,4436.0,1834.0
2026-10-02T15:03:22+08:00,542,0.3746,,0.8598438501358032,7.235494880546076e-05,0.29899324231140534,1761095.0,191075,3.1265800000037416,4754.04248046875,9096.0,1403.791015625,9096.0,873.54296875,4400.0,1834.0
2026-10-02T15:03:25+08:00,543,0.0498,,0.4787418246269226,7.229806598407281e-05,0.29954489035995036,1764879.0,191465,3.0546112000010908,4087.5400390625,7192.0,1403.779296875,7192.0,3803.0,9096.0,1834.0
2026-10-02T15:03:28+08:00,544,0.1022,,0.7649876475334167,7.224118316268488e-05,0.3000965384084954,1767659.0,191798,2.9569663000002038,2912.41015625,3928.0,1403.7587890625,3928.0,7067.0,7192.0,1834.0
2026-10-02T15:03:31+08:00,545,0.0977,,0.8447830080986023,7.218430034129693e-05,0.3006481864570404,1770442.0,192150,3.0909499999979744,2839.2490234375,4946.0,1403.75732421875,4946.0,6049.0,3928.0,1836.0
2026-10-02T15:03:34+08:00,546,0.0595,,0.5869556665420532,7.2127417519909e-05,0.30119983450558546,1773195.0,192469,2.92500889999792,2907.56787109375,4268.0,1403.755859375,4268.0,6727.0,4946.0,1834.0
2026-10-02T15:03:36+08:00,547,0.0764,,0.7309927344322205,7.207053469852105e-05,0.3017514825541305,1775977.0,192756,2.9276556000040728,3008.806640625,7264.0,1403.75439453125,7264.0,3731.0,4268.0,1834.0
2026-10-02T15:03:39+08:00,548,0.0652,,0.7074457406997681,7.201365187713311e-05,0.3023031306026755,1778968.0,193046,2.947746500001813,3051.23193359375,5872.0,1403.7587890625,5872.0,5123.0,7264.0,1836.0
2026-10-02T15:03:42+08:00,549,0.0515,,0.6504283547401428,7.195676905574517e-05,0.3028547786512205,1782014.0,193294,2.8252757000009296,3216.04736328125,4382.0,1403.76171875,4382.0,6613.0,5872.0,1834.0
2026-10-02T15:03:45+08:00,550,0.1662,,0.755305290222168,7.189988623435723e-05,0.30340642669976553,1785210.0,193675,2.900208700004441,3173.43603515625,3538.0,1403.76318359375,3538.0,7457.0,4382.0,1836.0
2026-10-02T15:03:48+08:00,551,0.0913,,0.6320661902427673,7.184300341296929e-05,0.3039580747483106,1788623.0,193992,2.8664071000021067,3062.4560546875,4566.0,1403.77197265625,4566.0,6429.0,3538.0,1834.0
2026-10-02T15:03:51+08:00,552,0.1079,,1.0525985956192017,7.178612059158134e-05,0.3045097227968556,1791880.0,194320,3.013039999998,3094.47900390625,4056.0,1403.767578125,4056.0,6939.0,4566.0,1836.0
2026-10-02T15:03:54+08:00,553,0.1397,,0.9399218559265137,7.17292377701934e-05,0.30506137084540064,1795144.0,194681,2.8738506000008783,3396.87158203125,4448.0,1403.76611328125,4448.0,6547.0,4056.0,1834.0
2026-10-02T15:03:57+08:00,554,0.0531,,0.4910511374473572,7.167235494880547e-05,0.30561301889394565,1798025.0,195083,2.9484301999982563,3234.59228515625,4976.0,1403.75732421875,4976.0,6019.0,4448.0,1834.0
2026-10-02T15:04:00+08:00,555,0.185,,1.0168911218643188,7.161547212741752e-05,0.30616466694249067,1801314.0,195427,2.9561729000051855,3116.6767578125,7176.0,1403.767578125,7176.0,3819.0,4976.0,1834.0
2026-10-02T15:04:05+08:00,556,0.2468,,0.7262229323387146,7.155858930602957e-05,0.30671631499103574,1805598.0,196082,5.506765999998606,6552.8095703125,11418.0,1403.79248046875,11418.0,0.0,7176.0,1836.0
2026-10-02T15:04:08+08:00,557,0.1884,,0.9361253976821899,7.150170648464164e-05,0.30726796303958076,1808991.0,196445,3.101307099997939,3289.18994140625,6536.0,1403.7705078125,6536.0,4459.0,11418.0,1834.0
2026-10-02T15:04:12+08:00,558,0.1326,,1.2129180431365967,7.14448236632537e-05,0.3078196110881258,1812402.0,196696,3.2294181999968714,3385.9384765625,5336.0,1403.76904296875,5336.0,5659.0,6536.0,1834.0
2026-10-02T15:04:15+08:00,559,0.1027,,0.7258495688438416,7.138794084186576e-05,0.3083712591366708,1815880.0,197075,3.118382200002088,3234.60693359375,5544.0,1403.77197265625,5544.0,5451.0,5336.0,1834.0
2026-10-02T15:04:18+08:00,560,0.0857,,0.9126037955284119,7.133105802047781e-05,0.3089229071852158,1818882.0,197381,3.298755699994217,2933.92333984375,4744.0,1403.76171875,4744.0,6251.0,5544.0,1834.0
2026-10-02T15:04:21+08:00,561,0.1638,,1.0594432353973389,7.127417519908988e-05,0.3094745552337609,1821726.0,197642,3.2221007000043755,2717.3388671875,3976.0,1403.76025390625,3976.0,7019.0,4744.0,1834.0
2026-10-02T15:04:25+08:00,562,0.11,,0.8818855881690979,7.121729237770194e-05,0.3100262032823059,1824769.0,197971,3.4603593000065302,3192.16064453125,4088.0,1403.76171875,4088.0,6907.0,3976.0,1834.0
2026-10-02T15:04:28+08:00,563,0.0219,,0.4215641915798187,7.1160409556314e-05,0.3105778513308509,1827862.0,198255,3.636498500003654,3159.33251953125,4476.0,1403.76318359375,4476.0,6519.0,4088.0,1834.0
2026-10-02T15:04:32+08:00,564,0.1203,,0.7313896417617798,7.110352673492605e-05,0.31112949937939594,1831328.0,198641,3.1174497000029078,3363.51953125,4488.0,1403.77197265625,4488.0,6507.0,4476.0,1834.0
2026-10-02T15:04:35+08:00,565,0.1274,,0.7663718461990356,7.104664391353811e-05,0.31168114742794095,1835073.0,199029,3.080827199999476,3509.54541015625,5914.0,1403.78076171875,5914.0,5081.0,4488.0,1836.0
2026-10-02T15:04:38+08:00,566,0.0886,,0.7253384590148926,7.098976109215018e-05,0.312232795476486,1838352.0,199373,3.168368200000259,3095.2822265625,4768.0,1403.767578125,4768.0,6227.0,5914.0,1834.0
2026-10-02T15:04:41+08:00,567,0.0855,,0.6993170976638794,7.093287827076223e-05,0.31278444352503104,1841494.0,199716,3.1696123000001535,3148.5166015625,3508.0,1403.76611328125,3508.0,7487.0,4768.0,1836.0
2026-10-02T15:04:44+08:00,568,0.039,,0.409108966588974,7.087599544937429e-05,0.31333609157357606,1844174.0,200002,3.045876000003773,2750.9951171875,3126.0,1403.75439453125,3126.0,7869.0,3508.0,1834.0
2026-10-02T15:04:47+08:00,569,0.1099,,0.6728196740150452,7.081911262798635e-05,0.3138877396221211,1848136.0,200497,3.073680900000909,4301.8828125,4848.0,1403.78515625,4848.0,6147.0,3126.0,1834.0
2026-10-02T15:04:50+08:00,570,0.0452,,0.45705631375312805,7.076222980659842e-05,0.3144393876706661,1851213.0,200823,3.071517899996252,3385.93408203125,4384.0,1403.7646484375,4384.0,6611.0,4848.0,1834.0
2026-10-02T15:04:54+08:00,571,0.2659,,1.2450733184814453,7.070534698521047e-05,0.31499103571921117,1854408.0,201126,3.272958399997151,3150.5107421875,6384.0,1403.767578125,6384.0,4611.0,4384.0,1834.0
2026-10-02T15:04:57+08:00,572,0.0364,,0.5319087505340576,7.064846416382252e-05,0.3155426837677562,1857689.0,201387,3.2940107000031276,3245.01123046875,5344.0,1403.767578125,5344.0,5651.0,6384.0,1836.0
2026-10-02T15:05:00+08:00,573,0.089,,0.6108114719390869,7.059158134243459e-05,0.3160943318163012,1860564.0,201752,3.0508755999981076,2957.25830078125,4186.0,1403.7587890625,4186.0,6809.0,5344.0,1834.0
2026-10-02T15:05:03+08:00,574,0.0686,,0.678996205329895,7.053469852104665e-05,0.3166459798648462,1863675.0,202085,3.13563769999746,2933.92626953125,4064.0,1403.7646484375,4064.0,6931.0,4186.0,1834.0
2026-10-02T15:05:06+08:00,575,0.1426,,0.9752805233001709,7.047781569965871e-05,0.31719762791339123,1866527.0,202378,3.209347700001672,2739.7578125,3950.0,1403.75732421875,3950.0,7045.0,4064.0,1834.0
2026-10-02T15:05:09+08:00,576,0.1224,,0.7191386222839355,7.042093287827076e-05,0.3177492759619363,1869798.0,202807,3.0694402000008267,3540.646484375,5308.0,1403.7646484375,5308.0,5687.0,3950.0,1834.0
2026-10-02T15:05:12+08:00,577,0.1468,,0.865774929523468,7.036405005688283e-05,0.3183009240104813,1873314.0,203141,3.164778300000762,3162.99951171875,4280.0,1403.77197265625,4280.0,6715.0,5308.0,1834.0
2026-10-02T15:05:15+08:00,578,0.1254,,0.7951244711875916,7.030716723549489e-05,0.31885257205902634,1876611.0,203468,2.9188203000012436,2997.62890625,3368.0,1403.767578125,3368.0,7627.0,4280.0,1836.0
2026-10-02T15:05:18+08:00,579,0.1474,,0.9206704497337341,7.025028441410694e-05,0.31940422010757136,1879718.0,203788,3.0553738000016892,3062.0419921875,3428.0,1403.76318359375,3428.0,7567.0,3368.0,1834.0
2026-10-02T15:05:22+08:00,580,0.0789,,0.6730506420135498,7.0193401592719e-05,0.3199558681561164,1882536.0,204096,3.0689039999997476,2954.64013671875,5604.0,1403.755859375,5604.0,5391.0,3428.0,1834.0
2026-10-02T15:05:25+08:00,581,0.0962,,0.6739229559898376,7.013651877133106e-05,0.32050751620466145,1885816.0,204443,3.0770489999995334,3035.02880859375,3864.0,1403.767578125,3864.0,7131.0,5604.0,1834.0
2026-10-02T15:05:28+08:00,582,0.0453,,0.6112443208694458,7.007963594994313e-05,0.32105916425320646,1889063.0,204682,2.942783300000883,3704.3115234375,5640.0,1403.7646484375,5640.0,5355.0,3864.0,1834.0
2026-10-02T15:05:31+08:00,583,0.2179,,0.9468941688537598,7.002275312855518e-05,0.3216108123017515,1891975.0,205112,3.036601799998607,3013.33642578125,5688.0,1403.7587890625,5688.0,5307.0,5640.0,1836.0
2026-10-02T15:05:34+08:00,584,0.0414,,0.3975745439529419,6.996587030716723e-05,0.3221624603502965,1895680.0,205433,2.936965799999598,3422.47998046875,6752.0,1403.779296875,6752.0,4243.0,5688.0,1836.0
2026-10-02T15:05:37+08:00,585,0.0351,,0.4883967936038971,6.99089874857793e-05,0.3227141083988415,1899397.0,205817,3.1016962000066997,3893.36474609375,5904.0,1403.7763671875,5904.0,5091.0,6752.0,1834.0
2026-10-02T15:05:40+08:00,586,0.1141,,0.5865484476089478,6.985210466439137e-05,0.3232657564473866,1902483.0,206186,2.9953852999969968,3148.123046875,6040.0,1403.7646484375,6040.0,4955.0,5904.0,1834.0
2026-10-02T15:05:43+08:00,587,0.1389,,0.9292370080947876,6.97952218430034e-05,0.3238174044959316,1905841.0,206481,2.91442719999759,3066.2421875,4524.0,1403.76904296875,4524.0,6471.0,6040.0,1834.0
2026-10-02T15:05:46+08:00,588,0.088,,0.6083567142486572,6.973833902161547e-05,0.3243690525444766,1909041.0,206914,2.9615623999998206,3266.62939453125,6136.0,1403.76611328125,6136.0,4859.0,4524.0,1836.0
2026-10-02T15:05:48+08:00,589,0.1411,,1.0194299221038818,6.968145620022754e-05,0.32492070059302164,1911996.0,207176,2.8560061999960453,2870.306640625,4168.0,1403.76025390625,4168.0,6827.0,6136.0,1834.0
2026-10-02T15:05:51+08:00,590,0.1132,,0.7839617133140564,6.96245733788396e-05,0.32547234864156666,1914957.0,207563,2.8254721999983303,3400.6943359375,4032.0,1403.7587890625,4032.0,6963.0,4168.0,1834.0
2026-10-02T15:05:54+08:00,591,0.1977,,1.1192870140075684,6.956769055745164e-05,0.32602399669011173,1917891.0,207860,2.8987000999986776,2890.90380859375,3214.0,1403.76171875,3214.0,7781.0,4032.0,1834.0
2026-10-02T15:05:57+08:00,592,0.0977,,0.8029062747955322,6.951080773606371e-05,0.32657564473865675,1921129.0,208103,2.816113900000346,2982.109375,3640.0,1403.76611328125,3640.0,7355.0,3214.0,1834.0
2026-10-02T15:06:00+08:00,593,0.0722,,0.7002554535865784,6.945392491467577e-05,0.32712729278720176,1924277.0,208393,2.916686900003697,2870.3095703125,4240.0,1403.76318359375,4240.0,6755.0,3640.0,1834.0
2026-10-02T15:06:03+08:00,594,0.057,,0.6249783635139465,6.939704209328784e-05,0.3276789408357468,1927658.0,208662,2.90399709999474,3441.13037109375,6416.0,1403.77197265625,6416.0,4579.0,4240.0,1834.0
2026-10-02T15:06:06+08:00,595,0.3146,,0.8388179540634155,6.934015927189988e-05,0.3282305888842918,1932353.0,209290,3.7146984999999404,6493.25439453125,8878.0,1403.7998046875,8878.0,1197.921875,6416.0,1836.0
2026-10-02T15:06:09+08:00,596,0.1133,,0.9670008420944214,6.928327645051194e-05,0.32878223693283687,1935517.0,209588,2.8481787999990047,3278.8115234375,5570.0,1403.7646484375,5570.0,5425.0,8878.0,1834.0
2026-10-02T15:06:12+08:00,597,0.1502,,0.8867906928062439,6.922639362912401e-05,0.3293338849813819,1938835.0,209922,2.9068984999976237,3553.13525390625,5058.0,1403.76904296875,5058.0,5937.0,5570.0,1834.0
2026-10-02T15:06:15+08:00,598,0.1094,,0.888201117515564,6.916951080773608e-05,0.3298855330299269,1941986.0,210218,2.8315109999966808,3076.68310546875,3448.0,1403.7646484375,3448.0,7547.0,5058.0,1834.0
2026-10-02T15:06:18+08:00,599,0.0557,,0.6196308732032776,6.911262798634812e-05,0.3304371810784719,1945634.0,210490,2.9252367000008235,3537.640625,6724.0,1403.77783203125,6724.0,4271.0,3448.0,1834.0
2026-10-02T15:06:21+08:00,600,0.0364,,0.44162508845329285,6.905574516496018e-05,0.33098882912701694,1948738.0,210792,2.807265199997346,3148.923828125,5454.0,1403.76318359375,5454.0,5541.0,6724.0,1834.0
2026-10-02T15:08:39+08:00,600,,0.13197144344465342,,,0.33098882912701694,,210792,,5406.4296875,6724.0,1403.76318359375,1836.0,9159.0,,
2026-10-02T15:08:45+08:00,601,0.3103,,1.6375941038131714,6.899886234357225e-05,0.331540477175562,1951575.0,211066,2.895485799999733,2771.78515625,4290.0,1403.75732421875,4290.0,6705.0,1836.0,1836.0
2026-10-02T15:08:47+08:00,602,0.0616,,0.7581394910812378,6.894197952218431e-05,0.332092125224107,1955026.0,211409,2.779489199994714,3338.5185546875,4794.0,1403.7705078125,4794.0,6201.0,4290.0,1836.0
2026-10-02T15:08:50+08:00,603,0.1363,,0.9174315333366394,6.888509670079635e-05,0.33264377327265204,1958067.0,211778,2.947057900004438,3191.4111328125,3548.0,1403.76025390625,3548.0,7447.0,4794.0,1834.0
2026-10-02T15:08:54+08:00,604,0.044,,0.6089666485786438,6.882821387940842e-05,0.33319542132119706,1962107.0,212174,3.1253071000028285,4404.6513671875,4958.0,1403.78662109375,4958.0,6037.0,3548.0,1834.0
2026-10-02T15:08:57+08:00,605,0.1203,,0.4896094501018524,6.877133105802048e-05,0.3337470693697421,1966820.0,213050,3.65512480000325,6423.4453125,8974.0,1403.80126953125,8974.0,1271.859375,4958.0,1834.0
2026-10-02T15:09:00+08:00,606,0.0205,,0.2527593970298767,6.871444823663255e-05,0.33429871741828715,1970259.0,213540,3.1933999999964726,4763.89599609375,5410.0,1403.7705078125,5410.0,5585.0,8974.0,1834.0
2026-10-02T15:09:03+08:00,607,0.0494,,0.6053406000137329,6.865756541524459e-05,0.33485036546683217,1973346.0,213822,2.878524200001266,2982.1064453125,5398.0,1403.76318359375,5398.0,5597.0,5410.0,1834.0
2026-10-02T15:09:06+08:00,608,0.0765,,0.6074920892715454,6.860068259385666e-05,0.3354020135153772,1976322.0,214142,2.852861799998209,2998.4521484375,3338.0,1403.76171875,3338.0,7657.0,5398.0,1834.0
2026-10-02T15:09:09+08:00,609,0.2589,,1.1700376272201538,6.854379977246872e-05,0.3359536615639222,1979388.0,214482,2.793951499996183,3151.587890625,3518.0,1403.76318359375,3518.0,7477.0,3338.0,1834.0
2026-10-02T15:09:12+08:00,610,0.1878,,0.9952439069747925,6.848691695108079e-05,0.3365053096124672,1981991.0,214804,2.9407702000025893,2719.78271484375,3402.0,1403.7529296875,3402.0,7593.0,3518.0,1834.0
2026-10-02T15:09:15+08:00,611,0.1817,,1.1713138818740845,6.843003412969283e-05,0.3370569576610123,1984627.0,215063,2.7869959000017843,2976.0185546875,3348.0,1403.75,3348.0,7647.0,3402.0,1834.0
2026-10-02T15:09:18+08:00,612,0.1468,,0.9639052748680115,6.837315130830489e-05,0.3376086057095573,1988129.0,215356,2.882740399996692,3332.62255859375,3688.0,1403.7734375,3688.0,7307.0,3348.0,1836.0
2026-10-02T15:09:20+08:00,613,0.1246,,0.8275137543678284,6.831626848691696e-05,0.3381602537581023,1990875.0,215711,2.8956303000013577,2653.27978515625,3002.0,1403.755859375,3002.0,7993.0,3688.0,1834.0
2026-10-02T15:09:23+08:00,614,0.0981,,0.8233113288879395,6.825938566552902e-05,0.33871190180664734,1993481.0,216010,2.914049300001352,2913.7744140625,3664.0,1403.75146484375,3664.0,7331.0,3002.0,1836.0
2026-10-02T15:09:26+08:00,615,0.1227,,0.8289524912834167,6.820250284414106e-05,0.3392635498551924,1996311.0,216298,2.7990250999937416,3321.8798828125,5300.0,1403.7587890625,5300.0,5695.0,3664.0,1834.0
2026-10-02T15:09:29+08:00,616,0.15,,1.0257254838943481,6.814562002275313e-05,0.33981519790373743,1999440.0,216631,2.922595200005162,2880.54638671875,5888.0,1403.76611328125,5888.0,5107.0,5300.0,1836.0
2026-10-02T15:09:32+08:00,617,0.2894,,1.1788952350616455,6.80887372013652e-05,0.34036684595228245,2003643.0,217234,3.053310200004489,4465.74755859375,6288.0,1403.78955078125,6288.0,4707.0,5888.0,1836.0
2026-10-02T15:09:35+08:00,618,0.0708,,0.8300642371177673,6.803185437997726e-05,0.34091849400082747,2007071.0,217551,2.9299983000018983,3310.73046875,4790.0,1403.7734375,4790.0,6205.0,6288.0,1834.0
2026-10-02T15:09:38+08:00,619,0.0485,,0.442630797624588,6.79749715585893e-05,0.3414701420493725,2010387.0,217872,2.796124000000418,3282.54833984375,5112.0,1403.76904296875,5112.0,5883.0,4790.0,1834.0
2026-10-02T15:09:41+08:00,620,0.1766,,0.9324263334274292,6.791808873720137e-05,0.34202179009791756,2012622.0,218208,2.8588968999974895,2613.65380859375,4102.0,1403.74267578125,4102.0,6893.0,5112.0,1834.0
2026-10-02T15:09:44+08:00,621,0.105,,0.6442804932594299,6.786120591581343e-05,0.34257343814646257,2016342.0,218585,2.886114399996586,3571.869140625,5958.0,1403.7763671875,5958.0,5037.0,4102.0,1834.0
2026-10-02T15:09:47+08:00,622,0.1539,,0.936847448348999,6.780432309442548e-05,0.3431250861950076,2019607.0,218988,2.9408513999951538,3175.4794921875,5968.0,1403.767578125,5968.0,5027.0,5958.0,1834.0
2026-10-02T15:09:49+08:00,623,0.0918,,0.6331987977027893,6.774744027303754e-05,0.3436767342435526,2022805.0,219336,2.8109399000022677,3051.2392578125,4032.0,1403.76611328125,4032.0,6963.0,5968.0,1836.0
2026-10-02T15:09:52+08:00,624,0.0692,,0.7370103597640991,6.76905574516496e-05,0.3442283822920976,2026276.0,219690,2.892378299999109,3300.35546875,5360.0,1403.77197265625,5360.0,5635.0,4032.0,1836.0
2026-10-02T15:09:55+08:00,625,0.0639,,0.5406703948974609,6.763367463026167e-05,0.3447800303406427,2029542.0,220027,2.895998399995733,3245.0126953125,4732.0,1403.76904296875,4732.0,6263.0,5360.0,1834.0
2026-10-02T15:09:58+08:00,626,0.0708,,0.6122384667396545,6.757679180887372e-05,0.3453316783891877,2032936.0,220444,2.9702547999986564,3064.203125,3438.0,1403.76904296875,3438.0,7557.0,4732.0,1836.0
2026-10-02T15:10:01+08:00,627,0.0495,,0.5696592926979065,6.751990898748577e-05,0.34588332643773273,2036018.0,220854,2.86856020000414,3451.8662109375,5176.0,1403.76318359375,5176.0,5819.0,3438.0,1834.0
2026-10-02T15:10:04+08:00,628,0.0535,,0.6077224612236023,6.746302616609784e-05,0.34643497448627775,2039079.0,221166,2.9549230999982683,2916.8896484375,5640.0,1403.76171875,5640.0,5355.0,5176.0,1836.0
2026-10-02T15:10:07+08:00,629,0.082,,0.8294572234153748,6.74061433447099e-05,0.34698662253482276,2042319.0,221433,2.8138461999988067,2860.99560546875,5960.0,1403.76611328125,5960.0,5035.0,5640.0,1836.0
2026-10-02T15:10:10+08:00,630,0.196,,1.0216212272644043,6.734926052332196e-05,0.34753827058336784,2045265.0,221740,3.096788700000616,2966.578125,4800.0,1403.7587890625,4800.0,6195.0,5960.0,1834.0
2026-10-02T15:10:13+08:00,631,0.1378,,0.8944878578186035,6.729237770193401e-05,0.34808991863191285,2048780.0,222102,3.5242834000018775,3141.15283203125,3936.0,1403.7734375,3936.0,7059.0,4800.0,1834.0
2026-10-02T15:10:17+08:00,632,0.1126,,0.8319157361984253,6.723549488054608e-05,0.34864156668045787,2052377.0,222393,3.422175799998513,3116.1044921875,4430.0,1403.7734375,4430.0,6565.0,3936.0,1836.0
2026-10-02T15:10:20+08:00,633,0.1106,,0.6343035101890564,6.717861205915814e-05,0.3491932147290029,2055708.0,222745,3.234067999997933,3379.26513671875,5832.0,1403.767578125,5832.0,5163.0,4430.0,1834.0
2026-10-02T15:10:23+08:00,634,0.0673,,0.720376193523407,6.71217292377702e-05,0.3497448627775479,2058622.0,222997,3.107173899996269,2991.41796875,4920.0,1403.7587890625,4920.0,6075.0,5832.0,1834.0
2026-10-02T15:10:26+08:00,635,0.0826,,0.6896882057189941,6.706484641638225e-05,0.350296510826093,2062208.0,223301,3.092203600004723,3335.4130859375,4784.0,1403.77490234375,4784.0,6211.0,4920.0,1836.0
2026-10-02T15:10:30+08:00,636,0.0386,,0.46691036224365234,6.700796359499431e-05,0.350848158874638,2065292.0,223626,3.2870444000000134,3245.0068359375,6616.0,1403.76318359375,6616.0,4379.0,4784.0,1834.0
2026-10-02T15:10:33+08:00,637,0.0747,,0.7046551704406738,6.695108077360638e-05,0.351399806923183,2068241.0,223986,3.294069600000512,3150.50341796875,3968.0,1403.76025390625,3968.0,7027.0,6616.0,1838.0
2026-10-02T15:10:36+08:00,638,0.0626,,0.7482913732528687,6.689419795221843e-05,0.35195145497172803,2071553.0,224214,3.369877200006158,2998.45947265625,6064.0,1403.76904296875,6064.0,4931.0,3968.0,1834.0
2026-10-02T15:10:40+08:00,639,0.2941,,0.9068857431411743,6.683731513083049e-05,0.35250310302027305,2074995.0,224687,3.3921161999969627,4432.3671875,6294.0,1403.7705078125,6294.0,4701.0,6064.0,1836.0
2026-10-02T15:10:43+08:00,640,0.0347,,0.49392080307006836,6.678043230944255e-05,0.3530547510688181,2078363.0,224988,3.3262602999966475,3122.42333984375,5104.0,1403.7705078125,5104.0,5891.0,6294.0,1836.0
2026-10-02T15:10:46+08:00,641,0.0361,,0.5239918231964111,6.672354948805462e-05,0.35360639911736313,2081650.0,225299,3.2681188999995356,2922.78076171875,5234.0,1403.767578125,5234.0,5761.0,5104.0,1836.0
2026-10-02T15:10:50+08:00,642,0.0996,,0.5514284372329712,6.666666666666667e-05,0.35415804716590815,2085864.0,225878,3.2975067000006675,5091.86376953125,6988.0,1403.7880859375,6988.0,4007.0,5234.0,1836.0
2026-10-02T15:10:53+08:00,643,0.0838,,0.6136443018913269,6.660978384527872e-05,0.35470969521445317,2088574.0,226204,3.0770679999986896,2864.09130859375,4070.0,1403.755859375,4070.0,6925.0,6988.0,1836.0
2026-10-02T15:10:56+08:00,644,0.201,,1.0454792976379395,6.655290102389079e-05,0.3552613432629982,2092178.0,226603,3.1259617999967304,3225.42431640625,5216.0,1403.77490234375,5216.0,5779.0,4070.0,1836.0
2026-10-02T15:11:00+08:00,645,0.0528,,0.36887311935424805,6.649601820250285e-05,0.35581299131154326,2096671.0,227419,4.05993949999538,6411.53076171875,7482.0,1403.796875,7482.0,3513.0,5216.0,1834.0
2026-10-02T15:11:03+08:00,646,0.1629,,0.9807357788085938,6.643913538111491e-05,0.3563646393600883,2099609.0,227783,3.307922200001485,2938.626953125,4704.0,1403.76025390625,4704.0,6291.0,7482.0,1836.0
2026-10-02T15:11:07+08:00,647,0.1793,,1.083505392074585,6.638225255972696e-05,0.3569162874086333,2103136.0,228095,3.4074859999964247,3258.6318359375,3618.0,1403.77490234375,3618.0,7377.0,4704.0,1836.0
2026-10-02T15:11:10+08:00,648,0.06,,0.7811977863311768,6.632536973833903e-05,0.3574679354571783,2106171.0,228491,2.9402604999995674,2848.67236328125,3912.0,1403.76318359375,3912.0,7083.0,3618.0,1834.0
2026-10-02T15:11:13+08:00,649,0.0156,,0.3137047588825226,6.626848691695109e-05,0.3580195835057233,2109949.0,228791,3.232220400001097,3454.5302734375,3798.0,1403.78076171875,3798.0,7197.0,3912.0,1836.0
2026-10-02T15:11:16+08:00,650,0.0245,,0.41901499032974243,6.621160409556314e-05,0.3585712315542684,2112879.0,229065,2.9604735000029905,3159.3310546875,4216.0,1403.76171875,4216.0,6779.0,3798.0,1834.0
2026-10-02T15:11:19+08:00,651,0.0879,,0.7606508135795593,6.61547212741752e-05,0.3591228796028134,2116891.0,229458,3.126465499997721,4076.091796875,5194.0,1403.78662109375,5194.0,5801.0,4216.0,1834.0
2026-10-02T15:11:22+08:00,652,0.1297,,0.8714885711669922,6.609783845278726e-05,0.35967452765135843,2120291.0,229753,2.9292167000021436,3547.978515625,3888.0,1403.77197265625,3888.0,7107.0,5194.0,1834.0
2026-10-02T15:11:25+08:00,653,0.3127,,0.8564437627792358,6.604095563139933e-05,0.36022617569990345,2124747.0,230339,3.4271426999985124,5378.677734375,6988.0,1403.7939453125,6988.0,4007.0,3888.0,1834.0
2026-10-02T15:11:28+08:00,654,0.1253,,0.8174067139625549,6.598407281001138e-05,0.36077782374844847,2127951.0,230688,2.896167599996261,3698.10400390625,4018.0,1403.76904296875,4018.0,6977.0,6988.0,1834.0
2026-10-02T15:11:31+08:00,655,0.0552,,0.5264894366264343,6.592718998862343e-05,0.36132947179699354,2131184.0,231037,2.9718379999976605,3528.35888671875,6694.0,1403.76611328125,6694.0,4301.0,4018.0,1834.0
2026-10-02T15:11:34+08:00,656,0.1024,,0.7173568606376648,6.58703071672355e-05,0.36188111984553856,2134079.0,231362,2.9034159000002546,3032.9833984375,3408.0,1403.76025390625,3408.0,7587.0,6694.0,1834.0
2026-10-02T15:11:39+08:00,657,0.5754,,0.9653237462043762,6.581342434584755e-05,0.3624327678940836,2138612.0,231949,5.036205300006259,7118.23828125,12568.0,1403.79541015625,12568.0,0.0,3408.0,1834.0
2026-10-02T15:11:42+08:00,658,0.093,,0.7497195601463318,6.575654152445962e-05,0.3629844159426286,2142002.0,232256,2.9862743000048795,3172.359375,4784.0,1403.76904296875,4784.0,6211.0,12568.0,1834.0
2026-10-02T15:11:45+08:00,659,0.0636,,0.5688720345497131,6.569965870307167e-05,0.3635360639911736,2145227.0,232692,3.116980600003444,3850.28662109375,7064.0,1403.767578125,7064.0,3931.0,4784.0,1834.0
2026-10-02T15:11:48+08:00,660,0.1104,,0.8385717868804932,6.564277588168374e-05,0.3640877120397187,2148113.0,233030,2.9281817999944906,2842.35546875,3320.0,1403.7587890625,3320.0,7675.0,7064.0,1836.0
2026-10-02T15:11:51+08:00,661,0.1549,,0.876691460609436,6.558589306029579e-05,0.3646393600882637,2151079.0,233396,2.9787120999972103,2922.7734375,5134.0,1403.76025390625,5134.0,5861.0,3320.0,1834.0
2026-10-02T15:11:54+08:00,662,0.0215,,0.3220056891441345,6.552901023890785e-05,0.3651910081368087,2154701.0,233825,2.945316700002877,3259.75830078125,3912.0,1403.7763671875,3912.0,7083.0,5134.0,1836.0
2026-10-02T15:11:57+08:00,663,0.204,,0.9561633467674255,6.547212741751991e-05,0.36574265618535373,2157094.0,234182,3.0303551999968477,2836.72021484375,5138.0,1403.7470703125,5138.0,5857.0,3912.0,1836.0
2026-10-02T15:12:00+08:00,664,0.0982,,0.9119716882705688,6.541524459613197e-05,0.36629430423389875,2160245.0,234451,2.8946976000006543,3128.6611328125,5270.0,1403.76611328125,5270.0,5725.0,5138.0,1834.0
2026-10-02T15:12:03+08:00,665,0.034,,0.5857260227203369,6.535836177474403e-05,0.3668459522824438,2163498.0,234725,2.9690173999988474,3105.39404296875,3468.0,1403.767578125,3468.0,7527.0,5270.0,1836.0
2026-10-02T15:12:06+08:00,666,0.0551,,0.8370069861412048,6.530147895335609e-05,0.36739760033098884,2166499.0,234975,2.941490100005467,3003.84130859375,4728.0,1403.76025390625,4728.0,6267.0,3468.0,1834.0
2026-10-02T15:12:09+08:00,667,0.0844,,0.6741557121276855,6.524459613196814e-05,0.36794924837953386,2169689.0,235308,3.127793499996187,2926.2109375,5984.0,1403.76611328125,5984.0,5011.0,4728.0,1836.0
2026-10-02T15:12:12+08:00,668,0.0531,,0.6098412275314331,6.518771331058021e-05,0.3685008964280789,2172559.0,235608,2.9520518999997876,3097.44287109375,4952.0,1403.7587890625,4952.0,6043.0,5984.0,1836.0
2026-10-02T15:12:15+08:00,669,0.0537,,0.4873200058937073,6.513083048919226e-05,0.3690525444766239,2175432.0,235891,2.952505099994596,2873.40869140625,4172.0,1403.75732421875,4172.0,6823.0,4952.0,1836.0
2026-10-02T15:12:18+08:00,670,0.0808,,0.7239434123039246,6.507394766780433e-05,0.36960419252516896,2178133.0,236204,2.908509100001538,2890.896484375,4904.0,1403.75439453125,4904.0,6091.0,4172.0,1834.0
2026-10-02T15:12:21+08:00,671,0.1629,,1.0482593774795532,6.501706484641638e-05,0.370155840573714,2181246.0,236536,2.9612811999977566,3128.65966796875,5936.0,1403.7646484375,5936.0,5059.0,4904.0,1836.0
2026-10-02T15:12:24+08:00,672,0.1204,,0.838293194770813,6.496018202502845e-05,0.370707488622259,2184867.0,236887,3.056404899994959,3450.330078125,6432.0,1403.7763671875,6432.0,4563.0,5936.0,1836.0
2026-10-02T15:12:29+08:00,673,0.3873,,0.7477617263793945,6.49032992036405e-05,0.371259136670804,2189856.0,237777,4.6060911000022315,7751.13916015625,11898.0,1403.8056640625,11898.0,0.0,6432.0,1836.0
2026-10-02T15:12:31+08:00,674,0.0457,,0.5242553949356079,6.484641638225257e-05,0.37181078471934903,2193120.0,238085,2.957996999997704,2955.0732421875,3316.0,1403.76904296875,3316.0,7679.0,11898.0,1834.0
2026-10-02T15:12:34+08:00,675,0.1217,,0.903839111328125,6.478953356086462e-05,0.3723624327678941,2196114.0,238361,2.947216500004288,3408.02978515625,4136.0,1403.76025390625,4136.0,6859.0,3316.0,1834.0
2026-10-02T15:12:37+08:00,676,0.0417,,0.407137930393219,6.473265073947668e-05,0.3729140808164391,2199314.0,238817,2.907671000000846,3289.18408203125,4724.0,1403.7646484375,4724.0,6271.0,4136.0,1834.0
2026-10-02T15:12:40+08:00,677,0.0903,,0.8178407549858093,6.467576791808874e-05,0.37346572886498414,2202568.0,239192,2.974477499999921,3536.98388671875,5020.0,1403.76611328125,5020.0,5975.0,4724.0,1834.0
2026-10-02T15:12:43+08:00,678,0.1924,,0.8583139777183533,6.46188850967008e-05,0.37401737691352915,2206049.0,239578,2.932376299999305,2982.11376953125,5176.0,1403.7705078125,5176.0,5819.0,5020.0,1834.0
2026-10-02T15:12:46+08:00,679,0.1004,,0.7612525224685669,6.456200227531286e-05,0.37456902496207417,2209651.0,239969,3.076550899997528,4356.392578125,7774.0,1403.7763671875,7774.0,3221.0,5176.0,1836.0
2026-10-02T15:12:49+08:00,680,0.2173,,1.0590496063232422,6.450511945392492e-05,0.37512067301061924,2212599.0,240278,2.988867300002312,3122.41455078125,5928.0,1403.76171875,5928.0,5067.0,7774.0,1834.0
2026-10-02T15:12:52+08:00,681,0.1163,,0.7886658906936646,6.444823663253697e-05,0.37567232105916426,2215662.0,240651,2.8276044000012917,3429.5693359375,4464.0,1403.76318359375,4464.0,6531.0,5928.0,1834.0
2026-10-02T15:12:55+08:00,682,0.1038,,0.7121400833129883,6.439135381114904e-05,0.3762239691077093,2219081.0,240998,2.906331099999079,3463.90673828125,5288.0,1403.77197265625,5288.0,5707.0,4464.0,1834.0
2026-10-02T15:12:58+08:00,683,0.1884,,1.0360310077667236,6.433447098976109e-05,0.3767756171562543,2222245.0,241333,2.848303799997666,3109.9345703125,4968.0,1403.76611328125,4968.0,6027.0,5288.0,1836.0
2026-10-02T15:13:01+08:00,684,0.1676,,0.8667780160903931,6.427758816837316e-05,0.3773272652047993,2225553.0,241678,2.9701625000016065,3192.16650390625,6816.0,1403.767578125,6816.0,4179.0,4968.0,1836.0
2026-10-02T15:13:04+08:00,685,0.1174,,0.774336040019989,6.422070534698521e-05,0.3778789132533444,2228423.0,242014,2.808559299999615,2969.6787109375,5160.0,1403.75732421875,5160.0,5835.0,6816.0,1836.0
2026-10-02T15:13:07+08:00,686,0.1072,,0.9447943568229675,6.416382252559728e-05,0.3784305613018894,2231946.0,242345,2.8914168999981484,3444.24169921875,5786.0,1403.7734375,5786.0,5209.0,5160.0,1834.0
2026-10-02T15:13:10+08:00,687,0.0912,,0.6964629292488098,6.410693970420933e-05,0.3789822093504344,2235082.0,242678,2.880054499997641,3150.5078125,4668.0,1403.7646484375,4668.0,6327.0,5786.0,1836.0
2026-10-02T15:13:13+08:00,688,0.0141,,0.2867586314678192,6.40500568828214e-05,0.37953385739897944,2238314.0,242911,2.9953311999997823,3128.6611328125,4356.0,1403.76611328125,4356.0,6639.0,4668.0,1834.0
2026-10-02T15:13:15+08:00,689,0.0457,,0.5385558009147644,6.399317406143345e-05,0.38008550544752445,2241833.0,243270,2.882160599998315,3128.66845703125,6440.0,1403.7734375,6440.0,4555.0,4356.0,1836.0
2026-10-02T15:13:18+08:00,690,0.267,,1.094221830368042,6.393629124004551e-05,0.3806371534960695,2245130.0,243630,3.0163348999994923,3078.7265625,7184.0,1403.76904296875,7184.0,3811.0,6440.0,1834.0
2026-10-02T15:13:21+08:00,691,0.0273,,0.3678354322910309,6.387940841865757e-05,0.38118880154461454,2248781.0,243998,2.897829700006696,3688.66552734375,5648.0,1403.77783203125,5648.0,5347.0,7184.0,1834.0
2026-10-02T15:13:24+08:00,692,0.0783,,0.8691096901893616,6.382252559726962e-05,0.38174044959315956,2251999.0,244237,2.8895118000000366,3267.431640625,4232.0,1403.76611328125,4232.0,6763.0,5648.0,1834.0
2026-10-02T15:13:27+08:00,693,0.2562,,1.3866713047027588,6.376564277588168e-05,0.3822920976417046,2254827.0,244558,2.791747100003704,2839.2490234375,5718.0,1403.75732421875,5718.0,5277.0,4232.0,1836.0
2026-10-02T15:13:30+08:00,694,0.2953,,1.1017217636108398,6.370875995449375e-05,0.38284374569024965,2258439.0,244969,3.3033772999988287,5194.6982421875,5928.0,1403.7763671875,5928.0,5067.0,5718.0,1834.0
2026-10-02T15:13:33+08:00,695,0.1004,,0.7156246304512024,6.36518771331058e-05,0.38339539373879467,2261761.0,245381,2.8108591999989585,3354.587890625,5944.0,1403.76611328125,5944.0,5051.0,5928.0,1834.0
2026-10-02T15:13:36+08:00,696,0.1118,,0.7319304943084717,6.359499431171786e-05,0.3839470417873397,2265095.0,245727,2.8824453000052017,3122.42041015625,5032.0,1403.767578125,5032.0,5963.0,5944.0,1834.0
2026-10-02T15:13:39+08:00,697,0.3589,,1.4306845664978027,6.353811149032992e-05,0.3844986898358847,2268149.0,246016,2.7982353000043076,2900.6748046875,3246.0,1403.76318359375,3246.0,7749.0,5032.0,1836.0
2026-10-02T15:13:42+08:00,698,0.1111,,0.7031829953193665,6.348122866894199e-05,0.3850503378844297,2271762.0,246414,2.944211499998346,3259.75830078125,6280.0,1403.7763671875,6280.0,4715.0,3246.0,1836.0
2026-10-02T15:13:45+08:00,699,0.0854,,0.8759269714355469,6.342434584755404e-05,0.3856019859329748,2274823.0,246658,2.7919733000017004,3169.85107421875,3528.0,1403.76171875,3528.0,7467.0,6280.0,1834.0
2026-10-02T15:13:47+08:00,700,0.0962,,0.554763674736023,6.336746302616609e-05,0.3861536339815198,2277821.0,246982,2.8811959000013303,3175.4736328125,5276.0,1403.76171875,5276.0,5719.0,3528.0,1834.0
2026-10-02T15:16:06+08:00,700,,0.12715746379441378,,,0.3861536339815198,,246982,,5406.42822265625,6724.0,1403.76171875,1834.0,9161.0,,
2026-10-02T15:16:12+08:00,701,0.1146,,0.7900649905204773,6.331058020477816e-05,0.3867052820300648,2280743.0,247377,3.273752400004014,3294.978515625,5888.0,1403.76171875,5888.0,5107.0,1834.0,1834.0
2026-10-02T15:16:15+08:00,702,0.1618,,0.8023134469985962,6.325369738339022e-05,0.38725693007860984,2284169.0,247804,3.2447468000027584,3354.06640625,3698.0,1403.77197265625,3698.0,7297.0,5888.0,1834.0
2026-10-02T15:16:19+08:00,703,0.0305,,0.3116813600063324,6.319681456200228e-05,0.38780857812715486,2288244.0,248338,3.523064000000886,5314.2060546875,6264.0,1403.78515625,6264.0,4731.0,3698.0,1834.0
2026-10-02T15:16:22+08:00,704,0.1,,0.7150472402572632,6.313993174061433e-05,0.38836022617569993,2292036.0,248761,3.5268005000034464,3344.74609375,6254.0,1403.779296875,6254.0,4741.0,6264.0,1834.0
2026-10-02T15:16:26+08:00,705,0.0444,,0.516471803188324,6.30830489192264e-05,0.38891187422424495,2296053.0,249088,3.2505630000014207,3990.17041015625,6118.0,1403.78515625,6118.0,4877.0,6254.0,1834.0
2026-10-02T15:16:29+08:00,706,0.0868,,0.7055842280387878,6.302616609783846e-05,0.38946352227278996,2299056.0,249407,3.0059076999968966,3432.68798828125,6216.0,1403.76025390625,6216.0,4779.0,6118.0,1834.0
2026-10-02T15:16:32+08:00,707,0.0546,,0.4538370966911316,6.296928327645051e-05,0.390015170321335,2302199.0,249853,3.2181477999984054,3423.43408203125,5088.0,1403.7646484375,5088.0,5907.0,6216.0,1834.0
2026-10-02T15:16:35+08:00,708,0.0263,,0.5031054615974426,6.291240045506257e-05,0.39056681836988,2306071.0,250273,3.257047999999486,4583.30126953125,6522.0,1403.78076171875,6522.0,4473.0,5088.0,1834.0
2026-10-02T15:16:38+08:00,709,0.0378,,0.5185360908508301,6.285551763367463e-05,0.39111846641842507,2309253.0,250547,3.416029600004549,3150.5078125,4080.0,1403.7646484375,4080.0,6915.0,6522.0,1836.0
2026-10-02T15:16:42+08:00,710,0.1088,,0.6791598796844482,6.27986348122867e-05,0.3916701144669701,2312854.0,250909,3.1030981999938376,3947.09228515625,7258.0,1403.7763671875,7258.0,3737.0,4080.0,1834.0
2026-10-02T15:16:45+08:00,711,0.1834,,0.8560134172439575,6.274175199089875e-05,0.3922217625155151,2315980.0,251237,3.022730500000762,3062.447265625,4784.0,1403.76318359375,4784.0,6211.0,7258.0,1834.0
2026-10-02T15:16:48+08:00,712,0.1591,,0.8333620429039001,6.26848691695108e-05,0.3927734105640601,2319131.0,251548,3.11125919999904,3066.23779296875,4514.0,1403.7646484375,4514.0,6481.0,4784.0,1836.0
2026-10-02T15:16:51+08:00,713,0.0707,,0.6212977170944214,6.262798634812287e-05,0.39332505861260514,2322096.0,251834,3.523311699995247,2960.36474609375,3752.0,1403.76025390625,3752.0,7243.0,4514.0,1836.0
2026-10-02T15:16:55+08:00,714,0.1181,,0.7978130578994751,6.257110352673494e-05,0.3938767066611502,2325475.0,252160,3.5586619999958202,3321.8916015625,8484.0,1403.7705078125,8484.0,1595.48046875,3752.0,1836.0
2026-10-02T15:16:58+08:00,715,0.0823,,0.5381121635437012,6.251422070534699e-05,0.39442835470969523,2328934.0,252625,3.364425100000517,3128.6669921875,5844.0,1403.77197265625,5844.0,5151.0,8484.0,1834.0
2026-10-02T15:17:01+08:00,716,0.0754,,0.5550168752670288,6.245733788395904e-05,0.39498000275824025,2332561.0,253036,3.15910779999831,4583.2939453125,5900.0,1403.7734375,5900.0,5095.0,5844.0,1834.0
2026-10-02T15:17:04+08:00,717,0.0907,,0.8054186105728149,6.24004550625711e-05,0.39553165080678526,2335797.0,253298,3.0822294000026886,3105.68994140625,5944.0,1403.767578125,5944.0,5051.0,5900.0,1834.0
2026-10-02T15:17:08+08:00,718,0.1349,,0.8362966179847717,6.234357224118317e-05,0.3960832988553303,2338762.0,253639,3.0919078000006266,2997.66552734375,4320.0,1403.76171875,4320.0,6675.0,5944.0,1834.0
2026-10-02T15:17:11+08:00,719,0.1244,,0.8081492781639099,6.228668941979523e-05,0.39663494690387535,2342168.0,253919,3.285460899998725,3623.125,3948.0,1403.7705078125,3948.0,7047.0,4320.0,1834.0
2026-10-02T15:17:15+08:00,720,0.1579,,0.4028991162776947,6.222980659840728e-05,0.39718659495242037,2347142.0,254929,4.064809400006197,6766.98095703125,7960.0,1403.80712890625,7960.0,3035.0,3948.0,1834.0
2026-10-02T15:17:18+08:00,721,0.0729,,0.6547568440437317,6.217292377701934e-05,0.3977382430009654,2349621.0,255300,3.0024259999991045,3008.80224609375,4946.0,1403.75,4946.0,6049.0,7960.0,1834.0
2026-10-02T15:17:21+08:00,722,0.0645,,0.5850914716720581,6.211604095563141e-05,0.3982898910495104,2352827.0,255649,3.099099999999453,3378.982421875,5120.0,1403.76611328125,5120.0,5875.0,4946.0,1834.0
2026-10-02T15:17:24+08:00,723,0.0789,,0.861778199672699,6.205915813424346e-05,0.3988415390980554,2355762.0,255912,3.1716660000020056,2982.10205078125,3864.0,1403.7587890625,3864.0,7131.0,5120.0,1834.0
2026-10-02T15:17:27+08:00,724,0.0238,,0.39527586102485657,6.200227531285551e-05,0.3993931871466005,2358872.0,256201,2.929926400000113,3127.30517578125,4256.0,1403.76318359375,4256.0,6739.0,3864.0,1834.0
2026-10-02T15:17:30+08:00,725,0.0248,,0.266156941652298,6.194539249146758e-05,0.3999448351951455,2362235.0,256600,3.028255600002012,3138.5234375,5184.0,1403.7705078125,5184.0,5811.0,4256.0,1834.0
2026-10-02T15:17:33+08:00,726,0.0418,,0.5980291962623596,6.188850967007965e-05,0.4004964832436905,2365731.0,256921,2.9369291000039084,3763.6416015625,5912.0,1403.7734375,5912.0,5083.0,5184.0,1834.0
2026-10-02T15:17:36+08:00,727,0.0428,,0.4824353754520416,6.18316268486917e-05,0.40104813129223554,2368522.0,257252,3.255582099998719,2947.93994140625,5138.0,1403.75732421875,5138.0,5857.0,5912.0,1836.0
2026-10-02T15:17:39+08:00,728,0.2212,,1.2284919023513794,6.177474402730375e-05,0.40159977934078056,2371429.0,257654,2.9612238999980036,3109.9287109375,4912.0,1403.76025390625,4912.0,6083.0,5138.0,1836.0
2026-10-02T15:17:42+08:00,729,0.3448,,0.9018304944038391,6.171786120591582e-05,0.40215142738932563,2375246.0,258142,3.1778802999979234,4885.861328125,7098.0,1403.779296875,7098.0,3897.0,4912.0,1834.0
2026-10-02T15:17:45+08:00,730,0.1725,,1.3307695388793945,6.166097838452788e-05,0.40270307543787065,2378847.0,258413,2.8524519999991753,3206.6962890625,5906.0,1403.7734375,5906.0,5089.0,7098.0,1834.0
2026-10-02T15:17:48+08:00,731,0.1911,,1.167870044708252,6.160409556313994e-05,0.40325472348641567,2381377.0,258722,2.882635499998287,3020.11328125,4064.0,1403.74853515625,4064.0,6931.0,5906.0,1834.0
2026-10-02T15:17:51+08:00,732,0.0865,,0.6629812121391296,6.154721274175199e-05,0.4038063715349607,2384535.0,259113,2.8566504000045825,2976.15966796875,6720.0,1403.76611328125,6720.0,4275.0,4064.0,1834.0
2026-10-02T15:17:54+08:00,733,0.0747,,0.7780791521072388,6.149032992036405e-05,0.4043580195835057,2387907.0,259431,2.899199999999837,3472.54736328125,4794.0,1403.76904296875,4794.0,6201.0,6720.0,1836.0
2026-10-02T15:17:57+08:00,734,0.1755,,0.9580257534980774,6.143344709897612e-05,0.4049096676320508,2390811.0,259837,2.8149296999981743,2923.56005859375,4872.0,1403.76025390625,4872.0,6123.0,4794.0,1836.0
2026-10-02T15:18:00+08:00,735,0.1316,,0.85819411277771,6.137656427758817e-05,0.4054613156805958,2394233.0,260141,2.919078400002036,3078.7294921875,4602.0,1403.77197265625,4602.0,6393.0,4872.0,1834.0
2026-10-02T15:18:03+08:00,736,0.0569,,0.556467592716217,6.131968145620023e-05,0.4060129637291408,2397502.0,260642,2.8758969999980764,3809.19091796875,6858.0,1403.76904296875,6858.0,4137.0,4602.0,1834.0
2026-10-02T15:18:06+08:00,737,0.2376,,1.3139523267745972,6.126279863481229e-05,0.4065646117776858,2400262.0,260901,2.888972599997942,2847.87841796875,5640.0,1403.755859375,5640.0,5355.0,6858.0,1834.0
2026-10-02T15:18:08+08:00,738,0.0638,,0.5968493819236755,6.120591581342436e-05,0.40711625982623084,2403701.0,261185,2.8336797000010847,3175.482421875,3556.0,1403.7705078125,3556.0,7439.0,5640.0,1834.0
2026-10-02T15:18:11+08:00,739,0.1402,,0.6689267158508301,6.114903299203641e-05,0.4076679078747759,2407441.0,261542,2.930283000001509,3806.16748046875,4342.0,1403.7763671875,4342.0,6653.0,3556.0,1836.0
2026-10-02T15:18:14+08:00,740,0.1284,,0.9880831837654114,6.109215017064846e-05,0.40821955592332093,2410394.0,261857,2.902280599999358,2892.0458984375,4776.0,1403.76171875,4776.0,6219.0,4342.0,1834.0
2026-10-02T15:18:17+08:00,741,0.055,,0.7658451795578003,6.103526734926053e-05,0.40877120397186595,2413332.0,262104,2.789623799995752,3198.31787109375,4130.0,1403.7587890625,4130.0,6865.0,4776.0,1834.0
2026-10-02T15:18:20+08:00,742,0.1666,,0.9282311201095581,6.097838452787259e-05,0.40932285202041097,2416320.0,262461,3.0120026000004145,4162.423828125,5930.0,1403.76025390625,5930.0,5065.0,4130.0,1836.0
2026-10-02T15:18:23+08:00,743,0.2134,,0.9374496936798096,6.092150170648464e-05,0.409874500068956,2419145.0,262816,2.7546494000052917,2816.0078125,4046.0,1403.75732421875,4046.0,6949.0,5930.0,1834.0
2026-10-02T15:18:26+08:00,744,0.1585,,0.843741238117218,6.08646188850967e-05,0.41042614811750106,2422157.0,263167,2.8729542000000947,3127.3037109375,4010.0,1403.76171875,4010.0,6985.0,4046.0,1834.0
2026-10-02T15:18:28+08:00,745,0.0645,,0.6748870015144348,6.0807736063708766e-05,0.41097779616604607,2424853.0,263445,2.794524899996759,2817.50634765625,5376.0,1403.75439453125,5376.0,5619.0,4010.0,1836.0
2026-10-02T15:18:31+08:00,746,0.1339,,0.9400813579559326,6.0750853242320825e-05,0.4115294442145911,2428156.0,263747,2.9146301000000676,3047.515625,3408.0,1403.76904296875,3408.0,7587.0,5376.0,1836.0
2026-10-02T15:18:34+08:00,747,0.1411,,0.9190024733543396,6.069397042093288e-05,0.4120810922631361,2430855.0,264073,2.850656299997354,3294.9697265625,5032.0,1403.7529296875,5032.0,5963.0,3408.0,1834.0
2026-10-02T15:18:37+08:00,748,0.1323,,0.8280050158500671,6.0637087599544937e-05,0.4126327403116811,2434507.0,264377,3.1330404999971506,4275.341796875,4960.0,1403.77490234375,4960.0,6035.0,5032.0,1834.0
2026-10-02T15:18:40+08:00,749,0.037,,0.45861026644706726,6.0580204778157e-05,0.4131843883602262,2437344.0,264713,2.81025220000447,2859.02978515625,4384.0,1403.7587890625,4384.0,6611.0,4960.0,1834.0
2026-10-02T15:18:43+08:00,750,0.1586,,0.8350631594657898,6.052332195676906e-05,0.4137360364087712,2440840.0,265071,2.9147139999986393,3688.453125,4626.0,1403.7734375,4626.0,6369.0,4384.0,1836.0
2026-10-02T15:18:46+08:00,751,0.041,,0.3934570550918579,6.0466439135381114e-05,0.41428768445731623,2444787.0,265492,3.3051909999994677,5594.623046875,8882.0,1403.78369140625,8882.0,1266.80859375,4626.0,1834.0
2026-10-02T15:18:49+08:00,752,0.1734,,0.8813973069190979,6.0409556313993174e-05,0.41483933250586125,2447894.0,265819,2.882619199997862,2933.12646484375,3308.0,1403.76318359375,3308.0,7687.0,8882.0,1834.0
2026-10-02T15:18:52+08:00,753,0.06,,0.6876733899116516,6.035267349260524e-05,0.41539098055440626,2451022.0,266119,2.779060399996524,3305.2626953125,3658.0,1403.7646484375,3658.0,7337.0,3308.0,1834.0
2026-10-02T15:18:55+08:00,754,0.0386,,0.4141232371330261,6.02957906712173e-05,0.41594262860295134,2454855.0,266461,2.8858192000043346,3667.26171875,3998.0,1403.78076171875,3998.0,6997.0,3658.0,1834.0
2026-10-02T15:18:58+08:00,755,0.0761,,0.5664126873016357,6.023890784982935e-05,0.41649427665149635,2457899.0,266798,2.793697600005544,3313.63330078125,4296.0,1403.76025390625,4296.0,6699.0,3998.0,1834.0
2026-10-02T15:19:01+08:00,756,0.0587,,0.6200729608535767,6.018202502844141e-05,0.41704592470004137,2460799.0,267103,2.9098728000026313,2926.20361328125,4108.0,1403.7587890625,4108.0,6887.0,4296.0,1834.0
2026-10-02T15:19:04+08:00,757,0.1411,,0.9576815962791443,6.0125142207053477e-05,0.4175975727485864,2464862.0,267448,2.858183900003496,3784.8984375,5888.0,1403.78515625,5888.0,5107.0,4108.0,1836.0
2026-10-02T15:19:06+08:00,758,0.0621,,0.6252565383911133,6.0068259385665536e-05,0.4181492207971314,2467892.0,267771,2.885230399995635,3212.9755859375,4328.0,1403.76025390625,4328.0,6667.0,5888.0,1834.0
2026-10-02T15:19:09+08:00,759,0.0878,,0.581719696521759,6.001137656427759e-05,0.4187008688456765,2471367.0,268134,2.8581027000036556,3313.64501953125,5778.0,1403.77197265625,5778.0,5217.0,4328.0,1834.0
2026-10-02T15:19:12+08:00,760,0.17,,0.919871985912323,5.995449374288965e-05,0.4192525168942215,2474171.0,268463,2.8649293999988004,3122.40869140625,4222.0,1403.755859375,4222.0,6773.0,5778.0,1834.0
2026-10-02T15:19:15+08:00,761,0.0677,,0.547461211681366,5.9897610921501714e-05,0.4198041649427665,2477463.0,268798,2.8054560999953537,3202.57373046875,5128.0,1403.76611328125,5128.0,5867.0,4222.0,1834.0
2026-10-02T15:19:18+08:00,762,0.1983,,0.9860876798629761,5.9840728100113766e-05,0.42035581299131153,2481109.0,269084,2.890578699996695,3463.25,5360.0,1403.779296875,5360.0,5635.0,5128.0,1834.0
2026-10-02T15:19:21+08:00,763,0.0777,,0.6873803734779358,5.9783845278725825e-05,0.42090746103985655,2483896.0,269436,2.7980269999970915,3072.8515625,4664.0,1403.7587890625,4664.0,6331.0,5360.0,1836.0
2026-10-02T15:19:24+08:00,764,0.1421,,0.9008674621582031,5.9726962457337885e-05,0.4214591090884016,2486992.0,269718,2.8992099999959464,2945.0732421875,4360.0,1403.76318359375,4360.0,6635.0,4664.0,1834.0
2026-10-02T15:19:26+08:00,765,0.1136,,0.6957096457481384,5.967007963594995e-05,0.42201075713694663,2490428.0,270043,2.8149724999966566,3282.5498046875,5144.0,1403.7705078125,5144.0,5851.0,4360.0,1834.0
2026-10-02T15:19:29+08:00,766,0.0271,,0.3943714201450348,5.9613196814562e-05,0.42256240518549165,2493858.0,270336,2.947006299997156,3162.998046875,4530.0,1403.7705078125,4530.0,6465.0,5144.0,1834.0
2026-10-02T15:19:32+08:00,767,0.0663,,0.5716562271118164,5.955631399317406e-05,0.42311405323403667,2497160.0,270705,2.914120500005083,3494.47998046875,5718.0,1403.76904296875,5718.0,5277.0,4530.0,1834.0
2026-10-02T15:19:35+08:00,768,0.08,,0.6969999074935913,5.949943117178612e-05,0.4236657012825817,2500541.0,270987,2.90320289999363,2987.03173828125,3358.0,1403.76904296875,3358.0,7637.0,5718.0,1834.0
2026-10-02T15:19:38+08:00,769,0.0594,,0.5842580795288086,5.944254835039819e-05,0.42421734933112676,2503520.0,271285,2.897782300002291,2991.41943359375,4840.0,1403.76025390625,4840.0,6155.0,3358.0,1836.0
2026-10-02T15:19:41+08:00,770,0.1061,,0.930365800857544,5.938566552901024e-05,0.4247689973796718,2506575.0,271574,2.9736033999943174,3150.50341796875,7346.0,1403.76025390625,7346.0,3649.0,4840.0,1836.0
2026-10-02T15:19:44+08:00,771,0.1546,,0.898800790309906,5.93287827076223e-05,0.4253206454282168,2509641.0,271937,2.9686957000012626,3000.73779296875,5136.0,1403.76171875,5136.0,5859.0,7346.0,1836.0
2026-10-02T15:19:47+08:00,772,0.1468,,0.8083756566047668,5.927189988623436e-05,0.4258722934767618,2512560.0,272365,2.8573861999975634,3584.33447265625,4976.0,1403.75732421875,4976.0,6019.0,5136.0,1834.0
2026-10-02T15:19:50+08:00,773,0.232,,1.0718615055084229,5.9215017064846425e-05,0.4264239415253068,2515311.0,272722,2.871213099999295,2718.13525390625,4648.0,1403.75439453125,4648.0,6347.0,4976.0,1834.0
2026-10-02T15:19:53+08:00,774,0.0497,,0.6294891834259033,5.915813424345848e-05,0.4269755895738519,2518354.0,273033,2.8190800000011222,3052.0380859375,4318.0,1403.76171875,4318.0,6677.0,4648.0,1836.0
2026-10-02T15:19:56+08:00,775,0.0713,,0.778412938117981,5.9101251422070536e-05,0.4275272376223969,2521482.0,273318,2.911227800002962,2907.5751953125,4232.0,1403.76318359375,4232.0,6763.0,4318.0,1836.0
2026-10-02T15:19:58+08:00,776,0.0185,,0.2914752662181854,5.9044368600682596e-05,0.42807888567094193,2525023.0,273625,2.8247057999979006,3109.94482421875,6400.0,1403.7763671875,6400.0,4595.0,4232.0,1834.0
2026-10-02T15:20:01+08:00,777,0.0934,,0.7833219766616821,5.898748577929466e-05,0.42863053371948695,2528075.0,273919,2.9137067000046954,2955.4326171875,4294.0,1403.76171875,4294.0,6701.0,6400.0,1836.0
2026-10-02T15:20:04+08:00,778,0.0533,,0.5770711898803711,5.8930602957906714e-05,0.429182181768032,2531300.0,274229,2.8130402000024333,3313.63916015625,4808.0,1403.76611328125,4808.0,6187.0,4294.0,1834.0
2026-10-02T15:20:07+08:00,779,0.1297,,0.9162752032279968,5.887372013651877e-05,0.42973382981657704,2534366.0,274560,2.9114451999994344,3273.21240234375,6112.0,1403.76171875,6112.0,4883.0,4808.0,1834.0
2026-10-02T15:20:10+08:00,780,0.0322,,0.6079374551773071,5.881683731513083e-05,0.43028547786512206,2537469.0,274813,2.887661799999478,3191.361328125,5192.0,1403.7646484375,5192.0,5803.0,6112.0,1834.0
2026-10-02T15:20:13+08:00,781,0.0781,,0.5911217331886292,5.87599544937429e-05,0.4308371259136671,2540753.0,275143,2.919585800002096,3472.54736328125,6858.0,1403.76904296875,6858.0,4137.0,5192.0,1834.0
2026-10-02T15:20:16+08:00,782,0.0891,,0.8605391979217529,5.870307167235495e-05,0.4313887739622121,2543789.0,275437,2.8414631000050576,3115.83447265625,3478.0,1403.76171875,3478.0,7517.0,6858.0,1834.0
2026-10-02T15:20:19+08:00,783,0.0726,,0.5265015363693237,5.864618885096701e-05,0.43194042201075716,2546449.0,275778,2.8625782000017352,3052.03076171875,5046.0,1403.75439453125,5046.0,5949.0,3478.0,1834.0
2026-10-02T15:20:21+08:00,784,0.1575,,0.8338422179222107,5.858930602957907e-05,0.4324920700593022,2549625.0,276160,2.7952344000004814,2924.015625,3308.0,1403.76611328125,3308.0,7687.0,5046.0,1834.0
2026-10-02T15:20:24+08:00,785,0.0491,,0.5735962390899658,5.8532423208191136e-05,0.4330437181078472,2552835.0,276628,2.9003570999993826,3656.3720703125,6204.0,1403.767578125,6204.0,4791.0,3308.0,1836.0
2026-10-02T15:20:27+08:00,786,0.0773,,0.6922661066055298,5.847554038680319e-05,0.4335953661563922,2555895.0,276885,2.7715843000041787,3202.572265625,4158.0,1403.7646484375,4158.0,6837.0,6204.0,1834.0
2026-10-02T15:20:30+08:00,787,0.1163,,0.8156853914260864,5.841865756541525e-05,0.43414701420493723,2559572.0,277349,2.972974399999657,4086.96142578125,5316.0,1403.779296875,5316.0,5679.0,4158.0,1836.0
2026-10-02T15:20:33+08:00,788,0.0344,,0.5564016699790955,5.8361774744027307e-05,0.4346986622534823,2562520.0,277679,2.9076569999961066,2978.99755859375,4136.0,1403.76025390625,4136.0,6859.0,5316.0,1834.0
2026-10-02T15:20:37+08:00,789,0.1098,,0.4423251152038574,5.830489192263937e-05,0.4352503103020273,2567714.0,278498,4.1751230000008945,7049.677734375,11280.0,1403.81298828125,11280.0,0.0,4136.0,1836.0
2026-10-02T15:20:40+08:00,790,0.1698,,1.1066482067108154,5.8248009101251425e-05,0.43580195835057234,2571103.0,278839,2.8336269999999786,3385.140625,6092.0,1403.7734375,6092.0,4903.0,11280.0,1834.0
2026-10-02T15:20:43+08:00,791,0.08,,0.6068778038024902,5.8191126279863484e-05,0.43635360639911736,2574067.0,279113,2.924910199995793,2938.626953125,5776.0,1403.76025390625,5776.0,5219.0,6092.0,1834.0
2026-10-02T15:20:46+08:00,792,0.1192,,0.6609312891960144,5.8134243458475543e-05,0.4369052544476624,2577595.0,279568,3.008277300003101,3990.15869140625,5362.0,1403.7734375,5362.0,5633.0,5776.0,1834.0
2026-10-02T15:20:49+08:00,793,0.0897,,0.6662443280220032,5.807736063708761e-05,0.43745690249620744,2580946.0,279888,2.9410109000018565,3300.35400390625,6360.0,1403.7705078125,6360.0,4635.0,5362.0,1836.0
2026-10-02T15:20:52+08:00,794,0.054,,0.6007234454154968,5.802047781569966e-05,0.43800855054475246,2584214.0,280173,2.8272288000007393,2987.3095703125,5600.0,1403.767578125,5600.0,5395.0,6360.0,1836.0
2026-10-02T15:20:55+08:00,795,0.1379,,0.8734034299850464,5.796359499431172e-05,0.4385601985932975,2587635.0,280512,2.896785099997942,3258.63037109375,3618.0,1403.7734375,3618.0,7377.0,5600.0,1836.0
2026-10-02T15:20:57+08:00,796,0.1678,,0.8582916855812073,5.790671217292378e-05,0.4391118466418425,2590683.0,280921,2.801204700001108,3311.50927734375,4352.0,1403.76171875,4352.0,6643.0,3618.0,1834.0
2026-10-02T15:21:00+08:00,797,0.0486,,0.5900475382804871,5.784982935153583e-05,0.4396634946903875,2593853.0,281220,2.9042192999986582,3273.21533203125,4088.0,1403.7646484375,4088.0,6907.0,4352.0,1836.0
2026-10-02T15:21:03+08:00,798,0.0791,,0.5409452319145203,5.77929465301479e-05,0.4402151427389326,2597738.0,281770,3.1612535000022035,5057.525390625,7538.0,1403.7822265625,7538.0,3457.0,4088.0,1836.0
2026-10-02T15:21:06+08:00,799,0.0369,,0.6141948103904724,5.773606370875996e-05,0.4407667907874776,2600506.0,282032,2.8796999999976833,3051.22900390625,3864.0,1403.755859375,3864.0,7131.0,7538.0,1834.0
2026-10-02T15:21:09+08:00,800,0.0843,,0.5879971385002136,5.767918088737202e-05,0.4413184388360226,2603826.0,282489,2.9437630999964313,4206.23681640625,6450.0,1403.7705078125,6450.0,4545.0,3864.0,1836.0
2026-10-02T15:23:34+08:00,800,,0.12454897658603477,,,0.4413184388360226,,282489,,5406.43701171875,6724.0,1403.7705078125,1834.0,9161.0,,
2026-10-02T15:23:40+08:00,801,0.035,,0.6085577011108398,5.762229806598407e-05,0.44187008688456764,2606795.0,282749,3.0309646999958204,2848.66943359375,4944.0,1403.76025390625,4944.0,6051.0,1834.0,1834.0
2026-10-02T15:23:42+08:00,802,0.0564,,0.6059422492980957,5.756541524459613e-05,0.44242173493311265,2609698.0,283049,2.8254706999941845,3234.31201171875,3588.0,1403.7587890625,3588.0,7407.0,4944.0,1836.0
2026-10-02T15:23:45+08:00,803,0.0687,,0.680159330368042,5.7508532423208195e-05,0.4429733829816577,2612736.0,283392,2.878563500002201,3202.30419921875,3558.0,1403.76025390625,3558.0,7437.0,3588.0,1834.0
2026-10-02T15:23:48+08:00,804,0.0286,,0.5179783701896667,5.7451649601820254e-05,0.44352503103020274,2616041.0,283657,3.0298623999988195,3250.38818359375,4920.0,1403.76904296875,4920.0,6075.0,3558.0,1834.0
2026-10-02T15:23:51+08:00,805,0.0703,,0.7546640634536743,5.739476678043231e-05,0.44407667907874776,2618991.0,283970,2.814648599996872,3063.24755859375,5624.0,1403.76025390625,5624.0,5371.0,4920.0,1834.0
2026-10-02T15:23:54+08:00,806,0.0733,,0.7028170824050903,5.7337883959044366e-05,0.4446283271272928,2623052.0,284383,3.171501500000886,4861.9814453125,5550.0,1403.78662109375,5550.0,5445.0,5624.0,1834.0
2026-10-02T15:23:57+08:00,807,0.0182,,0.31499019265174866,5.728100113765643e-05,0.4451799751758378,2626090.0,284726,2.8439715999993496,2914.69287109375,3298.0,1403.76025390625,3298.0,7697.0,5550.0,1834.0
2026-10-02T15:24:00+08:00,808,0.1415,,0.9604142904281616,5.722411831626849e-05,0.44573162322438287,2629144.0,285102,3.006983200000832,3228.533203125,4754.0,1403.76318359375,4754.0,6241.0,3298.0,1836.0
2026-10-02T15:24:03+08:00,809,0.0777,,0.8774778246879578,5.7167235494880544e-05,0.4462832712729279,2632802.0,285444,2.855373399994278,3119.31005859375,4152.0,1403.77783203125,4152.0,6843.0,4754.0,1836.0
2026-10-02T15:24:06+08:00,810,0.135,,1.0889939069747925,5.71103526734926e-05,0.4468349193214729,2635790.0,285762,2.8785427999973763,2912.4130859375,3856.0,1403.76171875,3856.0,7139.0,4152.0,1834.0
2026-10-02T15:24:09+08:00,811,0.0943,,0.9184664487838745,5.705346985210467e-05,0.4473865673700179,2639085.0,286050,2.8118168999935733,3228.5390625,5248.0,1403.76904296875,5248.0,5747.0,3856.0,1836.0
2026-10-02T15:24:12+08:00,812,0.0956,,0.6812410950660706,5.699658703071673e-05,0.44793821541856293,2642124.0,286431,2.917054100005771,3129.0458984375,5024.0,1403.76025390625,5024.0,5971.0,5248.0,1836.0
2026-10-02T15:24:14+08:00,813,0.0775,,0.7314950227737427,5.693970420932878e-05,0.448489863467108,2645406.0,286711,2.8042705000043497,3219.1748046875,5678.0,1403.767578125,5678.0,5317.0,5024.0,1836.0
2026-10-02T15:24:17+08:00,814,0.0652,,0.6436938047409058,5.688282138794084e-05,0.449041511515653,2648487.0,287050,2.8872850999978255,3526.5439453125,5572.0,1403.7646484375,5572.0,5423.0,5678.0,1836.0
2026-10-02T15:24:20+08:00,815,0.0786,,0.6204012632369995,5.6825938566552906e-05,0.44959315956419804,2651763.0,287483,2.9184597999992548,4059.474609375,5240.0,1403.76904296875,5240.0,5755.0,5572.0,1836.0
2026-10-02T15:24:23+08:00,816,0.1309,,0.6391330361366272,5.6769055745164965e-05,0.45014480761274306,2655545.0,288042,3.0904693999982555,4273.001953125,7646.0,1403.779296875,7646.0,3349.0,5240.0,1834.0
2026-10-02T15:24:26+08:00,817,0.0807,,0.651677668094635,5.671217292377702e-05,0.4506964556612881,2659229.0,288420,2.978589500002272,3981.92431640625,7680.0,1403.77783203125,7680.0,3315.0,7646.0,1834.0
2026-10-02T15:24:29+08:00,818,0.1448,,0.8521913290023804,5.665529010238908e-05,0.45124810370983315,2662016.0,288820,2.8937111999985063,2890.30712890625,3234.0,1403.75732421875,3234.0,7761.0,7680.0,1834.0
2026-10-02T15:24:32+08:00,819,0.0959,,0.7980701327323914,5.659840728100114e-05,0.45179975175837817,2664939.0,289118,2.906759700010298,2902.04931640625,4648.0,1403.7587890625,4648.0,6347.0,3234.0,1834.0
2026-10-02T15:24:35+08:00,820,0.1331,,0.8388421535491943,5.65415244596132e-05,0.4523513998069232,2667659.0,289505,2.891601499999524,3257.013671875,5120.0,1403.755859375,5120.0,5875.0,4648.0,1834.0
2026-10-02T15:24:38+08:00,821,0.0751,,0.48727017641067505,5.6484641638225255e-05,0.4529030478554682,2671143.0,290071,3.238260400001309,5335.533203125,8016.0,1403.7734375,8016.0,2979.0,5120.0,1834.0
2026-10-02T15:24:41+08:00,822,0.0765,,0.6916554570198059,5.6427758816837314e-05,0.4534546959040132,2674464.0,290369,3.0644122999947285,2987.3095703125,5912.0,1403.767578125,5912.0,5083.0,8016.0,1834.0
2026-10-02T15:24:44+08:00,823,0.1571,,1.0168079137802124,5.637087599544938e-05,0.4540063439525583,2677850.0,290676,2.876904700009618,3515.505859375,5598.0,1403.767578125,5598.0,5397.0,5912.0,1836.0
2026-10-02T15:24:47+08:00,824,0.0684,,0.6455708742141724,5.631399317406144e-05,0.4545579920011033,2681164.0,291035,2.8631606999988435,3119.2998046875,4168.0,1403.767578125,4168.0,6827.0,5598.0,1834.0
2026-10-02T15:24:50+08:00,825,0.0444,,0.520141065120697,5.625711035267349e-05,0.4551096400496483,2684655.0,291370,2.856733099994017,3638.39501953125,6144.0,1403.7734375,6144.0,4851.0,4168.0,1834.0
2026-10-02T15:24:53+08:00,826,0.082,,0.734402060508728,5.620022753128555e-05,0.45566128809819334,2687436.0,291665,2.8750557000021217,2760.57275390625,4078.0,1403.755859375,4078.0,6917.0,6144.0,1836.0
2026-10-02T15:24:56+08:00,827,0.1286,,0.9445804953575134,5.614334470989762e-05,0.45621293614673836,2690855.0,291983,2.8267909999995027,3356.50830078125,4088.0,1403.77197265625,4088.0,6907.0,4078.0,1834.0
2026-10-02T15:24:59+08:00,828,0.1644,,0.8008089661598206,5.6086461888509676e-05,0.45676458419528343,2693947.0,292417,2.875895599994692,3003.84423828125,3358.0,1403.76318359375,3358.0,7637.0,4088.0,1836.0
2026-10-02T15:25:02+08:00,829,0.0732,,0.6829365491867065,5.602957906712173e-05,0.45731623224382845,2697894.0,292719,3.146335599987651,4883.185546875,7384.0,1403.78369140625,7384.0,3611.0,3358.0,1836.0
2026-10-02T15:25:05+08:00,830,0.1635,,0.9259202480316162,5.597269624573379e-05,0.45786788029237346,2701712.0,293082,3.206067000006442,4381.06640625,6556.0,1403.78076171875,6556.0,4439.0,7384.0,1836.0
2026-10-02T15:25:08+08:00,831,0.1006,,0.6789982914924622,5.5915813424345854e-05,0.4584195283409185,2705628.0,293505,2.8585814999969443,3487.783203125,5208.0,1403.78369140625,5208.0,5787.0,6556.0,1836.0
2026-10-02T15:25:11+08:00,832,0.0498,,0.4680151045322418,5.585893060295791e-05,0.4589711763894635,2709025.0,293848,2.9476126999943517,3084.07421875,5880.0,1403.7705078125,5880.0,5115.0,5208.0,1834.0
2026-10-02T15:25:14+08:00,833,0.1163,,0.845374584197998,5.5802047781569966e-05,0.45952282443800857,2712054.0,294214,2.845101600003545,3203.56298828125,5368.0,1403.76171875,5368.0,5627.0,5880.0,1836.0
2026-10-02T15:25:16+08:00,834,0.0657,,0.4972418546676636,5.5745164960182025e-05,0.4600744724865536,2715311.0,294548,2.9103654000064125,3150.50927734375,4658.0,1403.76611328125,4658.0,6337.0,5368.0,1836.0
2026-10-02T15:25:19+08:00,835,0.1076,,0.8181259632110596,5.568828213879409e-05,0.4606261205350986,2718607.0,294848,2.8245903000060935,3504.27880859375,3848.0,1403.767578125,3848.0,7147.0,4658.0,1834.0
2026-10-02T15:25:22+08:00,836,0.0184,,0.35188573598861694,5.5631399317406144e-05,0.4611777685836436,2722185.0,295083,2.8723872999980813,3326.08544921875,4896.0,1403.77490234375,4896.0,6099.0,3848.0,1834.0
2026-10-02T15:25:25+08:00,837,0.0613,,0.553227424621582,5.55745164960182e-05,0.46172941663218864,2725629.0,295381,2.8431503000028897,3571.86474609375,5934.0,1403.77197265625,5934.0,5061.0,4896.0,1834.0
2026-10-02T15:25:28+08:00,838,0.1657,,1.042769193649292,5.551763367463026e-05,0.4622810646807337,2728638.0,295684,2.874081000001752,3160.13330078125,4968.0,1403.76171875,4968.0,6027.0,5934.0,1836.0
2026-10-02T15:25:31+08:00,839,0.1204,,0.6490317583084106,5.546075085324233e-05,0.46283271272927873,2731985.0,296105,2.9219231000024593,3212.759765625,3568.0,1403.76904296875,3568.0,7427.0,4968.0,1836.0
2026-10-02T15:25:34+08:00,840,0.1256,,0.7966967821121216,5.540386803185438e-05,0.46338436077782375,2734850.0,296514,2.8982617000001483,3257.01806640625,6460.0,1403.76025390625,6460.0,4535.0,3568.0,1834.0
2026-10-02T15:25:37+08:00,841,0.2676,,1.0297510623931885,5.534698521046644e-05,0.46393600882636876,2737945.0,296916,2.8236312000080943,3365.86376953125,6288.0,1403.7646484375,6288.0,4707.0,6460.0,1834.0
2026-10-02T15:25:39+08:00,842,0.0597,,0.6046351194381714,5.52901023890785e-05,0.4644876568749138,2740836.0,297213,2.86302699999942,2976.15234375,3448.0,1403.7587890625,3448.0,7547.0,6288.0,1834.0
2026-10-02T15:25:42+08:00,843,0.1456,,1.0028096437454224,5.5233219567690565e-05,0.46503930492345885,2744038.0,297518,2.98681430000579,3294.98291015625,4976.0,1403.76611328125,4976.0,6019.0,3448.0,1836.0
2026-10-02T15:25:45+08:00,844,0.1015,,0.7470356822013855,5.517633674630262e-05,0.46559095297200387,2747088.0,297844,2.855706900008954,3010.0537109375,4616.0,1403.76171875,4616.0,6379.0,4976.0,1834.0
2026-10-02T15:25:48+08:00,845,0.093,,0.793200671672821,5.511945392491468e-05,0.4661426010205489,2750496.0,298240,2.888823900007992,3094.48046875,5336.0,1403.76904296875,5336.0,5659.0,4616.0,1836.0
2026-10-02T15:25:51+08:00,846,0.0038,,0.10261237621307373,5.5062571103526736e-05,0.4666942490690939,2754106.0,298525,2.855323000010685,3159.3427734375,6136.0,1403.7734375,6136.0,4859.0,5336.0,1834.0
2026-10-02T15:25:54+08:00,847,0.075,,0.5926641225814819,5.50056882821388e-05,0.4672458971176389,2756854.0,298858,2.9098796999896877,3197.31201171875,4896.0,1403.7529296875,4896.0,6099.0,6136.0,1836.0
2026-10-02T15:25:57+08:00,848,0.1506,,0.7764351963996887,5.4948805460750855e-05,0.467797545166184,2759660.0,299239,2.803908900008537,3063.2431640625,3712.0,1403.755859375,3712.0,7283.0,4896.0,1836.0
2026-10-02T15:26:00+08:00,849,0.0591,,0.7280433177947998,5.4891922639362914e-05,0.468349193214729,2763188.0,299531,2.8784681999968598,3321.89599609375,5360.0,1403.77490234375,5360.0,5635.0,3712.0,1836.0
2026-10-02T15:26:02+08:00,850,0.1382,,0.9928104877471924,5.483503981797497e-05,0.468900841263274,2766242.0,299839,2.8384550000046147,3105.68408203125,3712.0,1403.76171875,3712.0,7283.0,5360.0,1834.0
2026-10-02T15:26:05+08:00,851,0.1221,,0.954721212387085,5.477815699658704e-05,0.46945248931181904,2769247.0,300118,2.8901735999970697,2976.94140625,4198.0,1403.76025390625,4198.0,6797.0,3712.0,1836.0
2026-10-02T15:26:08+08:00,852,0.0764,,0.8002747297286987,5.472127417519909e-05,0.47000413736036406,2772401.0,300475,2.892015999997966,3040.7060546875,3408.0,1403.76611328125,3408.0,7587.0,4198.0,1834.0
2026-10-02T15:26:11+08:00,853,0.034,,0.49665403366088867,5.466439135381115e-05,0.47055578540890913,2775953.0,300805,3.0440396999911172,3571.8662109375,6644.0,1403.7734375,6644.0,4351.0,3408.0,1834.0
2026-10-02T15:26:14+08:00,854,0.1119,,0.8053770661354065,5.460750853242321e-05,0.47110743345745415,2779018.0,301169,2.8128339999966556,3256.8125,3608.0,1403.76025390625,3608.0,7387.0,6644.0,1836.0
2026-10-02T15:26:17+08:00,855,0.093,,0.6317522525787354,5.4550625711035276e-05,0.47165908150599917,2781975.0,301490,2.9019618000020273,2916.88818359375,4456.0,1403.76025390625,4456.0,6539.0,3608.0,1834.0
2026-10-02T15:26:20+08:00,856,0.0942,,0.8268255591392517,5.449374288964733e-05,0.4722107295545442,2784934.0,301790,2.8260934999998426,3073.6552734375,4216.0,1403.76025390625,4216.0,6779.0,4456.0,1834.0
2026-10-02T15:26:23+08:00,857,0.1131,,0.9168682098388672,5.443686006825939e-05,0.47276237760308926,2788386.0,302101,3.076900400003069,3095.2880859375,6414.0,1403.7734375,6414.0,4581.0,4216.0,1836.0
2026-10-02T15:26:26+08:00,858,0.0916,,0.7546188831329346,5.437997724687145e-05,0.4733140256516343,2791897.0,302438,2.886463399991044,3084.0771484375,4360.0,1403.7734375,4360.0,6635.0,6414.0,1834.0
2026-10-02T15:26:29+08:00,859,0.0887,,0.6651191115379333,5.432309442548351e-05,0.4738656737001793,2795280.0,302779,2.9215455999947153,3434.90771484375,6336.0,1403.76904296875,6336.0,4659.0,4360.0,1836.0
2026-10-02T15:26:32+08:00,860,0.1445,,0.8908095955848694,5.4266211604095566e-05,0.4744173217487243,2798066.0,303151,2.966820000001462,3013.33203125,4880.0,1403.75439453125,4880.0,6115.0,6336.0,1834.0
2026-10-02T15:26:40+08:00,861,0.3213,,0.5221316814422607,5.4209328782707625e-05,0.4749689697972693,2803841.0,304345,7.84475069999462,7339.34765625,15304.0,1403.82470703125,15304.0,0.0,4880.0,1836.0
2026-10-02T15:26:43+08:00,862,0.0663,,0.6271806359291077,5.4152445961319684e-05,0.4755206178458144,2807094.0,304658,3.216219900001306,3203.5673828125,7518.0,1403.76611328125,7518.0,3477.0,15304.0,1834.0
2026-10-02T15:26:46+08:00,863,0.1295,,0.8664359450340271,5.409556313993175e-05,0.4760722658943594,2810111.0,304976,2.965997100007371,2871.21923828125,3246.0,1403.76318359375,3246.0,7749.0,7518.0,1836.0
2026-10-02T15:26:49+08:00,864,0.127,,0.9709151983261108,5.40386803185438e-05,0.47662391394290443,2812724.0,305283,2.8952563000057125,3235.2646484375,3432.0,1403.75,3432.0,7563.0,3246.0,1836.0
2026-10-02T15:26:52+08:00,865,0.1925,,0.87055504322052,5.398179749715586e-05,0.47717556199144945,2816321.0,305736,2.9761216000042623,3515.5146484375,5328.0,1403.7763671875,5328.0,5667.0,3432.0,1834.0
2026-10-02T15:26:55+08:00,866,0.0935,,0.6014259457588196,5.392491467576792e-05,0.47772721003999447,2819507.0,306102,2.9163197000016226,3441.95556640625,4888.0,1403.76904296875,4888.0,6107.0,5328.0,1834.0
2026-10-02T15:26:58+08:00,867,0.0924,,0.5612801313400269,5.3868031854379974e-05,0.47827885808853954,2823382.0,306571,3.2786919999925885,5023.22509765625,7008.0,1403.7822265625,7008.0,3987.0,4888.0,1836.0
2026-10-02T15:27:01+08:00,868,0.1511,,0.9126545190811157,5.381114903299204e-05,0.47883050613708456,2825894.0,306859,2.855312999992748,2943.73388671875,3318.0,1403.74853515625,3318.0,7677.0,7008.0,1834.0
2026-10-02T15:27:04+08:00,869,0.0567,,0.5413171648979187,5.37542662116041e-05,0.47938215418562957,2829369.0,307213,2.9469310999993468,3137.724609375,5184.0,1403.77490234375,5184.0,5811.0,3318.0,1834.0
2026-10-02T15:27:07+08:00,870,0.0599,,0.5005836486816406,5.369738339021616e-05,0.4799338022341746,2832054.0,307516,2.856336699987878,2827.15185546875,4390.0,1403.7529296875,4390.0,6605.0,5184.0,1836.0
2026-10-02T15:27:09+08:00,871,0.0363,,0.53870689868927,5.364050056882821e-05,0.4804854502827196,2834976.0,307779,2.9353630999976303,3013.337890625,4120.0,1403.76025390625,4120.0,6875.0,4390.0,1836.0
2026-10-02T15:27:13+08:00,872,0.0869,,0.7269953489303589,5.3583617747440277e-05,0.4810370983312647,2838666.0,308112,3.026312299989513,3282.55712890625,4614.0,1403.77783203125,4614.0,6381.0,4120.0,1834.0
2026-10-02T15:27:16+08:00,873,0.1551,,0.858972430229187,5.3526734926052336e-05,0.4815887463798097,2841844.0,308473,3.0212559000065085,3150.50927734375,6256.0,1403.76611328125,6256.0,4739.0,4614.0,1834.0
2026-10-02T15:27:18+08:00,874,0.1034,,0.9238994121551514,5.3469852104664395e-05,0.4821403944283547,2845158.0,308790,2.9460334000032162,3169.74755859375,4518.0,1403.7705078125,4518.0,6477.0,6256.0,1836.0
2026-10-02T15:27:21+08:00,875,0.1237,,0.8624710440635681,5.341296928327645e-05,0.48269204247689973,2848406.0,309114,2.863693499995861,3531.29541015625,5870.0,1403.7646484375,5870.0,5125.0,4518.0,1834.0
2026-10-02T15:27:24+08:00,876,0.0862,,0.6433492302894592,5.3356086461888514e-05,0.48324369052544475,2851705.0,309513,2.9662710999982664,3206.6904296875,6208.0,1403.767578125,6208.0,4787.0,5870.0,1834.0
2026-10-02T15:27:27+08:00,877,0.1294,,0.7994561195373535,5.329920364050057e-05,0.4837953385739898,2854713.0,309850,2.8565063000132795,3162.9892578125,4470.0,1403.76171875,4470.0,6525.0,6208.0,1834.0
2026-10-02T15:27:30+08:00,878,0.0599,,0.5520824193954468,5.324232081911263e-05,0.48434698662253484,2857974.0,310171,2.9628535999945598,3537.63037109375,4512.0,1403.767578125,4512.0,6483.0,4470.0,1836.0
2026-10-02T15:27:33+08:00,879,0.2257,,0.8465970158576965,5.3185437997724685e-05,0.48489863467107985,2861713.0,310576,3.1276010000001406,4742.3447265625,5388.0,1403.78076171875,5388.0,5607.0,4512.0,1834.0
2026-10-02T15:27:36+08:00,880,0.0216,,0.43068885803222656,5.312855517633675e-05,0.48545028271962487,2864164.0,310797,2.923503099998925,2653.27392578125,4248.0,1403.75,4248.0,6747.0,5388.0,1834.0
2026-10-02T15:27:39+08:00,881,0.0475,,0.6481174230575562,5.307167235494881e-05,0.4860019307681699,2866774.0,311055,2.8896810000005644,2642.86669921875,3892.0,1403.75146484375,3892.0,7103.0,4248.0,1834.0
2026-10-02T15:27:42+08:00,882,0.0438,,0.5269733667373657,5.301478953356087e-05,0.48655357881671496,2870070.0,311368,2.956396900000982,2957.26708984375,6848.0,1403.767578125,6848.0,4147.0,3892.0,1834.0
2026-10-02T15:27:45+08:00,883,0.2073,,1.241699457168579,5.295790671217292e-05,0.48710522686526,2873244.0,311688,2.909406200007652,2901.26904296875,4248.0,1403.76611328125,4248.0,6747.0,6848.0,1836.0
2026-10-02T15:27:48+08:00,884,0.0844,,0.7047014832496643,5.290102389078499e-05,0.487656874913805,2875919.0,312006,2.9240552999981446,2870.30078125,3944.0,1403.75439453125,3944.0,7051.0,4248.0,1834.0
2026-10-02T15:27:51+08:00,885,0.1557,,0.9976854920387268,5.284414106939705e-05,0.48820852296235,2879079.0,312337,2.8355562000069767,3216.05029296875,5608.0,1403.7646484375,5608.0,5387.0,3944.0,1834.0
2026-10-02T15:27:54+08:00,886,0.0908,,0.823041558265686,5.2787258248009106e-05,0.48876017101089503,2881424.0,312613,2.900255400003516,2804.60302734375,3864.0,1403.74560546875,3864.0,7131.0,5608.0,1836.0
2026-10-02T15:27:57+08:00,887,0.0482,,0.5315390825271606,5.273037542662116e-05,0.4893118190594401,2884817.0,313015,2.9085381000040798,3141.1484375,5636.0,1403.76904296875,5636.0,5359.0,3864.0,1836.0
2026-10-02T15:28:00+08:00,888,0.1518,,0.9513842463493347,5.2673492605233225e-05,0.4898634671079851,2887593.0,313385,2.954246699999203,2892.03857421875,4544.0,1403.75439453125,4544.0,6451.0,5636.0,1836.0
2026-10-02T15:28:03+08:00,889,0.1359,,0.6175583004951477,5.2616609783845284e-05,0.49041511515653013,2891232.0,313823,3.054786699998658,4333.77734375,4880.0,1403.7763671875,4880.0,6115.0,4544.0,1834.0
2026-10-02T15:28:06+08:00,890,0.0854,,0.7633041143417358,5.255972696245734e-05,0.49096676320507515,2894350.0,314146,2.9846129000070505,3116.09716796875,6344.0,1403.76611328125,6344.0,4651.0,4880.0,1834.0
2026-10-02T15:28:09+08:00,891,0.3311,,1.4609190225601196,5.2502844141069395e-05,0.49151841125362017,2897376.0,314485,2.923255399990012,3623.00341796875,5702.0,1403.76025390625,5702.0,5293.0,6344.0,1834.0
2026-10-02T15:28:12+08:00,892,0.0528,,0.6121019721031189,5.2445961319681455e-05,0.49207005930216524,2900644.0,314787,3.445128899998963,3131.7841796875,5438.0,1403.767578125,5438.0,5557.0,5702.0,1836.0
2026-10-02T15:28:16+08:00,893,0.0739,,0.4820237159729004,5.238907849829352e-05,0.49262170735071026,2904634.0,315286,3.8263646999985212,5584.99609375,7182.0,1403.78515625,7182.0,3813.0,5438.0,1834.0
2026-10-02T15:28:19+08:00,894,0.1384,,0.8984164595603943,5.233219567690558e-05,0.4931733553992553,2907540.0,315611,3.117175999999745,3010.05078125,4704.0,1403.7587890625,4704.0,6291.0,7182.0,1836.0
2026-10-02T15:28:22+08:00,895,0.1374,,0.5740958452224731,5.227531285551763e-05,0.4937250034478003,2911839.0,316221,3.534056000004057,5475.87939453125,7622.0,1403.791015625,7622.0,3373.0,4704.0,1834.0
2026-10-02T15:28:26+08:00,896,0.1092,,0.8364786505699158,5.221843003412969e-05,0.4942766514963453,2915447.0,316540,3.180901300002006,3259.7568359375,4256.0,1403.77490234375,4256.0,6739.0,7622.0,1834.0
2026-10-02T15:28:29+08:00,897,0.0454,,0.35440826416015625,5.216154721274176e-05,0.4948282995448904,2919254.0,317035,3.5919003000017256,4810.9541015625,6964.0,1403.779296875,6964.0,4031.0,4256.0,1834.0
2026-10-02T15:28:32+08:00,898,0.0884,,0.6197205781936646,5.210466439135382e-05,0.4953799475934354,2922150.0,317330,3.06149349999032,2873.41162109375,3944.0,1403.76025390625,3944.0,7051.0,6964.0,1834.0
2026-10-02T15:28:36+08:00,899,0.1669,,1.0175468921661377,5.204778156996587e-05,0.4959315956419804,2925617.0,317651,3.552311599996756,3184.84521484375,5336.0,1403.7705078125,5336.0,5659.0,3944.0,1836.0
2026-10-02T15:28:39+08:00,900,0.1336,,0.6874406337738037,5.199089874857793e-05,0.49648324369052543,2928768.0,318010,3.3034961999946972,3278.5068359375,3628.0,1403.76318359375,3628.0,7367.0,5336.0,1834.0
2026-10-02T15:31:01+08:00,900,,0.12223089873705187,,,0.49648324369052543,,318010,,5406.4296875,6724.0,1403.76318359375,1834.0,9161.0,,
2026-10-02T15:31:06+08:00,901,0.0764,,0.7258177995681763,5.1934015927189995e-05,0.49703489173907045,2931795.0,318284,2.9465610000042943,3300.3466796875,5072.0,1403.76318359375,5072.0,5923.0,1834.0,1834.0
2026-10-02T15:31:09+08:00,902,0.0937,,0.5752384066581726,5.187713310580205e-05,0.4975865397876155,2935211.0,318673,2.9082612000056542,3259.75537109375,6264.0,1403.7734375,6264.0,4731.0,5072.0,1836.0
2026-10-02T15:31:12+08:00,903,0.0562,,0.6008849740028381,5.1820250284414106e-05,0.49813818783616054,2938414.0,319014,2.8882319000113057,3839.4072265625,5462.0,1403.76611328125,5462.0,5533.0,6264.0,1836.0
2026-10-02T15:31:15+08:00,904,0.0885,,0.7053071856498718,5.1763367463026166e-05,0.49868983588470556,2941341.0,319331,2.8986772000062047,2817.51220703125,6000.0,1403.76025390625,6000.0,4995.0,5462.0,1834.0
2026-10-02T15:31:17+08:00,905,0.0647,,0.5873644948005676,5.170648464163823e-05,0.4992414839332506,2944798.0,319625,2.925791100002243,3225.42138671875,5552.0,1403.77197265625,5552.0,5443.0,6000.0,1836.0
2026-10-02T15:31:20+08:00,906,0.2034,,0.6865786910057068,5.1649601820250284e-05,0.4997931319817956,2948359.0,320125,2.924738499990781,4197.60546875,6914.0,1403.77490234375,6914.0,4081.0,5552.0,1836.0
2026-10-02T15:31:23+08:00,907,0.0587,,0.7010406255722046,5.1592718998862343e-05,0.5003447800303407,2951901.0,320406,2.8770741000043927,3279.61083984375,4608.0,1403.7734375,4608.0,6387.0,6914.0,1838.0
2026-10-02T15:31:26+08:00,908,0.0258,,0.37050068378448486,5.15358361774744e-05,0.5008964280788857,2955057.0,320704,2.8747216000047047,3116.095703125,6310.0,1403.7646484375,6310.0,4685.0,4608.0,1836.0
2026-10-02T15:31:29+08:00,909,0.0966,,0.6811650991439819,5.147895335608647e-05,0.5014480761274307,2958176.0,320983,2.926743999996688,3128.65966796875,4382.0,1403.7646484375,4382.0,6613.0,6310.0,1836.0
2026-10-02T15:31:32+08:00,910,0.1203,,0.6705314517021179,5.142207053469852e-05,0.5019997241759757,2961497.0,321415,2.990360600000713,3353.798828125,6264.0,1403.767578125,6264.0,4731.0,4382.0,1836.0
2026-10-02T15:31:35+08:00,911,0.1601,,1.0158848762512207,5.136518771331058e-05,0.5025513722245207,2964578.0,321722,3.00577560000238,3013.3408203125,4800.0,1403.76318359375,4800.0,6195.0,6264.0,1834.0
2026-10-02T15:31:38+08:00,912,0.1133,,0.9327067732810974,5.130830489192264e-05,0.5031030202730657,2967450.0,322002,2.8155684000084875,2890.90087890625,5600.0,1403.7587890625,5600.0,5395.0,4800.0,1834.0
2026-10-02T15:31:41+08:00,913,0.1473,,0.8128787279129028,5.1251422070534706e-05,0.5036546683216108,2970514.0,322396,2.9072860999876866,2889.5263671875,3214.0,1403.76318359375,3214.0,7781.0,5600.0,1834.0
2026-10-02T15:31:44+08:00,914,0.0303,,0.49284785985946655,5.119453924914676e-05,0.5042063163701559,2973784.0,322760,2.8644387000094866,3720.5224609375,6392.0,1403.767578125,6392.0,4603.0,3214.0,1834.0
2026-10-02T15:31:47+08:00,915,0.0257,,0.6108102202415466,5.113765642775882e-05,0.5047579644187009,2977452.0,323025,2.9369585999957053,3400.71044921875,5560.0,1403.77490234375,5560.0,5435.0,6392.0,1834.0
2026-10-02T15:31:49+08:00,916,0.027,,0.316450297832489,5.108077360637088e-05,0.5053096124672459,2980543.0,323364,2.7861663999938173,3396.53955078125,3738.0,1403.76171875,3738.0,7257.0,5560.0,1834.0
2026-10-02T15:31:52+08:00,917,0.0693,,0.6650938987731934,5.102389078498294e-05,0.505861260515791,2983389.0,323661,2.9061395000026096,3150.4990234375,7070.0,1403.755859375,7070.0,3925.0,3738.0,1834.0
2026-10-02T15:31:55+08:00,918,0.1144,,0.8573146462440491,5.0967007963594995e-05,0.506412908564336,2986389.0,324012,2.8244431000057375,3051.986328125,4712.0,1403.76318359375,4712.0,6283.0,7070.0,1836.0
2026-10-02T15:31:58+08:00,919,0.1067,,0.7304996848106384,5.0910125142207054e-05,0.506964556612881,2989604.0,324367,2.8877347000088776,3022.63330078125,4372.0,1403.76318359375,4372.0,6623.0,4712.0,1836.0
2026-10-02T15:32:01+08:00,920,0.0721,,0.6642103791236877,5.0853242320819114e-05,0.507516204661426,2992758.0,324665,2.8416164000082063,3311.51220703125,6584.0,1403.7646484375,6584.0,4411.0,4372.0,1834.0
2026-10-02T15:32:04+08:00,921,0.0433,,0.3987743854522705,5.079635949943118e-05,0.508067852709971,2996128.0,324994,2.921905000010156,3322.9697265625,5880.0,1403.76904296875,5880.0,5115.0,6584.0,1834.0
2026-10-02T15:32:07+08:00,922,0.2015,,1.0395056009292603,5.073947667804323e-05,0.508619500758516,2999331.0,325338,2.8278199000051245,3294.98291015625,4504.0,1403.76611328125,4504.0,6491.0,5880.0,1836.0
2026-10-02T15:32:10+08:00,923,0.1463,,0.7891501784324646,5.068259385665529e-05,0.509171148807061,3002349.0,325631,2.9617377999966266,3550.01513671875,5608.0,1403.76171875,5608.0,5387.0,4504.0,1834.0
2026-10-02T15:32:12+08:00,924,0.0241,,0.349823534488678,5.062571103526735e-05,0.5097227968556062,3005283.0,325904,2.818486499993014,2933.13427734375,4600.0,1403.76025390625,4600.0,6395.0,5608.0,1834.0
2026-10-02T15:32:15+08:00,925,0.0783,,0.6275635361671448,5.056882821387942e-05,0.5102744449041512,3008564.0,326231,2.9330917000042973,3648.61865234375,3978.0,1403.7705078125,3978.0,7017.0,4600.0,1834.0
2026-10-02T15:32:18+08:00,926,0.2173,,0.859799325466156,5.051194539249147e-05,0.5108260929526962,3012330.0,326645,2.8230501000070944,3540.6611328125,4760.0,1403.779296875,4760.0,6235.0,3978.0,1834.0
2026-10-02T15:32:21+08:00,927,0.1122,,0.773746907711029,5.045506257110353e-05,0.5113777410012412,3015475.0,326935,2.9085777000000235,3316.748046875,4912.0,1403.76611328125,4912.0,6083.0,4760.0,1834.0
2026-10-02T15:32:24+08:00,928,0.0558,,0.5915032029151917,5.039817974971559e-05,0.5119293890497862,3019028.0,327270,2.8240336000017123,3279.61083984375,4656.0,1403.7734375,4656.0,6339.0,4912.0,1836.0
2026-10-02T15:32:27+08:00,929,0.0208,,0.3943139314651489,5.0341296928327654e-05,0.5124810370983313,3022221.0,327581,2.9083972000080394,3194.20458984375,4318.0,1403.76611328125,4318.0,6677.0,4656.0,1836.0
2026-10-02T15:32:30+08:00,930,0.1106,,0.7954914569854736,5.0284414106939706e-05,0.5130326851468763,3025165.0,327877,2.9336250000051223,2912.41162109375,6904.0,1403.76025390625,6904.0,4091.0,4318.0,1834.0
2026-10-02T15:32:33+08:00,931,0.2001,,0.7653859853744507,5.0227531285551765e-05,0.5135843331954213,3028898.0,328275,3.1208138999936637,4432.373046875,6012.0,1403.7763671875,6012.0,4983.0,6904.0,1836.0
2026-10-02T15:32:36+08:00,932,0.0759,,0.6590451598167419,5.0170648464163825e-05,0.5141359812439663,3032598.0,328624,2.878574300004402,3216.06201171875,4240.0,1403.7763671875,4240.0,6755.0,6012.0,1836.0
2026-10-02T15:32:39+08:00,933,0.0996,,0.6331301331520081,5.011376564277589e-05,0.5146876292925113,3035909.0,329014,3.0224411000090186,3270.109375,5784.0,1403.767578125,5784.0,5211.0,4240.0,1836.0
2026-10-02T15:32:42+08:00,934,0.0802,,0.6645088791847229,5.005688282138794e-05,0.5152392773410565,3039473.0,329413,2.969229800000903,3979.28466796875,5948.0,1403.7763671875,5948.0,5047.0,5784.0,1834.0
2026-10-02T15:32:45+08:00,935,0.04,,0.4155094623565674,5e-05,0.5157909253896015,3042732.0,329763,2.81629879999673,3428.783203125,5478.0,1403.767578125,5478.0,5517.0,5948.0,1834.0
2026-10-02T15:32:48+08:00,936,0.0187,,0.42817676067352295,4.994311717861206e-05,0.5163425734381465,3045757.0,330045,2.8859910999890417,2817.51220703125,5624.0,1403.76025390625,5624.0,5371.0,5478.0,1834.0
2026-10-02T15:32:50+08:00,937,0.0639,,0.4727784991264343,4.988623435722412e-05,0.5168942214866915,3048855.0,330423,2.8167673999996623,3040.830078125,5246.0,1403.7646484375,5246.0,5749.0,5624.0,1834.0
2026-10-02T15:32:53+08:00,938,0.062,,0.506651759147644,4.982935153583618e-05,0.5174458695352365,3053205.0,330885,3.0626744000037434,4103.138671875,9720.0,1403.79248046875,9720.0,643.421875,5246.0,1834.0
2026-10-02T15:32:56+08:00,939,0.0215,,0.3434160649776459,4.977246871444824e-05,0.5179975175837815,3056597.0,331238,2.8525215000117896,3273.22119140625,4208.0,1403.7705078125,4208.0,6787.0,9720.0,1836.0
2026-10-02T15:32:59+08:00,940,0.1352,,0.8884823322296143,4.97155858930603e-05,0.5185491656323266,3059972.0,331543,2.8938476000039373,3008.8212890625,4920.0,1403.76904296875,4920.0,6075.0,4208.0,1834.0
2026-10-02T15:33:02+08:00,941,0.1648,,0.9594086408615112,4.965870307167236e-05,0.5191008136808716,3062610.0,331864,2.8248181999952067,2701.109375,5598.0,1403.75146484375,5598.0,5397.0,4920.0,1836.0
2026-10-02T15:33:05+08:00,942,0.0476,,0.6095147132873535,4.960182025028442e-05,0.5196524617294166,3065769.0,332148,2.883052899996983,2986.82861328125,3358.0,1403.76611328125,3358.0,7637.0,5598.0,1834.0
2026-10-02T15:33:08+08:00,943,0.2195,,1.27151620388031,4.9544937428896476e-05,0.5202041097779616,3069622.0,332467,2.782762399991043,3321.90185546875,4938.0,1403.78076171875,4938.0,6057.0,3358.0,1836.0
2026-10-02T15:33:11+08:00,944,0.0644,,0.649953305721283,4.9488054607508536e-05,0.5207557578265067,3072714.0,332828,2.9507434999977704,3475.89697265625,5388.0,1403.7646484375,5388.0,5607.0,4938.0,1836.0
2026-10-02T15:33:13+08:00,945,0.1725,,0.9412676692008972,4.9431171786120595e-05,0.5213074058750518,3075454.0,333191,2.8187074000015855,3035.01416015625,5536.0,1403.7529296875,5536.0,5459.0,5388.0,1834.0
2026-10-02T15:33:17+08:00,946,0.0995,,0.5887606143951416,4.9374288964732654e-05,0.5218590539235968,3079437.0,333658,3.090773600008106,4313.43994140625,6148.0,1403.78369140625,6148.0,4847.0,5536.0,1834.0
2026-10-02T15:33:19+08:00,947,0.0882,,0.7844433784484863,4.931740614334471e-05,0.5224107019721418,3082723.0,333936,2.9246920000005048,3137.6240234375,3498.0,1403.76611328125,3498.0,7497.0,6148.0,1834.0
2026-10-02T15:33:23+08:00,948,0.0587,,0.5655791163444519,4.926052332195677e-05,0.5229623500206868,3085480.0,334293,3.1133973999967566,2847.88134765625,5368.0,1403.7587890625,5368.0,5627.0,3498.0,1834.0
2026-10-02T15:33:25+08:00,949,0.1878,,1.1920409202575684,4.920364050056883e-05,0.5235139980692318,3088279.0,334628,2.835975399997551,2976.15087890625,5520.0,1403.75732421875,5520.0,5475.0,5368.0,1834.0
2026-10-02T15:33:28+08:00,950,0.1307,,0.9901147484779358,4.914675767918089e-05,0.5240656461177768,3091877.0,334920,2.881574899991392,3044.40087890625,5642.0,1403.77490234375,5642.0,5353.0,5520.0,1836.0
2026-10-02T15:33:31+08:00,951,0.1126,,0.9195414781570435,4.908987485779295e-05,0.5246172941663219,3095458.0,335243,3.0252698000113014,4456.4521484375,5918.0,1403.77490234375,5918.0,5077.0,5642.0,1836.0
2026-10-02T15:33:34+08:00,952,0.0608,,0.582960307598114,4.903299203640501e-05,0.5251689422148669,3098927.0,335625,2.887761200006935,3497.5068359375,4568.0,1403.7734375,4568.0,6427.0,5918.0,1834.0
2026-10-02T15:33:37+08:00,953,0.0897,,0.7966017127037048,4.897610921501707e-05,0.5257205902634119,3102340.0,335965,2.8211797999974806,3141.1513671875,6466.0,1403.77197265625,6466.0,4529.0,4568.0,1836.0
2026-10-02T15:33:40+08:00,954,0.0528,,2.0376603603363037,4.891922639362913e-05,0.526272238311957,3106250.0,336273,3.0512057000014465,3984.67431640625,8326.0,1403.7822265625,8326.0,1743.984375,6466.0,1834.0
2026-10-02T15:33:43+08:00,955,0.0225,,0.2934490442276001,4.886234357224119e-05,0.526823886360502,3109466.0,336654,2.935862400001497,3494.66552734375,5678.0,1403.76611328125,5678.0,5317.0,8326.0,1834.0
2026-10-02T15:33:46+08:00,956,0.1341,,0.9393285512924194,4.8805460750853247e-05,0.527375534409047,3112357.0,336995,2.90150329998869,2885.83349609375,4234.0,1403.76025390625,4234.0,6761.0,5678.0,1834.0
2026-10-02T15:33:49+08:00,957,0.0964,,0.7980185151100159,4.8748577929465306e-05,0.5279271824575921,3115577.0,337409,2.8513204000046244,3601.671875,6098.0,1403.767578125,6098.0,4897.0,4234.0,1836.0
2026-10-02T15:33:52+08:00,958,0.1462,,0.9007185697555542,4.8691695108077365e-05,0.5284788305061371,3118810.0,337774,2.896009000003687,3270.11083984375,4992.0,1403.76904296875,4992.0,6003.0,6098.0,1836.0
2026-10-02T15:33:55+08:00,959,0.064,,0.6060433387756348,4.8634812286689424e-05,0.5290304785546821,3121826.0,338110,2.8227871999988565,2954.64599609375,4792.0,1403.76171875,4792.0,6203.0,4992.0,1836.0
2026-10-02T15:33:57+08:00,960,0.0708,,0.6028231382369995,4.8577929465301484e-05,0.5295821266032271,3124524.0,338454,2.8732308999897214,2895.1474609375,4480.0,1403.75732421875,4480.0,6515.0,4792.0,1836.0
2026-10-02T15:34:00+08:00,961,0.102,,0.7419201731681824,4.852104664391354e-05,0.5301337746517721,3127879.0,338738,2.8399243999883765,3062.45458984375,4072.0,1403.7705078125,4072.0,6923.0,4480.0,1836.0
2026-10-02T15:34:03+08:00,962,0.0649,,0.7132883071899414,4.84641638225256e-05,0.5306854227003172,3130991.0,339012,2.926579799997853,3062.44873046875,7050.0,1403.7646484375,7050.0,3945.0,4072.0,1834.0
2026-10-02T15:34:06+08:00,963,0.0809,,0.8109630346298218,4.840728100113766e-05,0.5312370707488622,3133937.0,339334,2.8026534999953583,3203.55859375,4550.0,1403.75732421875,4550.0,6445.0,7050.0,1836.0
2026-10-02T15:34:09+08:00,964,0.0387,,0.5151841640472412,4.835039817974972e-05,0.5317887187974073,3137036.0,339654,2.8757441000052495,3170.5419921875,4824.0,1403.76171875,4824.0,6171.0,4550.0,1834.0
2026-10-02T15:34:12+08:00,965,0.1313,,0.9227495789527893,4.829351535836178e-05,0.5323403668459523,3140467.0,339938,3.3175173999916296,3029.69384765625,5244.0,1403.7705078125,5244.0,5751.0,4824.0,1836.0
2026-10-02T15:34:16+08:00,966,0.2515,,1.1060283184051514,4.823663253697384e-05,0.5328920148944973,3144165.0,340350,3.465056699991692,3623.02099609375,5608.0,1403.77783203125,5608.0,5387.0,5244.0,1834.0
2026-10-02T15:34:19+08:00,967,0.0599,,0.5548689365386963,4.81797497155859e-05,0.5334436629430424,3147647.0,340745,3.2464918000041507,3720.73486328125,7772.0,1403.77197265625,7772.0,3223.0,5608.0,1834.0
2026-10-02T15:34:22+08:00,968,0.1044,,0.8079734444618225,4.812286689419796e-05,0.5339953109915874,3150876.0,341048,3.3526970999955665,3202.572265625,4088.0,1403.7646484375,4088.0,6907.0,7772.0,1834.0
2026-10-02T15:34:25+08:00,969,0.067,,0.7398694157600403,4.806598407281002e-05,0.5345469590401324,3153846.0,341364,3.0787168000097154,3000.73486328125,4872.0,1403.7587890625,4872.0,6123.0,4088.0,1834.0
2026-10-02T15:34:29+08:00,970,0.1391,,0.9649704694747925,4.8009101251422076e-05,0.5350986070886774,3156978.0,341684,3.2758554000029108,3062.4501953125,6008.0,1403.76611328125,6008.0,4987.0,4872.0,1836.0
2026-10-02T15:34:32+08:00,971,0.1035,,0.6066714525222778,4.795221843003413e-05,0.5356502551372224,3159988.0,342106,3.0635241999989375,3282.541015625,5024.0,1403.76171875,5024.0,5971.0,6008.0,1834.0
2026-10-02T15:34:35+08:00,972,0.0279,,0.5029543042182922,4.7895335608646195e-05,0.5362019031857674,3163403.0,342374,3.7011683999880916,3019.150390625,3388.0,1403.77197265625,3388.0,7607.0,5024.0,1834.0
2026-10-02T15:34:39+08:00,973,0.1699,,1.2047290802001953,4.783845278725825e-05,0.5367535512343125,3166555.0,342713,3.633069500006968,3010.05517578125,6446.0,1403.76318359375,6446.0,4549.0,3388.0,1834.0
2026-10-02T15:34:42+08:00,974,0.0694,,0.5527888536453247,4.778156996587031e-05,0.5373051992828576,3170187.0,343162,3.252287299997988,3863.09716796875,6420.0,1403.77490234375,6420.0,4575.0,6446.0,1834.0
2026-10-02T15:34:46+08:00,975,0.1304,,0.9196131229400635,4.7724687144482366e-05,0.5378568473314026,3172767.0,343490,3.2373820999928284,2890.89501953125,4680.0,1403.7529296875,4680.0,6315.0,6420.0,1834.0
2026-10-02T15:34:49+08:00,976,0.1371,,1.151482105255127,4.766780432309443e-05,0.5384084953799476,3175655.0,343850,3.2897999999986496,3000.7333984375,4254.0,1403.75732421875,4254.0,6741.0,4680.0,1834.0
2026-10-02T15:34:52+08:00,977,0.0203,,0.35795965790748596,4.7610921501706484e-05,0.5389601434284926,3178651.0,344242,3.4159684000042034,2820.61962890625,3840.0,1403.76171875,3840.0,7155.0,4254.0,1836.0
2026-10-02T15:34:55+08:00,978,0.0739,,0.6942636966705322,4.755403868031855e-05,0.5395117914770376,3181199.0,344578,2.977051100009703,2642.064453125,4296.0,1403.75146484375,4296.0,6699.0,3840.0,1836.0
2026-10-02T15:34:58+08:00,979,0.2086,,1.0490331649780273,4.74971558589306e-05,0.5400634395255827,3184477.0,344981,3.0720655000041006,3506.7607421875,4602.0,1403.76904296875,4602.0,6393.0,4296.0,1834.0
2026-10-02T15:35:01+08:00,980,0.0364,,0.36282554268836975,4.744027303754267e-05,0.5406150875741277,3188085.0,345468,3.0994056000054115,3775.03564453125,5900.0,1403.7734375,5900.0,5095.0,4602.0,1834.0
2026-10-02T15:35:05+08:00,981,0.0931,,0.7675796747207642,4.738339021615472e-05,0.5411667356226727,3191383.0,345849,3.275228500002413,3504.86962890625,5278.0,1403.76611328125,5278.0,5717.0,5900.0,1836.0
2026-10-02T15:35:08+08:00,982,0.0594,,0.5508118271827698,4.732650739476678e-05,0.5417183836712177,3194655.0,346170,3.2961236000119243,3391.373046875,5200.0,1403.76611328125,5200.0,5795.0,5278.0,1836.0
2026-10-02T15:35:11+08:00,983,0.0439,,0.5698730945587158,4.726962457337884e-05,0.5422700317197628,3197782.0,346461,3.1993188000051305,2969.68603515625,4752.0,1403.7646484375,4752.0,6243.0,5200.0,1834.0
2026-10-02T15:35:14+08:00,984,0.0479,,0.5297356843948364,4.72127417519909e-05,0.5428216797683079,3200623.0,346812,2.9393411000055494,2916.88525390625,6112.0,1403.75732421875,6112.0,4883.0,4752.0,1834.0
2026-10-02T15:35:17+08:00,985,0.0753,,0.5856439471244812,4.715585893060296e-05,0.5433733278168529,3203511.0,347240,2.9250395000126446,3332.25244140625,5072.0,1403.7587890625,5072.0,5923.0,6112.0,1834.0
2026-10-02T15:35:20+08:00,986,0.1143,,0.8226204514503479,4.709897610921502e-05,0.5439249758653979,3206679.0,347543,2.899189599993406,3137.62255859375,3498.0,1403.7646484375,3498.0,7497.0,5072.0,1836.0
2026-10-02T15:35:23+08:00,987,0.1436,,0.7386152148246765,4.7042093287827077e-05,0.5444766239139429,3210069.0,347849,2.9571492000104627,3326.08251953125,4352.0,1403.77197265625,4352.0,6643.0,3498.0,1834.0
2026-10-02T15:35:26+08:00,988,0.1215,,0.7220699787139893,4.6985210466439136e-05,0.5450282719624879,3213353.0,348154,2.9054597999929683,3062.45166015625,4256.0,1403.767578125,4256.0,6739.0,4352.0,1834.0
2026-10-02T15:35:29+08:00,989,0.1269,,1.1327272653579712,4.6928327645051195e-05,0.545579920011033,3216040.0,348454,3.13712569999916,2803.4775390625,3142.0,1403.75439453125,3142.0,7853.0,4256.0,1834.0
2026-10-02T15:35:32+08:00,990,0.1061,,0.90743088722229,4.6871444823663254e-05,0.546131568059578,3218869.0,348720,2.943535600003088,2923.55859375,6130.0,1403.7587890625,6130.0,4865.0,3142.0,1834.0
2026-10-02T15:35:35+08:00,991,0.071,,0.6220844984054565,4.6814562002275314e-05,0.546683216108123,3222400.0,349060,3.153790199998184,3363.52099609375,4760.0,1403.7734375,4760.0,6235.0,6130.0,1836.0
2026-10-02T15:35:38+08:00,992,0.1616,,1.0158636569976807,4.675767918088737e-05,0.547234864156668,3225536.0,349396,2.9610892000055173,3004.267578125,4520.0,1403.7646484375,4520.0,6475.0,4760.0,1836.0
2026-10-02T15:35:41+08:00,993,0.0475,,0.47918954491615295,4.670079635949943e-05,0.5477865122052131,3228569.0,349760,2.8727496000065003,3045.470703125,3418.0,1403.76318359375,3418.0,7577.0,4520.0,1836.0
2026-10-02T15:35:44+08:00,994,0.0683,,0.6738172173500061,4.664391353811149e-05,0.5483381602537581,3231693.0,350094,2.8128509999951348,3419.35498046875,5536.0,1403.76318359375,5536.0,5459.0,3418.0,1834.0
2026-10-02T15:35:47+08:00,995,0.0592,,0.639363169670105,4.658703071672355e-05,0.5488898083023032,3235077.0,350384,2.917933999997331,3040.83740234375,4184.0,1403.77197265625,4184.0,6811.0,5536.0,1836.0
2026-10-02T15:35:50+08:00,996,0.0749,,0.6037508249282837,4.653014789533561e-05,0.5494414563508482,3238215.0,350704,2.8892524000111734,3088.0859375,6524.0,1403.7646484375,6524.0,4471.0,4184.0,1836.0
2026-10-02T15:35:53+08:00,997,0.051,,0.5562230944633484,4.647326507394767e-05,0.5499931043993932,3241937.0,351045,3.013739900008659,3547.66552734375,5224.0,1403.77783203125,5224.0,5771.0,6524.0,1836.0
2026-10-02T15:35:55+08:00,998,0.0543,,0.5799766778945923,4.641638225255973e-05,0.5505447524479382,3245247.0,351403,2.8707965000066906,3550.0224609375,6006.0,1403.76904296875,6006.0,4989.0,5224.0,1836.0
2026-10-02T15:35:58+08:00,999,0.052,,0.5887027978897095,4.635949943117179e-05,0.5510964004964832,3248308.0,351653,2.9010361000109697,3184.83642578125,5344.0,1403.76171875,5344.0,5651.0,6006.0,1834.0
2026-10-02T15:36:01+08:00,1000,0.0652,,0.6000897884368896,4.630261660978385e-05,0.5516480485450282,3251035.0,351965,2.8320734000008088,2816.0078125,4728.0,1403.75732421875,4728.0,6267.0,5344.0,1834.0
2026-10-02T15:38:20+08:00,1000,,0.11779182042374882,,,0.5516480485450282,,351965,,5406.423828125,6724.0,1403.75732421875,1834.0,9161.0,,
2026-10-02T15:38:26+08:00,1001,0.0852,,0.8720780611038208,4.6245733788395906e-05,0.5521996965935733,3254311.0,352317,2.945411900000181,3385.935546875,4622.0,1403.76611328125,4622.0,6373.0,1834.0,1834.0
2026-10-02T15:38:28+08:00,1002,0.0244,,0.4056684970855713,4.6188850967007965e-05,0.5527513446421183,3257230.0,352585,2.76754400000209,3245.81005859375,4364.0,1403.76318359375,4364.0,6631.0,4622.0,1836.0
2026-10-02T15:38:31+08:00,1003,0.0909,,0.7529352903366089,4.6131968145620024e-05,0.5533029926906634,3260499.0,352892,2.938897399988491,2997.43115234375,3368.0,1403.76904296875,3368.0,7627.0,4364.0,1834.0
2026-10-02T15:38:34+08:00,1004,0.2189,,1.0997532606124878,4.6075085324232084e-05,0.5538546407392084,3263669.0,353237,2.9236501999985194,2947.947265625,5270.0,1403.7646484375,5270.0,5725.0,3368.0,1836.0
2026-10-02T15:38:37+08:00,1005,0.0697,,0.7063643932342529,4.601820250284414e-05,0.5544062887877534,3267037.0,353547,2.8782996000081766,3472.54736328125,5178.0,1403.76904296875,5178.0,5817.0,5270.0,1836.0
2026-10-02T15:38:40+08:00,1006,0.0535,,0.9875487089157104,4.59613196814562e-05,0.5549579368362985,3270249.0,353851,2.853773299997556,3332.26123046875,4016.0,1403.767578125,4016.0,6979.0,5178.0,1836.0
2026-10-02T15:38:43+08:00,1007,0.0967,,0.6258217096328735,4.590443686006826e-05,0.5555095848848435,3273442.0,354254,2.822199299989734,3270.109375,4208.0,1403.767578125,4208.0,6787.0,4016.0,1836.0
2026-10-02T15:38:46+08:00,1008,0.1747,,0.9327067732810974,4.584755403868032e-05,0.5560612329333885,3276596.0,354583,2.8950842000049306,2864.1015625,5008.0,1403.76611328125,5008.0,5987.0,4208.0,1834.0
2026-10-02T15:38:49+08:00,1009,0.0919,,0.9083889722824097,4.579067121729238e-05,0.5566128809819335,3279554.0,354851,2.7843372999923304,3044.3876953125,4168.0,1403.76171875,4168.0,6827.0,5008.0,1834.0
2026-10-02T15:38:51+08:00,1010,0.3104,,1.3505995273590088,4.573378839590444e-05,0.5571645290304785,3282621.0,355113,2.916601000004448,3385.12890625,5280.0,1403.76171875,5280.0,5715.0,4168.0,1834.0
2026-10-02T15:38:54+08:00,1011,0.0452,,0.559149980545044,4.56769055745165e-05,0.5577161770790235,3285282.0,355381,2.797586600005161,2836.72607421875,5010.0,1403.7529296875,5010.0,5985.0,5280.0,1834.0
2026-10-02T15:38:57+08:00,1012,0.1167,,1.5903176069259644,4.562002275312856e-05,0.5582678251275686,3288571.0,355660,2.927913499996066,3435.77978515625,6602.0,1403.76611328125,6602.0,4393.0,5010.0,1834.0
2026-10-02T15:39:00+08:00,1013,0.2354,,1.3570771217346191,4.556313993174062e-05,0.5588194731761137,3291409.0,355918,2.7852304999978514,2772.84521484375,3138.0,1403.75732421875,3138.0,7857.0,6602.0,1836.0
2026-10-02T15:39:03+08:00,1014,0.138,,0.9308251142501831,4.5506257110352676e-05,0.5593711212246587,3294997.0,356323,2.929147999995621,3445.04931640625,3984.0,1403.7763671875,3984.0,7011.0,3138.0,1836.0
2026-10-02T15:39:06+08:00,1015,0.032,,0.4120466113090515,4.5449374288964735e-05,0.5599227692732037,3298170.0,356696,2.9313513999950374,3509.841796875,5354.0,1403.7646484375,5354.0,5641.0,3984.0,1834.0
2026-10-02T15:39:09+08:00,1016,0.1471,,0.9660779237747192,4.5392491467576795e-05,0.5604744173217487,3301417.0,357048,2.944346200005384,2957.26708984375,4434.0,1403.767578125,4434.0,6561.0,5354.0,1834.0
2026-10-02T15:39:12+08:00,1017,0.0389,,0.36891695857048035,4.5335608646188854e-05,0.5610260653702938,3305132.0,357592,2.9007143000053475,4011.478515625,5046.0,1403.77783203125,5046.0,5949.0,4434.0,1834.0
2026-10-02T15:39:15+08:00,1018,0.14,,0.8568850159645081,4.527872582480091e-05,0.5615777134188388,3308785.0,357951,2.9114867000025697,3184.85107421875,6044.0,1403.7763671875,6044.0,4951.0,5046.0,1834.0
2026-10-02T15:39:17+08:00,1019,0.042,,0.49018311500549316,4.522184300341297e-05,0.5621293614673838,3311339.0,358230,2.809951200004434,2631.654296875,5184.0,1403.75146484375,5184.0,5811.0,6044.0,1834.0
2026-10-02T15:39:20+08:00,1020,0.1027,,0.7335795760154724,4.516496018202503e-05,0.5626810095159288,3314293.0,358563,2.877363699997659,2728.55126953125,4688.0,1403.76171875,4688.0,6307.0,5184.0,1836.0
2026-10-02T15:39:23+08:00,1021,0.0343,,0.6049449443817139,4.510807736063709e-05,0.5632326575644738,3317578.0,358850,2.803639400008251,3289.978515625,4674.0,1403.767578125,4674.0,6321.0,4688.0,1834.0
2026-10-02T15:39:26+08:00,1022,0.1953,,0.6441778540611267,4.505119453924915e-05,0.5637843056130188,3321597.0,359392,3.1874261000048136,4969.43359375,6978.0,1403.78369140625,6978.0,4017.0,4674.0,1834.0
2026-10-02T15:39:29+08:00,1023,0.0996,,0.8309233784675598,4.499431171786121e-05,0.564335953661564,3324586.0,359708,2.7908779999997932,3322.96240234375,4566.0,1403.76171875,4566.0,6429.0,6978.0,1834.0
2026-10-02T15:39:32+08:00,1024,0.0498,,0.4709968566894531,4.493742889647327e-05,0.564887601710109,3327995.0,360131,2.9743311000056565,4011.68994140625,5350.0,1403.7705078125,5350.0,5645.0,4566.0,1834.0
2026-10-02T15:39:35+08:00,1025,0.1335,,0.8146669864654541,4.488054607508533e-05,0.565439249758654,3331096.0,360509,2.868131600000197,2885.83642578125,4246.0,1403.76318359375,4246.0,6749.0,5350.0,1834.0
2026-10-02T15:39:38+08:00,1026,0.1133,,0.8551860451698303,4.482366325369739e-05,0.565990897807199,3334659.0,360838,2.8803396000002977,3475.3369140625,4620.0,1403.77490234375,4620.0,6375.0,4246.0,1836.0
2026-10-02T15:39:41+08:00,1027,0.0347,,0.36229947209358215,4.4766780432309446e-05,0.566542545855744,3338877.0,361362,3.2000864000001457,5077.02783203125,7288.0,1403.78955078125,7288.0,3707.0,4620.0,1834.0
2026-10-02T15:39:44+08:00,1028,0.0564,,0.6267414689064026,4.4709897610921506e-05,0.5670941939042891,3342038.0,361678,2.9387535999994725,3203.5673828125,4748.0,1403.76611328125,4748.0,6247.0,7288.0,1834.0
2026-10-02T15:39:47+08:00,1029,0.1278,,0.9909824728965759,4.4653014789533565e-05,0.5676458419528341,3344879.0,361974,2.85822090000147,3029.6806640625,5600.0,1403.75732421875,5600.0,5395.0,4748.0,1834.0
2026-10-02T15:39:50+08:00,1030,0.1045,,0.7308027148246765,4.4596131968145624e-05,0.5681974900013791,3347920.0,362333,2.8557621000072686,3338.5126953125,4056.0,1403.7646484375,4056.0,6939.0,5600.0,1834.0
2026-10-02T15:39:53+08:00,1031,0.0192,,0.3811890482902527,4.4539249146757683e-05,0.5687491380499241,3351137.0,362605,2.803904500004137,2991.42529296875,4478.0,1403.76611328125,4478.0,6517.0,4056.0,1836.0
2026-10-02T15:39:55+08:00,1032,0.0741,,0.8312470316886902,4.448236632536974e-05,0.5693007860984691,3353906.0,362862,2.9329891999950632,2847.8798828125,5432.0,1403.75732421875,5432.0,5563.0,4478.0,1834.0
2026-10-02T15:39:58+08:00,1033,0.0284,,0.5986701250076294,4.44254835039818e-05,0.5698524341470143,3356365.0,363113,2.782609700007015,2623.02392578125,3600.0,1403.75,3600.0,7395.0,5432.0,1836.0
2026-10-02T15:40:01+08:00,1034,0.0957,,0.7180390357971191,4.436860068259386e-05,0.5704040821955593,3359316.0,363483,2.8920988000027137,3045.4677734375,3418.0,1403.76025390625,3418.0,7577.0,3600.0,1836.0
2026-10-02T15:40:04+08:00,1035,0.1532,,1.0304802656173706,4.431171786120592e-05,0.5709557302441043,3362871.0,363799,2.8430171000072733,3257.03271484375,5792.0,1403.77490234375,5792.0,5203.0,3418.0,1834.0
2026-10-02T15:40:07+08:00,1036,0.1529,,1.1382179260253906,4.425483503981798e-05,0.5715073782926493,3365567.0,364097,2.8810518000100274,3018.91064453125,3388.0,1403.755859375,3388.0,7607.0,5792.0,1834.0
2026-10-02T15:40:10+08:00,1037,0.2215,,1.1872656345367432,4.419795221843004e-05,0.5720590263411943,3369295.0,364477,2.98209059999499,3483.19140625,5518.0,1403.779296875,5518.0,5477.0,3388.0,1834.0
2026-10-02T15:40:13+08:00,1038,0.0344,,0.6153639554977417,4.41410693970421e-05,0.5726106743897393,3372061.0,364771,3.030060400007642,2916.88525390625,4768.0,1403.75732421875,4768.0,6227.0,5518.0,1834.0
2026-10-02T15:40:16+08:00,1039,0.0551,,0.5648812055587769,4.408418657565416e-05,0.5731623224382844,3375243.0,365061,3.0033547000057297,3075.6015625,5000.0,1403.7646484375,5000.0,5995.0,4768.0,1836.0
2026-10-02T15:40:19+08:00,1040,0.2705,,0.8388938307762146,4.402730375426622e-05,0.5737139704868294,3379389.0,365627,3.464396499999566,4904.75146484375,7934.0,1403.7880859375,7934.0,3061.0,5000.0,1836.0
2026-10-02T15:40:23+08:00,1041,0.1867,,1.2939273118972778,4.397042093287827e-05,0.5742656185353744,3382249.0,365963,3.760670499992557,2858.79296875,3218.0,1403.7587890625,3218.0,7777.0,7934.0,1836.0
2026-10-02T15:40:27+08:00,1042,0.0826,,0.7296704649925232,4.3913538111490335e-05,0.5748172665839194,3385849.0,366319,3.3837187999888556,3509.85205078125,6190.0,1403.77490234375,6190.0,4805.0,3218.0,1834.0
2026-10-02T15:40:30+08:00,1043,0.0887,,0.6511943340301514,4.385665529010239e-05,0.5753689146324645,3388944.0,366660,3.1252578999992693,2955.43408203125,4000.0,1403.76318359375,4000.0,6995.0,6190.0,1836.0
2026-10-02T15:40:33+08:00,1044,0.0248,,0.4310184121131897,4.3799772468714454e-05,0.5759205626810096,3391976.0,366963,3.147579599986784,3105.68408203125,3984.0,1403.76171875,3984.0,7011.0,4000.0,1834.0
2026-10-02T15:40:36+08:00,1045,0.1851,,1.0956075191497803,4.3742889647326506e-05,0.5764722107295546,3394868.0,367272,3.1833030999987386,2842.35400390625,4800.0,1403.75732421875,4800.0,6195.0,3984.0,1834.0
2026-10-02T15:40:39+08:00,1046,0.1223,,0.8875249028205872,4.368600682593857e-05,0.5770238587780996,3397281.0,367575,3.4064820000057807,2804.60595703125,3680.0,1403.74853515625,3680.0,7315.0,4800.0,1834.0
2026-10-02T15:40:43+08:00,1047,0.0637,,0.5786770582199097,4.3629124004550625e-05,0.5775755068266446,3400588.0,367901,3.1813877999957185,3531.29833984375,6054.0,1403.767578125,6054.0,4941.0,3680.0,1836.0
2026-10-02T15:40:46+08:00,1048,0.0755,,0.5660799741744995,4.357224118316269e-05,0.5781271548751896,3403606.0,368357,3.2553656000090996,3122.41455078125,5120.0,1403.76171875,5120.0,5875.0,6054.0,1836.0
2026-10-02T15:40:51+08:00,1049,0.2599,,0.8347001075744629,4.351535836177474e-05,0.5786788029237346,3408079.0,369019,4.62141690000135,7785.388671875,9264.0,1403.7939453125,9264.0,886.98046875,5120.0,1834.0
2026-10-02T15:40:54+08:00,1050,0.4031,,0.8362790942192078,4.345847554038681e-05,0.5792304509722797,3411951.0,369668,3.8041105000011157,5800.34912109375,8162.0,1403.7822265625,8162.0,1988.98046875,9264.0,1834.0
2026-10-02T15:40:58+08:00,1051,0.1558,,0.8903407454490662,4.340159271899886e-05,0.5797820990208247,3415748.0,370096,3.371559300008812,3882.4921875,4886.0,1403.78076171875,4886.0,6109.0,8162.0,1834.0
2026-10-02T15:41:01+08:00,1052,0.2469,,0.8268664479255676,4.334470989761093e-05,0.5803337470693697,3418976.0,370512,3.1029787000006763,3903.173828125,4440.0,1403.76611328125,4440.0,6555.0,4886.0,1834.0
2026-10-02T15:41:04+08:00,1053,0.0482,,0.597865879535675,4.328782707622298e-05,0.5808853951179148,3422093.0,370896,3.1758505000034347,2979.001953125,4136.0,1403.7646484375,4136.0,6859.0,4440.0,1834.0
2026-10-02T15:41:07+08:00,1054,0.1313,,0.8076450824737549,4.3230944254835046e-05,0.5814370431664598,3424992.0,371200,2.985999600001378,2836.140625,3166.0,1403.7587890625,3166.0,7829.0,4136.0,1836.0
2026-10-02T15:41:10+08:00,1055,0.1101,,0.787158191204071,4.31740614334471e-05,0.5819886912150048,3428624.0,371552,3.257375100001809,3397.6708984375,6022.0,1403.77490234375,6022.0,4973.0,3166.0,1836.0
2026-10-02T15:41:13+08:00,1056,0.1196,,0.9596325755119324,4.3117178612059165e-05,0.5825403392635499,3431795.0,371860,2.926208500008215,3073.65966796875,5664.0,1403.7646484375,5664.0,5331.0,6022.0,1838.0
2026-10-02T15:41:16+08:00,1057,0.0453,,0.570465087890625,4.306029579067122e-05,0.5830919873120949,3434824.0,372155,3.0226235000009183,2982.103515625,5170.0,1403.76025390625,5170.0,5825.0,5664.0,1836.0
2026-10-02T15:41:19+08:00,1058,0.164,,1.134582757949829,4.300341296928328e-05,0.5836436353606399,3437833.0,372427,2.9931059000082314,3283.49365234375,3638.0,1403.76171875,3638.0,7357.0,5170.0,1834.0
2026-10-02T15:41:22+08:00,1059,0.1787,,0.747434675693512,4.2946530147895336e-05,0.5841952834091849,3440707.0,372750,2.969282700010808,2955.4296875,5728.0,1403.7587890625,5728.0,5267.0,3638.0,1834.0
2026-10-02T15:41:25+08:00,1060,0.1394,,0.7949436902999878,4.28896473265074e-05,0.5847469314577299,3444150.0,373084,2.936609199998202,3160.14208984375,7136.0,1403.7705078125,7136.0,3859.0,5728.0,1834.0
2026-10-02T15:41:28+08:00,1061,0.1294,,0.6757137179374695,4.2832764505119454e-05,0.585298579506275,3447774.0,373514,3.147137500011013,4368.623046875,6426.0,1403.77490234375,6426.0,4569.0,7136.0,1836.0
2026-10-02T15:41:31+08:00,1062,0.0511,,0.47634297609329224,4.277588168373152e-05,0.5858502275548201,3451472.0,373978,2.9858526999887545,3753.2998046875,7036.0,1403.7763671875,7036.0,3959.0,6426.0,1836.0
2026-10-02T15:41:34+08:00,1063,0.126,,0.8396900296211243,4.271899886234357e-05,0.5864018756033651,3454878.0,374303,2.968686799998977,3301.2060546875,5320.0,1403.7705078125,5320.0,5675.0,7036.0,1836.0
2026-10-02T15:41:37+08:00,1064,0.0444,,0.6354735493659973,4.266211604095564e-05,0.5869535236519101,3458228.0,374653,2.917537400004221,3342.35400390625,3688.0,1403.767578125,3688.0,7307.0,5320.0,1836.0
2026-10-02T15:41:40+08:00,1065,0.0412,,0.5515865087509155,4.260523321956769e-05,0.5875051717004551,3461625.0,374922,2.9398485999990953,3116.10009765625,4556.0,1403.76904296875,4556.0,6439.0,3688.0,1834.0
2026-10-02T15:41:43+08:00,1066,0.0373,,0.46220096945762634,4.254835039817976e-05,0.5880568197490001,3465268.0,375187,2.8550238000025274,3148.134765625,4700.0,1403.7763671875,4700.0,6295.0,4556.0,1834.0
2026-10-02T15:41:46+08:00,1067,0.1182,,0.795522928237915,4.249146757679181e-05,0.5886084677975452,3468329.0,375550,3.0155040999961784,3022.63037109375,5150.0,1403.76025390625,5150.0,5845.0,4700.0,1834.0
2026-10-02T15:41:49+08:00,1068,0.0183,,0.29227837920188904,4.2434584755403876e-05,0.5891601158460902,3471726.0,375875,3.082817400005297,3571.86328125,6414.0,1403.7705078125,6414.0,4581.0,5150.0,1834.0
2026-10-02T15:41:52+08:00,1069,0.1295,,0.9706409573554993,4.237770193401593e-05,0.5897117638946352,3474616.0,376141,2.8999805000057677,3053.7490234375,5096.0,1403.76025390625,5096.0,5899.0,6414.0,1834.0
2026-10-02T15:41:55+08:00,1070,0.0353,,0.5307220220565796,4.2320819112627994e-05,0.5902634119431802,3477517.0,376495,2.9694318999972893,3000.73486328125,4476.0,1403.7587890625,4476.0,6519.0,5096.0,1834.0
2026-10-02T15:41:58+08:00,1071,0.0952,,0.7089001536369324,4.2263936291240047e-05,0.5908150599917252,3480848.0,376797,2.901507999995374,3540.65087890625,4816.0,1403.76904296875,4816.0,6179.0,4476.0,1834.0
2026-10-02T15:42:01+08:00,1072,0.1047,,0.6026455163955688,4.2207053469852106e-05,0.5913667080402704,3484640.0,377364,3.2270351000042865,4571.35107421875,8536.0,1403.77783203125,8536.0,1433.88671875,4816.0,1834.0
2026-10-02T15:42:05+08:00,1073,0.2388,,0.6560072898864746,4.2150170648464165e-05,0.5919183560888154,3489308.0,378059,4.02702870000212,7062.13330078125,11218.0,1403.7998046875,11218.0,0.0,8536.0,1834.0
2026-10-02T15:42:08+08:00,1074,0.0481,,0.4901752471923828,4.2093287827076224e-05,0.5924700041373604,3492703.0,378474,3.0437056999944616,3570.009765625,5908.0,1403.7705078125,5908.0,5087.0,11218.0,1834.0
2026-10-02T15:42:11+08:00,1075,0.4696,,0.9595943093299866,4.2036405005688284e-05,0.5930216521859054,3496318.0,378978,2.9633286999887787,3603.080078125,5208.0,1403.7763671875,5208.0,5787.0,5908.0,1834.0
2026-10-02T15:42:14+08:00,1076,0.1461,,0.7910597324371338,4.197952218430034e-05,0.5935733002344504,3500254.0,379295,2.979346499996609,3396.8876953125,5094.0,1403.7822265625,5094.0,5901.0,5208.0,1834.0
2026-10-02T15:42:18+08:00,1077,0.1037,,0.4484946131706238,4.19226393629124e-05,0.5941249482829954,3505365.0,380027,3.957270700004301,6542.46435546875,11548.0,1403.80859375,11548.0,0.0,5094.0,1834.0
2026-10-02T15:42:21+08:00,1078,0.081,,0.6676724553108215,4.186575654152446e-05,0.5946765963315405,3508276.0,380301,3.302514399998472,3022.63037109375,4168.0,1403.76025390625,4168.0,6827.0,11548.0,1834.0
2026-10-02T15:42:24+08:00,1079,0.0614,,0.5583669543266296,4.180887372013652e-05,0.5952282443800855,3511549.0,380608,2.9493304999923566,3483.3916015625,4692.0,1403.767578125,4692.0,6303.0,4168.0,1834.0
2026-10-02T15:42:27+08:00,1080,0.0263,,0.49288463592529297,4.175199089874858e-05,0.5957798924286305,3515007.0,380929,2.9925451000017347,3850.62548828125,5628.0,1403.77197265625,5628.0,5367.0,4692.0,1836.0
2026-10-02T15:42:30+08:00,1081,0.0888,,0.7011252641677856,4.169510807736064e-05,0.5963315404771755,3518015.0,381341,2.9477519000065513,2880.544921875,4170.0,1403.7646484375,4170.0,6825.0,5628.0,1834.0
2026-10-02T15:42:33+08:00,1082,0.126,,0.7735680341720581,4.16382252559727e-05,0.5968831885257206,3521118.0,381663,2.9828302999958396,3029.6865234375,7268.0,1403.76318359375,7268.0,3727.0,4170.0,1836.0
2026-10-02T15:42:36+08:00,1083,0.1361,,0.8217732310295105,4.158134243458476e-05,0.5974348365742657,3524634.0,382095,2.920281900005648,3332.26708984375,5232.0,1403.7734375,5232.0,5763.0,7268.0,1834.0
2026-10-02T15:42:39+08:00,1084,0.0865,,0.5044160485267639,4.152445961319682e-05,0.5979864846228107,3528060.0,382677,2.9069004000048153,3547.9150390625,5248.0,1403.7734375,5248.0,5747.0,5232.0,1834.0
2026-10-02T15:42:42+08:00,1085,0.4202,,2.2063827514648438,4.1467576791808876e-05,0.5985381326713557,3531441.0,383024,2.8134522999898763,3073.66552734375,4136.0,1403.7705078125,4136.0,6859.0,5248.0,1834.0
2026-10-02T15:42:45+08:00,1086,0.1534,,0.8881655335426331,4.1410693970420935e-05,0.5990897807199007,3534208.0,383339,2.902707899993402,2966.5751953125,4648.0,1403.755859375,4648.0,6347.0,4136.0,1836.0
2026-10-02T15:42:48+08:00,1087,0.1235,,0.896750271320343,4.1353811149032995e-05,0.5996414287684457,3537511.0,383637,2.808611300002667,3035.0302734375,4480.0,1403.76904296875,4480.0,6515.0,4648.0,1836.0
2026-10-02T15:42:51+08:00,1088,0.055,,0.424821674823761,4.1296928327645054e-05,0.6001930768169907,3540728.0,384081,2.978669300006004,4012.7119140625,5792.0,1403.7646484375,5792.0,5203.0,4480.0,1836.0
2026-10-02T15:42:54+08:00,1089,0.174,,0.7387914061546326,4.124004550625711e-05,0.6007447248655358,3543995.0,384480,2.9220902000088245,4205.98291015625,5958.0,1403.76904296875,5958.0,5037.0,5792.0,1834.0
2026-10-02T15:42:56+08:00,1090,0.1059,,0.8621419072151184,4.118316268486917e-05,0.6012963729140808,3547371.0,384826,2.9014070999983232,3700.50146484375,4966.0,1403.7705078125,4966.0,6029.0,5958.0,1834.0
2026-10-02T15:42:59+08:00,1091,0.1171,,0.8031209707260132,4.112627986348123e-05,0.6018480209626258,3550571.0,385161,2.866105199995218,3919.20068359375,6552.0,1403.76904296875,6552.0,4443.0,4966.0,1834.0
2026-10-02T15:43:02+08:00,1092,0.0282,,0.31647396087646484,4.106939704209329e-05,0.6023996690111709,3554069.0,385537,2.9408605999924475,3219.17919921875,4846.0,1403.77197265625,4846.0,6149.0,6552.0,1834.0
2026-10-02T15:43:05+08:00,1093,0.2918,,0.8159858584403992,4.101251422070535e-05,0.6029513170597159,3557618.0,385976,2.996125999998185,4318.873046875,8328.0,1403.77490234375,8328.0,1702.171875,4846.0,1834.0
2026-10-02T15:43:08+08:00,1094,0.0952,,0.6674836874008179,4.095563139931741e-05,0.603502965108261,3561098.0,386311,2.89184209999803,3062.45751953125,4536.0,1403.7734375,4536.0,6459.0,8328.0,1834.0
2026-10-02T15:43:11+08:00,1095,0.1301,,0.8518661856651306,4.089874857792947e-05,0.604054613156806,3564350.0,386599,2.8763963999954285,3301.203125,6408.0,1403.767578125,6408.0,4587.0,4536.0,1834.0
2026-10-02T15:43:14+08:00,1096,0.0567,,0.6099700331687927,4.084186575654153e-05,0.604606261205351,3567932.0,386912,2.866070899995975,3256.2294921875,5628.0,1403.77490234375,5628.0,5367.0,6408.0,1834.0
2026-10-02T15:43:17+08:00,1097,0.0238,,0.4491342008113861,4.078498293515359e-05,0.605157909253896,3570590.0,387185,2.86189669999294,2827.15185546875,6602.0,1403.7529296875,6602.0,4393.0,5628.0,1834.0
2026-10-02T15:43:20+08:00,1098,0.1439,,1.1289938688278198,4.0728100113765646e-05,0.605709557302441,3573741.0,387452,2.8668735999963246,2933.927734375,3904.0,1403.76611328125,3904.0,7091.0,6602.0,1834.0
2026-10-02T15:43:23+08:00,1099,0.0809,,0.5917994379997253,4.0671217292377706e-05,0.606261205350986,3576745.0,387770,2.89985629999137,3250.380859375,5080.0,1403.76171875,5080.0,5915.0,3904.0,1834.0
2026-10-02T15:43:26+08:00,1100,0.1221,,0.815701425075531,4.0614334470989765e-05,0.6068128533995311,3580288.0,388207,3.030127399993944,3569.22265625,5348.0,1403.7734375,5348.0,5647.0,5080.0,1834.0
2026-10-02T15:45:45+08:00,1100,,0.11717673881876166,,,0.6068128533995311,,388207,,5406.43994140625,6724.0,1403.7734375,1834.0,9161.0,,
2026-10-02T15:45:50+08:00,1101,0.1668,,1.0371276140213013,4.0557451649601824e-05,0.6073645014480761,3582860.0,388585,2.8685842999984743,2689.65185546875,3050.0,1403.75146484375,3050.0,7945.0,1834.0,1834.0
2026-10-02T15:45:53+08:00,1102,0.068,,0.5734435319900513,4.050056882821388e-05,0.6079161494966212,3585727.0,388930,2.8794682000007015,2807.177734375,5608.0,1403.75732421875,5608.0,5387.0,3050.0,1836.0
2026-10-02T15:45:56+08:00,1103,0.102,,0.7954218983650208,4.044368600682594e-05,0.6084677975451662,3588875.0,389191,2.85670580000442,3216.04736328125,4920.0,1403.76171875,4920.0,6075.0,5608.0,1834.0
2026-10-02T15:45:59+08:00,1104,0.0375,,0.44631075859069824,4.0386803185438e-05,0.6090194455937112,3591667.0,389457,2.8816186000040034,2998.4462890625,3736.0,1403.755859375,3736.0,7259.0,4920.0,1834.0
2026-10-02T15:46:01+08:00,1105,0.1388,,0.8283196091651917,4.032992036405006e-05,0.6095710936422563,3594537.0,389765,2.8266005999903427,3051.23193359375,3976.0,1403.7587890625,3976.0,7019.0,3736.0,1836.0
2026-10-02T15:46:04+08:00,1106,0.0745,,0.7088580131530762,4.027303754266212e-05,0.6101227416908013,3597502.0,390123,2.8691774000035366,3175.47216796875,4800.0,1403.76025390625,4800.0,6195.0,3976.0,1834.0
2026-10-02T15:46:07+08:00,1107,0.1517,,0.8509013056755066,4.021615472127418e-05,0.6106743897393463,3600664.0,390467,2.8902845999982674,3763.6328125,5704.0,1403.7646484375,5704.0,5291.0,4800.0,1836.0
2026-10-02T15:46:10+08:00,1108,0.0457,,0.632282555103302,4.015927189988624e-05,0.6112260377878913,3604497.0,390788,3.031056299994816,3323.26708984375,3678.0,1403.78076171875,3678.0,7317.0,5704.0,1834.0
2026-10-02T15:46:14+08:00,1109,0.1111,,1.5047091245651245,4.01023890784983e-05,0.6117776858364363,3607455.0,391094,3.419727899992722,3213.7802734375,6680.0,1403.76171875,6680.0,4315.0,3678.0,1834.0
2026-10-02T15:46:17+08:00,1110,0.0582,,0.6327499747276306,4.004550625711036e-05,0.6123293338849813,3610426.0,391406,3.393238199991174,2943.74560546875,3318.0,1403.76025390625,3318.0,7677.0,6680.0,1834.0
2026-10-02T15:46:20+08:00,1111,0.1057,,0.8458190560340881,3.998862343572241e-05,0.6128809819335264,3613572.0,391737,3.270898999995552,3073.56396484375,3448.0,1403.76611328125,3448.0,7547.0,3318.0,1836.0
2026-10-02T15:46:24+08:00,1112,0.1112,,0.7453492879867554,3.9931740614334476e-05,0.6134326299820715,3616812.0,392172,3.4365013999922667,3743.97216796875,7006.0,1403.7646484375,7006.0,3989.0,3448.0,1834.0
2026-10-02T15:46:27+08:00,1113,0.077,,0.6069784760475159,3.987485779294653e-05,0.6139842780306165,3620319.0,392651,3.3664710000011837,3904.02001953125,4858.0,1403.7734375,4858.0,6137.0,7006.0,1834.0
2026-10-02T15:46:31+08:00,1114,0.0779,,0.6166021823883057,3.9817974971558594e-05,0.6145359260791615,3623519.0,393123,3.4118630000011763,3180.95263671875,6232.0,1403.7646484375,6232.0,4763.0,4858.0,1834.0
2026-10-02T15:46:34+08:00,1115,0.0613,,0.57073974609375,3.976109215017065e-05,0.6150875741277065,3626646.0,393399,3.5916485999914585,3172.94873046875,6492.0,1403.7646484375,6492.0,4503.0,6232.0,1834.0
2026-10-02T15:46:37+08:00,1116,0.0764,,0.6918776035308838,3.970420932878271e-05,0.6156392221762516,3629728.0,393689,3.218217999994522,3052.03955078125,4080.0,1403.76318359375,4080.0,6915.0,6492.0,1834.0
2026-10-02T15:46:41+08:00,1117,0.0442,,0.593875527381897,3.9647326507394765e-05,0.6161908702247966,3633265.0,393985,3.1082581999944523,3304.31787109375,4710.0,1403.7734375,4710.0,6285.0,4080.0,1836.0
2026-10-02T15:46:44+08:00,1118,0.1258,,0.8628203868865967,3.959044368600683e-05,0.6167425182733416,3636308.0,394260,3.46285429999989,2836.736328125,4808.0,1403.76318359375,4808.0,6187.0,4710.0,1836.0
2026-10-02T15:46:47+08:00,1119,0.0694,,1.3060251474380493,3.9533560864618884e-05,0.6172941663218866,3639564.0,394623,3.353320599999279,3216.0517578125,4550.0,1403.76611328125,4550.0,6445.0,4808.0,1834.0
2026-10-02T15:46:50+08:00,1120,0.1665,,0.9841402769088745,3.947667804323095e-05,0.6178458143704316,3642401.0,394938,2.9811031999997795,2824.99072265625,3180.0,1403.75732421875,3180.0,7815.0,4550.0,1834.0
2026-10-02T15:46:53+08:00,1121,0.0998,,0.7419449687004089,3.9419795221843e-05,0.6183974624189766,3645855.0,395318,3.0488390999962576,3191.36865234375,4136.0,1403.77197265625,4136.0,6859.0,3180.0,1834.0
2026-10-02T15:46:56+08:00,1122,0.1542,,0.8113060593605042,3.936291240045507e-05,0.6189491104675218,3648463.0,395638,3.0236839999997756,2653.275390625,3648.0,1403.75146484375,3648.0,7347.0,4136.0,1836.0
2026-10-02T15:47:00+08:00,1123,0.1254,,0.8563567996025085,3.930602957906712e-05,0.6195007585160668,3651574.0,395991,3.2655076999944868,3311.513671875,5344.0,1403.76611328125,5344.0,5651.0,3648.0,1834.0
2026-10-02T15:47:03+08:00,1124,0.1138,,0.7888190746307373,3.924914675767919e-05,0.6200524065646118,3654696.0,396262,3.333568700007163,3097.44873046875,5752.0,1403.7646484375,5752.0,5243.0,5344.0,1834.0
2026-10-02T15:47:07+08:00,1125,0.0734,,0.7167754769325256,3.919226393629124e-05,0.6206040546131568,3657964.0,396546,3.5871647000021767,3137.71728515625,5562.0,1403.767578125,5562.0,5433.0,5752.0,1834.0
2026-10-02T15:47:10+08:00,1126,0.071,,0.5278661251068115,3.9135381114903305e-05,0.6211557026617018,3661336.0,396906,3.0374845000042114,3084.07275390625,5858.0,1403.76904296875,5858.0,5137.0,5562.0,1836.0
2026-10-02T15:47:13+08:00,1127,0.1294,,0.6467528343200684,3.907849829351536e-05,0.6217073507102469,3664854.0,397221,3.1097271999897202,3310.73046875,6798.0,1403.7734375,6798.0,4197.0,5858.0,1836.0
2026-10-02T15:47:16+08:00,1128,0.0346,,0.4588989317417145,3.9021615472127424e-05,0.6222589987587919,3667816.0,397549,3.0724514000030467,2978.99609375,3466.0,1403.7587890625,3466.0,7529.0,6798.0,1834.0
2026-10-02T15:47:19+08:00,1129,0.2102,,1.078417420387268,3.8964732650739476e-05,0.6228106468073369,3670922.0,397878,2.974764899990987,3042.3515625,3418.0,1403.7646484375,3418.0,7577.0,3466.0,1836.0
2026-10-02T15:47:22+08:00,1130,0.1327,,1.037652611732483,3.890784982935154e-05,0.6233622948558819,3673638.0,398183,2.901194999998552,2701.11376953125,5344.0,1403.755859375,5344.0,5651.0,3418.0,1834.0
2026-10-02T15:47:25+08:00,1131,0.0278,,0.38029319047927856,3.8850967007963595e-05,0.6239139429044269,3676820.0,398593,3.187736000007135,3431.79248046875,5200.0,1403.76318359375,5200.0,5795.0,5344.0,1834.0
2026-10-02T15:47:28+08:00,1132,0.1007,,0.7275048494338989,3.879408418657566e-05,0.624465590952972,3679967.0,398952,3.047622700003558,3356.50244140625,3976.0,1403.76611328125,3976.0,7019.0,5200.0,1836.0
2026-10-02T15:47:31+08:00,1133,0.1132,,0.860180139541626,3.873720136518771e-05,0.6250172390015171,3683351.0,399371,3.002742099997704,3365.86962890625,4400.0,1403.7705078125,4400.0,6595.0,3976.0,1834.0
2026-10-02T15:47:34+08:00,1134,0.187,,0.9860333800315857,3.868031854379978e-05,0.6255688870500621,3686840.0,399701,3.013773600003333,3581.22998046875,6238.0,1403.7734375,6238.0,4757.0,4400.0,1836.0
2026-10-02T15:47:37+08:00,1135,0.0423,,0.4775991141796112,3.862343572241183e-05,0.6261205350986071,3690556.0,400121,3.0484448000061093,3928.56201171875,6078.0,1403.779296875,6078.0,4917.0,6238.0,1834.0
2026-10-02T15:47:40+08:00,1136,0.067,,0.8449712991714478,3.85665529010239e-05,0.6266721831471521,3693536.0,400396,2.828528099998948,2976.15380859375,4200.0,1403.76025390625,4200.0,6795.0,6078.0,1834.0
2026-10-02T15:47:43+08:00,1137,0.0545,,0.49770572781562805,3.850967007963595e-05,0.6272238311956971,3696884.0,400671,3.001817000011215,3282.54833984375,4928.0,1403.76904296875,4928.0,6067.0,4200.0,1834.0
2026-10-02T15:47:46+08:00,1138,0.1019,,0.7829261422157288,3.8452787258248016e-05,0.6277754792442422,3699767.0,401047,2.8628291000059107,2913.7802734375,5022.0,1403.75732421875,5022.0,5973.0,4928.0,1834.0
2026-10-02T15:47:49+08:00,1139,0.0555,,0.441728413105011,3.839590443686007e-05,0.6283271272927872,3704116.0,401674,3.273652799995034,4854.66357421875,8688.0,1403.79248046875,8688.0,1462.98046875,5022.0,1836.0
2026-10-02T15:47:52+08:00,1140,0.0565,,0.5067837834358215,3.8339021615472135e-05,0.6288787753413322,3707293.0,401959,2.8264591000042856,3030.466796875,5224.0,1403.7646484375,5224.0,5771.0,8688.0,1834.0
2026-10-02T15:47:55+08:00,1141,0.0978,,0.6933501362800598,3.828213879408419e-05,0.6294304233898773,3710168.0,402340,2.8785373999999138,3116.08984375,4056.0,1403.7587890625,4056.0,6939.0,5224.0,1836.0
2026-10-02T15:47:58+08:00,1142,0.0981,,0.8999351859092712,3.822525597269625e-05,0.6299820714384223,3713582.0,402640,2.8890664000064135,3131.78857421875,4582.0,1403.77197265625,4582.0,6413.0,4056.0,1834.0
2026-10-02T15:48:01+08:00,1143,0.1148,,0.7870541214942932,3.8168373151308306e-05,0.6305337194869673,3717168.0,402976,2.9132783000095515,3850.62841796875,4978.0,1403.77490234375,4978.0,6017.0,4582.0,1836.0
2026-10-02T15:48:03+08:00,1144,0.089,,0.6343754529953003,3.811149032992037e-05,0.6310853675355124,3720696.0,403315,2.8904354000114836,3428.6669921875,3768.0,1403.7734375,3768.0,7227.0,4978.0,1834.0
2026-10-02T15:48:07+08:00,1145,0.0306,,0.34847548604011536,3.8054607508532424e-05,0.6316370155840574,3724562.0,403677,3.112728899999638,4963.89111328125,7144.0,1403.7822265625,7144.0,3851.0,3768.0,1834.0
2026-10-02T15:48:09+08:00,1146,0.0837,,0.8808330297470093,3.799772468714448e-05,0.6321886636326024,3727457.0,403979,2.922258899998269,3106.806640625,4080.0,1403.7587890625,4080.0,6915.0,7144.0,1834.0
2026-10-02T15:48:12+08:00,1147,0.1177,,0.8044037818908691,3.794084186575654e-05,0.6327403116811474,3730554.0,404388,2.82299710001098,3148.912109375,4816.0,1403.7646484375,4816.0,6179.0,4080.0,1836.0
2026-10-02T15:48:15+08:00,1148,0.012,,0.26216766238212585,3.78839590443686e-05,0.6332919597296924,3733822.0,404667,2.916898499999661,3206.6904296875,5646.0,1403.767578125,5646.0,5349.0,4816.0,1836.0
2026-10-02T15:48:18+08:00,1149,0.125,,0.9291101694107056,3.782707622298066e-05,0.6338436077782375,3737164.0,404960,2.8634999000059906,3615.5556640625,6458.0,1403.767578125,6458.0,4537.0,5646.0,1834.0
2026-10-02T15:48:21+08:00,1150,0.042,,0.4997721016407013,3.777019340159272e-05,0.6343952558267825,3740826.0,405349,3.0006498000002466,4150.91796875,4704.0,1403.77490234375,4704.0,6291.0,6458.0,1834.0
2026-10-02T15:48:24+08:00,1151,0.1481,,0.963711142539978,3.771331058020478e-05,0.6349469038753276,3744035.0,405659,2.797161700000288,3078.7236328125,4272.0,1403.76611328125,4272.0,6723.0,4704.0,1834.0
2026-10-02T15:48:27+08:00,1152,0.071,,0.5688015222549438,3.765642775881684e-05,0.6354985519238726,3747482.0,405995,2.954340800002683,3000.74658203125,6358.0,1403.7705078125,6358.0,4637.0,4272.0,1836.0
2026-10-02T15:48:30+08:00,1153,0.057,,0.6946007013320923,3.75995449374289e-05,0.6360501999724176,3750492.0,406334,2.830466699990211,3067.31591796875,3438.0,1403.76025390625,3438.0,7557.0,6358.0,1834.0
2026-10-02T15:48:33+08:00,1154,0.09,,0.9075935482978821,3.754266211604096e-05,0.6366018480209626,3753266.0,406658,2.964784099996905,3020.119140625,4160.0,1403.75439453125,4160.0,6835.0,3438.0,1834.0
2026-10-02T15:48:35+08:00,1155,0.1942,,0.8942794799804688,3.7485779294653017e-05,0.6371534960695077,3756242.0,407033,2.791148600008455,3400.69580078125,4384.0,1403.76025390625,4384.0,6611.0,4160.0,1834.0
2026-10-02T15:48:38+08:00,1156,0.1105,,0.8115228414535522,3.7428896473265076e-05,0.6377051441180527,3759608.0,407345,2.890846499998588,3170.55078125,5168.0,1403.7705078125,5168.0,5827.0,4384.0,1836.0
2026-10-02T15:48:41+08:00,1157,0.1287,,0.8174987435340881,3.7372013651877135e-05,0.6382567921665977,3762916.0,407692,2.8114918999926886,3347.84619140625,5712.0,1403.7705078125,5712.0,5283.0,5168.0,1836.0
2026-10-02T15:48:44+08:00,1158,0.0262,,0.35614699125289917,3.7315130830489194e-05,0.6388084402151427,3766048.0,408019,2.8741995000018505,3126.728515625,3488.0,1403.76318359375,3488.0,7507.0,5712.0,1836.0
2026-10-02T15:48:47+08:00,1159,0.1755,,0.7003774046897888,3.7258248009101254e-05,0.6393600882636877,3770351.0,408508,3.1970916999998735,4679.8798828125,8946.0,1403.791015625,8946.0,1236.79296875,3488.0,1834.0
2026-10-02T15:48:50+08:00,1160,0.1056,,0.7467188835144043,3.720136518771331e-05,0.6399117363122327,3773768.0,408866,2.964103599995724,3083.61181640625,3448.0,1403.7705078125,3448.0,7547.0,8946.0,1836.0
2026-10-02T15:48:53+08:00,1161,0.088,,0.704240083694458,3.714448236632537e-05,0.6404633843607779,3776931.0,409260,2.80648270000529,3206.68603515625,4370.0,1403.76318359375,4370.0,6625.0,3448.0,1834.0
2026-10-02T15:48:56+08:00,1162,0.1327,,0.7848204374313354,3.708759954493743e-05,0.6410150324093229,3780047.0,409662,2.8914801999926567,3072.85595703125,3792.0,1403.76318359375,3792.0,7203.0,4370.0,1834.0
2026-10-02T15:48:59+08:00,1163,0.0347,,0.5138840079307556,3.703071672354949e-05,0.6415666804578679,3782742.0,409962,2.807084300002316,2754.1142578125,3528.0,1403.7529296875,3528.0,7467.0,3792.0,1834.0
2026-10-02T15:49:02+08:00,1164,0.1032,,0.8358170390129089,3.697383390216155e-05,0.6421183285064129,3785997.0,410279,2.9164263999991817,3228.5361328125,4272.0,1403.76611328125,4272.0,6723.0,3528.0,1836.0
2026-10-02T15:49:05+08:00,1165,0.0301,,0.5510691404342651,3.691695108077361e-05,0.642669976554958,3789612.0,410516,2.815680900006555,3364.32568359375,4096.0,1403.77490234375,4096.0,6899.0,4272.0,1834.0
2026-10-02T15:49:07+08:00,1166,0.0884,,0.8818140625953674,3.686006825938567e-05,0.643221624603503,3792527.0,410861,2.905597700009821,3095.27490234375,5270.0,1403.76025390625,5270.0,5725.0,4096.0,1834.0
2026-10-02T15:49:10+08:00,1167,0.0663,,0.636093020439148,3.680318543799773e-05,0.643773272652048,3795990.0,411193,2.8356566000002204,3127.3154296875,5312.0,1403.7734375,5312.0,5683.0,5270.0,1836.0
2026-10-02T15:49:13+08:00,1168,0.0469,,0.6229066848754883,3.674630261660979e-05,0.644324920700593,3799528.0,411579,2.887802199998987,3529.2548828125,3868.0,1403.77490234375,3868.0,7127.0,5312.0,1834.0
2026-10-02T15:49:16+08:00,1169,0.0815,,0.7824157476425171,3.6689419795221846e-05,0.644876568749138,3802304.0,411878,2.7994672000058927,2933.916015625,5118.0,1403.75439453125,5118.0,5877.0,3868.0,1834.0
2026-10-02T15:49:19+08:00,1170,0.0425,,0.6744400858879089,3.6632536973833905e-05,0.645428216797683,3805406.0,412166,2.8909445999888703,2935.52685546875,7024.0,1403.76611328125,7024.0,3971.0,5118.0,1834.0
2026-10-02T15:49:22+08:00,1171,0.1155,,0.7738178968429565,3.6575654152445965e-05,0.6459798648462282,3808371.0,412532,2.8418367999984184,3063.24755859375,5784.0,1403.76025390625,5784.0,5211.0,7024.0,1834.0
2026-10-02T15:49:25+08:00,1172,0.1202,,1.0514651536941528,3.6518771331058024e-05,0.6465315128947732,3811715.0,412878,2.8764849999861326,3219.1748046875,4846.0,1403.767578125,4846.0,6149.0,5784.0,1834.0
2026-10-02T15:49:28+08:00,1173,0.0744,,0.5323643684387207,3.646188850967008e-05,0.6470831609433182,3815155.0,413330,2.9578508000122383,4282.0234375,5256.0,1403.7705078125,5256.0,5739.0,4846.0,1834.0
2026-10-02T15:49:30+08:00,1174,0.1053,,0.7956205606460571,3.640500568828214e-05,0.6476348089918632,3818108.0,413644,2.926043200001004,2982.10205078125,5224.0,1403.7587890625,5224.0,5771.0,5256.0,1836.0
2026-10-02T15:49:33+08:00,1175,0.1055,,0.7674171924591064,3.63481228668942e-05,0.6481864570404082,3820315.0,413994,2.838080400004401,2623.0166015625,3832.0,1403.74267578125,3832.0,7163.0,5224.0,1834.0
2026-10-02T15:49:36+08:00,1176,0.1158,,0.9260125756263733,3.629124004550626e-05,0.6487381050889532,3823689.0,414273,2.8859879999945406,2914.70458984375,3298.0,1403.77197265625,3298.0,7697.0,3832.0,1834.0
2026-10-02T15:49:39+08:00,1177,0.097,,0.8016604781150818,3.623435722411832e-05,0.6492897531374983,3826880.0,414562,2.815415100005339,3019.35107421875,4976.0,1403.76611328125,4976.0,6019.0,3298.0,1836.0
2026-10-02T15:49:42+08:00,1178,0.0612,,0.7167766094207764,3.617747440273038e-05,0.6498414011860433,3830246.0,414875,2.8694551000080537,3148.51953125,3508.0,1403.76904296875,3508.0,7487.0,4976.0,1836.0
2026-10-02T15:49:45+08:00,1179,0.0504,,0.640326976776123,3.612059158134244e-05,0.6503930492345883,3833018.0,415197,2.799591600007261,2837.517578125,4112.0,1403.75732421875,4112.0,6883.0,3508.0,1834.0
2026-10-02T15:49:48+08:00,1180,0.0711,,0.6253493428230286,3.60637087599545e-05,0.6509446972831333,3836457.0,415617,2.958207499992568,3148.12890625,4600.0,1403.7705078125,4600.0,6395.0,4112.0,1834.0
2026-10-02T15:49:51+08:00,1181,0.1241,,0.6550005674362183,3.600682593856656e-05,0.6514963453316784,3839755.0,416151,2.8862853000027826,3148.1259765625,6928.0,1403.767578125,6928.0,4067.0,4600.0,1834.0
2026-10-02T15:49:54+08:00,1182,0.0101,,0.25418972969055176,3.5949943117178616e-05,0.6520479933802235,3842624.0,416401,3.0011194000107935,2864.09423828125,3824.0,1403.7587890625,3824.0,7171.0,6928.0,1836.0
2026-10-02T15:49:56+08:00,1183,0.0547,,0.5922685265541077,3.589306029579067e-05,0.6525996414287685,3845552.0,416662,2.844015800001216,2847.8828125,4424.0,1403.76025390625,4424.0,6571.0,3824.0,1836.0
2026-10-02T15:49:59+08:00,1184,0.0451,,0.6516802906990051,3.5836177474402735e-05,0.6531512894773135,3848823.0,416937,2.9234526000072947,3601.671875,5626.0,1403.767578125,5626.0,5369.0,4424.0,1834.0
2026-10-02T15:50:03+08:00,1185,0.1614,,0.7557554244995117,3.577929465301479e-05,0.6537029375258585,3853366.0,417338,3.404995799995959,5486.494140625,7536.0,1403.79833984375,7536.0,3459.0,5626.0,1834.0
2026-10-02T15:50:06+08:00,1186,0.1347,,0.8401116728782654,3.572241183162685e-05,0.6542545855744035,3856624.0,417664,2.8846562999970047,3044.3935546875,5952.0,1403.767578125,5952.0,5043.0,7536.0,1836.0
2026-10-02T15:50:09+08:00,1187,0.1557,,0.9199078679084778,3.5665529010238906e-05,0.6548062336229485,3859734.0,417978,2.914165199996205,3031.92529296875,4254.0,1403.76171875,4254.0,6741.0,5952.0,1834.0
2026-10-02T15:50:11+08:00,1188,0.0888,,0.7666304111480713,3.560864618885097e-05,0.6553578816714936,3863085.0,418278,2.910804900006042,3219.177734375,4080.0,1403.7705078125,4080.0,6915.0,4254.0,1834.0
2026-10-02T15:50:14+08:00,1189,0.0238,,0.40598252415657043,3.5551763367463024e-05,0.6559095297200386,3866020.0,418575,2.9087071000103606,2864.095703125,5960.0,1403.76025390625,5960.0,5035.0,4080.0,1834.0
2026-10-02T15:50:17+08:00,1190,0.2593,,1.1839268207550049,3.549488054607509e-05,0.6564611777685836,3868963.0,418892,2.9547997000045143,3181.75146484375,4016.0,1403.76025390625,4016.0,6979.0,5960.0,1836.0
2026-10-02T15:50:20+08:00,1191,0.128,,0.8368169069290161,3.543799772468714e-05,0.6570128258171287,3872288.0,419254,2.9751685000082944,2979.00634765625,4664.0,1403.76904296875,4664.0,6331.0,4016.0,1834.0
2026-10-02T15:50:23+08:00,1192,0.022,,0.3619479238986969,3.538111490329921e-05,0.6575644738656737,3875335.0,419521,2.822614300006535,3053.75341796875,5648.0,1403.7646484375,5648.0,5347.0,4664.0,1836.0
2026-10-02T15:50:26+08:00,1193,0.1808,,0.9315781593322754,3.532423208191126e-05,0.6581161219142188,3878562.0,419932,2.9252149000094505,3030.46826171875,4438.0,1403.76611328125,4438.0,6557.0,5648.0,1834.0
2026-10-02T15:50:29+08:00,1194,0.0893,,0.75590580701828,3.526734926052333e-05,0.6586677699627638,3881471.0,420266,2.823122299989336,2857.65087890625,3188.0,1403.7587890625,3188.0,7807.0,4438.0,1836.0
2026-10-02T15:50:32+08:00,1195,0.1543,,0.863059401512146,3.521046643913538e-05,0.6592194180113088,3884679.0,420585,2.9096111999970162,3363.513671875,4248.0,1403.76611328125,4248.0,6747.0,3188.0,1834.0
2026-10-02T15:50:36+08:00,1196,0.2149,,0.8190531730651855,3.5153583617747446e-05,0.6597710660598538,3889803.0,421021,3.6759994000021834,6671.0859375,10034.0,1403.8115234375,10034.0,290.54296875,4248.0,1836.0
2026-10-02T15:50:38+08:00,1197,0.0985,,0.9374179840087891,3.50967007963595e-05,0.6603227141083988,3893433.0,421223,2.9878841000027023,3035.03759765625,3398.0,1403.7763671875,3398.0,7597.0,10034.0,1834.0
2026-10-02T15:50:41+08:00,1198,0.0669,,0.5318920016288757,3.5039817974971564e-05,0.6608743621569438,3896455.0,421521,2.8264209000044502,3030.46240234375,5016.0,1403.76025390625,5016.0,5979.0,3398.0,1834.0
2026-10-02T15:50:44+08:00,1199,0.132,,0.8333067297935486,3.498293515358362e-05,0.6614260102054889,3899148.0,421859,2.8897120999899926,2922.767578125,4936.0,1403.75439453125,4936.0,6059.0,5016.0,1834.0
2026-10-02T15:50:47+08:00,1200,0.0773,,0.8456201553344727,3.492605233219568e-05,0.6619776582540339,3902378.0,422109,2.822707500003162,3100.57177734375,4960.0,1403.76611328125,4960.0,6035.0,4936.0,1834.0
2026-10-02T15:53:11+08:00,1200,,0.1157029881737293,,,0.6619776582540339,,422109,,5406.4326171875,6724.0,1403.76611328125,1834.0,9161.0,,
2026-10-02T15:53:16+08:00,1201,0.0354,,0.49783265590667725,3.4869169510807735e-05,0.662529306302579,3905473.0,422472,3.0801546000002418,2825.78271484375,3200.0,1403.76171875,3200.0,7795.0,1834.0,1834.0
2026-10-02T15:53:19+08:00,1202,0.061,,0.7006955742835999,3.48122866894198e-05,0.663080954351124,3908740.0,422791,2.840251999994507,3072.86181640625,4176.0,1403.76904296875,4176.0,6819.0,3200.0,1834.0
2026-10-02T15:53:22+08:00,1203,0.078,,0.6890230774879456,3.4755403868031854e-05,0.663632602399669,3911995.0,423179,2.9519622000079835,3062.45166015625,4736.0,1403.767578125,4736.0,6259.0,4176.0,1836.0
2026-10-02T15:53:25+08:00,1204,0.1195,,1.1038243770599365,3.469852104664392e-05,0.664184250448214,3915176.0,423501,3.0030444000003627,2969.68603515625,5222.0,1403.7646484375,5222.0,5773.0,4736.0,1836.0
2026-10-02T15:53:28+08:00,1205,0.1257,,0.8207274079322815,3.464163822525597e-05,0.6647358984967591,3918076.0,423802,2.9423340000066673,3019.34521484375,4150.0,1403.76025390625,4150.0,6845.0,5222.0,1836.0
2026-10-02T15:53:31+08:00,1206,0.0936,,0.6836902499198914,3.458475540386804e-05,0.6652875465453041,3921136.0,424214,2.928680400000303,3279.6005859375,7396.0,1403.76318359375,7396.0,3599.0,4150.0,1834.0
2026-10-02T15:53:34+08:00,1207,0.0724,,0.9163097739219666,3.452787258248009e-05,0.6658391945938491,3924025.0,424465,2.917691900001955,3206.6787109375,4480.0,1403.755859375,4480.0,6515.0,7396.0,1834.0
2026-10-02T15:53:37+08:00,1208,0.1098,,0.8972975611686707,3.447098976109216e-05,0.6663908426423941,3927502.0,424755,3.058130599994911,3462.41552734375,5964.0,1403.77197265625,5964.0,5031.0,4480.0,1834.0
2026-10-02T15:53:40+08:00,1209,0.0432,,0.5414434671401978,3.441410693970421e-05,0.6669424906909391,3930522.0,425075,2.8927238000032958,3175.4736328125,7032.0,1403.76171875,7032.0,3963.0,5964.0,1834.0
2026-10-02T15:53:43+08:00,1210,0.3041,,0.6426250338554382,3.4357224118316275e-05,0.6674941387394842,3934553.0,425856,3.558690799996839,6175.939453125,8632.0,1403.78515625,8632.0,1582.609375,7032.0,1834.0
2026-10-02T15:53:46+08:00,1211,0.1587,,1.0236226320266724,3.430034129692833e-05,0.6680457867880293,3937537.0,426170,2.828870299999835,3013.3408203125,5280.0,1403.76318359375,5280.0,5715.0,8632.0,1834.0
2026-10-02T15:53:49+08:00,1212,0.0757,,0.5602959394454956,3.4243458475540394e-05,0.6685974348365743,3941392.0,426623,3.2819666999857873,5227.95263671875,6950.0,1403.78076171875,6950.0,4045.0,5280.0,1836.0
2026-10-02T15:53:52+08:00,1213,0.0611,,0.7033648490905762,3.4186575654152446e-05,0.6691490828851193,3944361.0,426934,2.8205492999986745,3122.4130859375,5212.0,1403.76025390625,5212.0,5783.0,6950.0,1834.0
2026-10-02T15:53:55+08:00,1214,0.0959,,0.6430333852767944,3.412969283276451e-05,0.6697007309336643,3948211.0,427270,2.9199502999981632,3558.56103515625,5818.0,1403.78076171875,5818.0,5177.0,5212.0,1836.0
2026-10-02T15:53:58+08:00,1215,0.0214,,0.333836168050766,3.4072810011376565e-05,0.6702523789822094,3951151.0,427541,2.80292780000309,3172.34912109375,3968.0,1403.7587890625,3968.0,7027.0,5818.0,1834.0
2026-10-02T15:54:01+08:00,1216,0.0693,,0.7431322336196899,3.401592718998863e-05,0.6708040270307544,3954138.0,427831,2.9279275000008056,3072.85595703125,4274.0,1403.76318359375,4274.0,6721.0,3968.0,1834.0
2026-10-02T15:54:04+08:00,1217,0.1208,,0.867021381855011,3.395904436860068e-05,0.6713556750792994,3957140.0,428116,2.8214225999981863,2933.92333984375,4744.0,1403.76171875,4744.0,6251.0,4274.0,1834.0
2026-10-02T15:54:07+08:00,1218,0.1335,,1.1189639568328857,3.390216154721274e-05,0.6719073231278444,3960774.0,428399,2.892367699998431,3151.60107421875,3518.0,1403.7763671875,3518.0,7477.0,4744.0,1836.0
2026-10-02T15:54:10+08:00,1219,0.0476,,0.4414671063423157,3.38452787258248e-05,0.6724589711763894,3965584.0,428848,3.3451486000121804,5076.2451171875,5816.0,1403.802734375,5816.0,5179.0,3518.0,1834.0
2026-10-02T15:54:13+08:00,1220,0.0874,,0.7059115171432495,3.378839590443686e-05,0.6730106192249344,3968130.0,429169,2.996617199998582,2576.78564453125,2956.0,1403.75146484375,2956.0,8039.0,5816.0,1836.0
2026-10-02T15:54:16+08:00,1221,0.0573,,0.7314262986183167,3.373151308304892e-05,0.6735622672734796,3971076.0,429447,2.891607900004601,3213.77880859375,6680.0,1403.76025390625,6680.0,4315.0,2956.0,1836.0
2026-10-02T15:54:19+08:00,1222,0.0724,,0.61793053150177,3.367463026166098e-05,0.6741139153220246,3974168.0,429788,2.9468333999975584,3224.189453125,6560.0,1403.76318359375,6560.0,4435.0,6680.0,1836.0
2026-10-02T15:54:22+08:00,1223,0.1215,,0.9562708735466003,3.361774744027304e-05,0.6746655633705696,3977448.0,430155,2.847257300003548,3245.814453125,6848.0,1403.767578125,6848.0,4147.0,6560.0,1834.0
2026-10-02T15:54:24+08:00,1224,0.044,,0.518783450126648,3.35608646188851e-05,0.6752172114191146,3980620.0,430455,2.8910991000011563,3128.65966796875,4290.0,1403.7646484375,4290.0,6705.0,6848.0,1836.0
2026-10-02T15:54:27+08:00,1225,0.0634,,0.6007816791534424,3.350398179749716e-05,0.6757688594676596,3984441.0,430879,2.921732899994822,3688.46044921875,6570.0,1403.78076171875,6570.0,4425.0,4290.0,1836.0
2026-10-02T15:54:30+08:00,1226,0.0297,,0.5587653517723083,3.3447098976109216e-05,0.6763205075162046,3987954.0,431156,2.988373899992439,3365.86962890625,6632.0,1403.7705078125,6632.0,4363.0,6570.0,1836.0
2026-10-02T15:54:33+08:00,1227,0.0751,,0.4989330470561981,3.3390216154721276e-05,0.6768721555647497,3991764.0,431726,2.897145900002215,3537.54052734375,8432.0,1403.779296875,8432.0,1718.98046875,6632.0,1834.0
2026-10-02T15:54:36+08:00,1228,0.0404,,0.4376697242259979,3.3333333333333335e-05,0.6774238036132947,3995176.0,432153,2.916672799998196,3122.4248046875,5328.0,1403.77197265625,5328.0,5667.0,8432.0,1834.0
2026-10-02T15:54:39+08:00,1229,0.0871,,1.011896014213562,3.3276450511945394e-05,0.6779754516618397,3998218.0,432422,2.790992100010044,3127.30224609375,4200.0,1403.76025390625,4200.0,6795.0,5328.0,1836.0
2026-10-02T15:54:42+08:00,1230,0.1277,,1.0611463785171509,3.3219567690557453e-05,0.6785270997103848,4001122.0,432725,2.872380799992243,2829.9326171875,4140.0,1403.7587890625,4140.0,6855.0,4200.0,1836.0
2026-10-02T15:54:45+08:00,1231,0.0446,,0.6141888499259949,3.316268486916951e-05,0.6790787477589298,4004089.0,433056,2.8394681999925524,3475.892578125,6228.0,1403.76025390625,6228.0,4767.0,4140.0,1834.0
2026-10-02T15:54:48+08:00,1232,0.0738,,0.702173113822937,3.310580204778157e-05,0.6796303958074749,4007164.0,433422,2.916149199998472,3031.9267578125,6104.0,1403.76318359375,6104.0,4891.0,6228.0,1834.0
2026-10-02T15:54:50+08:00,1233,0.1236,,0.9350669384002686,3.304891922639363e-05,0.6801820438560199,4009896.0,433800,2.798751700000139,2944.27685546875,4056.0,1403.75439453125,4056.0,6939.0,6104.0,1834.0
2026-10-02T15:54:53+08:00,1234,0.1585,,0.9645700454711914,3.299203640500569e-05,0.6807336919045649,4013157.0,434183,2.9096441000001505,3228.5361328125,7666.0,1403.76611328125,7666.0,3329.0,4056.0,1836.0
2026-10-02T15:54:56+08:00,1235,0.1688,,1.240398645401001,3.293515358361775e-05,0.6812853399531099,4016392.0,434461,2.851384699999471,3256.2177734375,3968.0,1403.76318359375,3968.0,7027.0,7666.0,1834.0
2026-10-02T15:54:59+08:00,1236,0.0137,,0.367559015750885,3.287827076222981e-05,0.6818369880016549,4019708.0,434729,2.9263783999922452,3354.5908203125,6992.0,1403.76904296875,6992.0,4003.0,3968.0,1834.0
2026-10-02T15:55:02+08:00,1237,0.0606,,0.5608478784561157,3.282138794084187e-05,0.6823886360502,4023228.0,435101,2.875927100001718,3063.2607421875,6160.0,1403.7734375,6160.0,4835.0,6992.0,1834.0
2026-10-02T15:55:05+08:00,1238,0.1113,,0.9126618504524231,3.276450511945393e-05,0.682940284098745,4026501.0,435488,2.934684499996365,3612.564453125,6176.0,1403.767578125,6176.0,4819.0,6160.0,1836.0
2026-10-02T15:55:08+08:00,1239,0.1197,,0.9327458739280701,3.270762229806599e-05,0.68349193214729,4030220.0,435837,2.825838800010388,3375.5380859375,5576.0,1403.7763671875,5576.0,5419.0,6176.0,1834.0
2026-10-02T15:55:11+08:00,1240,0.0863,,0.6559811234474182,3.2650739476678046e-05,0.6840435801958351,4033800.0,436217,2.9448390000034124,3553.14111328125,4946.0,1403.77490234375,4946.0,6049.0,5576.0,1834.0
2026-10-02T15:55:14+08:00,1241,0.1138,,0.7586679458618164,3.2593856655290105e-05,0.6845952282443801,4036666.0,436652,2.830228899998474,3137.70849609375,4728.0,1403.7587890625,4728.0,6267.0,4946.0,1836.0
2026-10-02T15:55:17+08:00,1242,0.0989,,0.5669816732406616,3.2536973833902164e-05,0.6851468762929251,4040937.0,437194,3.231799899993348,4785.25390625,5432.0,1403.78955078125,5432.0,5563.0,4728.0,1836.0
2026-10-02T15:55:20+08:00,1243,0.0612,,0.8002302050590515,3.2480091012514224e-05,0.6856985243414702,4043565.0,437466,2.7970583999995142,2719.78271484375,4232.0,1403.7529296875,4232.0,6763.0,5432.0,1834.0
2026-10-02T15:55:23+08:00,1244,0.0862,,0.6438107490539551,3.242320819112628e-05,0.6862501723900152,4046683.0,437815,2.9013724999967963,3175.4765625,4912.0,1403.7646484375,4912.0,6083.0,4232.0,1834.0
2026-10-02T15:55:25+08:00,1245,0.0617,,0.5367876291275024,3.236632536973834e-05,0.6868018204385602,4050259.0,438241,2.8532180999900447,3245.0185546875,5940.0,1403.77490234375,5940.0,5055.0,4912.0,1836.0
2026-10-02T15:55:28+08:00,1246,0.1635,,1.0005735158920288,3.23094425483504e-05,0.6873534684871052,4053157.0,438655,2.8984563999983948,2938.62548828125,4984.0,1403.7587890625,4984.0,6011.0,5940.0,1834.0
2026-10-02T15:55:31+08:00,1247,0.0419,,0.6594495177268982,3.225255972696246e-05,0.6879051165356502,4056280.0,438920,2.897597599992878,2943.75,3318.0,1403.7646484375,3318.0,7677.0,4984.0,1834.0
2026-10-02T15:55:34+08:00,1248,0.1819,,1.3770257234573364,3.219567690557452e-05,0.6884567645841952,4059337.0,439193,2.838505300009274,2998.7021484375,6786.0,1403.76171875,6786.0,4209.0,3318.0,1836.0
2026-10-02T15:55:37+08:00,1249,0.1632,,1.0058374404907227,3.213879408418658e-05,0.6890084126327403,4062741.0,439525,2.915689800007385,3128.6669921875,5280.0,1403.77197265625,5280.0,5715.0,6786.0,1834.0
2026-10-02T15:55:40+08:00,1250,0.0581,,0.5637322068214417,3.208191126279864e-05,0.6895600606812854,4066273.0,439993,2.9086380999942776,3624.92529296875,4984.0,1403.7734375,4984.0,6011.0,5280.0,1834.0
2026-10-02T15:55:43+08:00,1251,0.0566,,0.5082071423530579,3.20250284414107e-05,0.6901117087298304,4070154.0,440635,3.6231172000116203,6132.671875,7300.0,1403.7822265625,7300.0,3695.0,4984.0,1834.0
2026-10-02T15:55:46+08:00,1252,0.0356,,0.4998149573802948,3.196814562002276e-05,0.6906633567783754,4074076.0,440952,2.9412129999982426,3289.9931640625,7542.0,1403.7822265625,7542.0,3453.0,7300.0,1834.0
2026-10-02T15:55:49+08:00,1253,0.2315,,1.3139193058013916,3.191126279863481e-05,0.6912150048269204,4077203.0,441287,2.915757199996733,3063.251953125,5324.0,1403.7646484375,5324.0,5671.0,7542.0,1834.0
2026-10-02T15:55:52+08:00,1254,0.094,,0.7917783260345459,3.1854379977246875e-05,0.6917666528754655,4080310.0,441617,2.7945750999933807,3451.099609375,4120.0,1403.7646484375,4120.0,6875.0,5324.0,1834.0
2026-10-02T15:55:55+08:00,1255,0.0757,,0.6874741911888123,3.179749715585893e-05,0.6923183009240105,4082897.0,441924,2.8724344999936875,2978.9873046875,5042.0,1403.75,5042.0,5953.0,4120.0,1834.0
2026-10-02T15:55:58+08:00,1256,0.1234,,1.1792765855789185,3.1740614334470994e-05,0.6928699489725555,4086000.0,442171,2.8367440000001807,3141.14404296875,4424.0,1403.7646484375,4424.0,6571.0,5042.0,1836.0
2026-10-02T15:56:01+08:00,1257,0.0087,,0.19913312792778015,3.1683731513083046e-05,0.6934215970211005,4089121.0,442454,2.9181378000066616,3213.78173828125,5112.0,1403.76318359375,5112.0,5883.0,4424.0,1834.0
2026-10-02T15:56:04+08:00,1258,0.0231,,0.378639280796051,3.162684869169511e-05,0.6939732450696455,4092725.0,442820,2.915332300006412,4108.49365234375,5136.0,1403.7763671875,5136.0,5859.0,5112.0,1836.0
2026-10-02T15:56:07+08:00,1259,0.1264,,0.8346186876296997,3.1569965870307165e-05,0.6945248931181905,4095637.0,443166,2.9188370000047144,2793.4052734375,4584.0,1403.7587890625,4584.0,6411.0,5136.0,1836.0
2026-10-02T15:56:09+08:00,1260,0.137,,1.053114414215088,3.151308304891923e-05,0.6950765411667357,4098788.0,443437,2.847385699991719,3169.74169921875,5368.0,1403.7646484375,5368.0,5627.0,4584.0,1836.0
2026-10-02T15:56:12+08:00,1261,0.0523,,0.5301578640937805,3.145620022753128e-05,0.6956281892152807,4101731.0,443753,2.882141900001443,3072.85302734375,5272.0,1403.76025390625,5272.0,5723.0,5368.0,1836.0
2026-10-02T15:56:15+08:00,1262,0.1231,,0.8858859539031982,3.139931740614335e-05,0.6961798372638257,4105148.0,444033,2.873286099988036,3044.39794921875,6876.0,1403.77197265625,6876.0,4119.0,5272.0,1836.0
2026-10-02T15:56:18+08:00,1263,0.0402,,0.4851114749908447,3.13424345847554e-05,0.6967314853123707,4108143.0,444326,2.917183700003079,3062.26416015625,3428.0,1403.76171875,3428.0,7567.0,6876.0,1836.0
2026-10-02T15:56:21+08:00,1264,0.1604,,0.8462015986442566,3.128555176336747e-05,0.6972831333609157,4111228.0,444726,2.9404792999994243,3432.69091796875,5160.0,1403.76318359375,5160.0,5835.0,3428.0,1834.0
2026-10-02T15:56:24+08:00,1265,0.047,,0.5434085130691528,3.122866894197952e-05,0.6978347814094608,4114027.0,445041,2.9426144000026397,2738.95458984375,3938.0,1403.75732421875,3938.0,7057.0,5160.0,1834.0
2026-10-02T15:56:27+08:00,1266,0.2035,,1.07301664352417,3.1171786120591586e-05,0.6983864294580058,4117212.0,445355,2.8817164999927627,3075.60302734375,5664.0,1403.76611328125,5664.0,5331.0,3938.0,1834.0
2026-10-02T15:56:30+08:00,1267,0.0689,,0.7709462642669678,3.111490329920364e-05,0.6989380775065508,4120155.0,445677,2.95928979999735,3094.49560546875,3458.0,1403.76171875,3458.0,7537.0,5664.0,1836.0
2026-10-02T15:56:33+08:00,1268,0.0473,,0.7512311339378357,3.1058020477815705e-05,0.6994897255550958,4123296.0,445997,2.872251700013294,3703.60205078125,5040.0,1403.76611328125,5040.0,5955.0,3458.0,1834.0
2026-10-02T15:56:36+08:00,1269,0.1217,,0.8852469325065613,3.100113765642776e-05,0.7000413736036408,4126625.0,446323,2.9623744999989867,3185.34375,5976.0,1403.76904296875,5976.0,5019.0,5040.0,1834.0
2026-10-02T15:56:39+08:00,1270,0.0678,,0.789572536945343,3.094425483503982e-05,0.700593021652186,4129205.0,446659,2.86530109999876,2677.16748046875,3056.0,1403.75146484375,3056.0,7939.0,5976.0,1836.0
2026-10-02T15:56:42+08:00,1271,0.1323,,0.6738089919090271,3.0887372013651876e-05,0.701144669700731,4132906.0,447169,3.1253046999918297,4281.3212890625,7752.0,1403.779296875,7752.0,3243.0,3056.0,1836.0
2026-10-02T15:56:45+08:00,1272,0.0488,,0.4274888336658478,3.083048919226394e-05,0.701696317749276,4136307.0,447463,2.9479375000082655,3839.41015625,6086.0,1403.76904296875,6086.0,4909.0,7752.0,1834.0
2026-10-02T15:56:48+08:00,1273,0.0831,,0.73322594165802,3.0773606370875994e-05,0.702247965797821,4139561.0,447798,3.0785669999895617,3019.3525390625,5736.0,1403.767578125,5736.0,5259.0,6086.0,1834.0
2026-10-02T15:56:51+08:00,1274,0.012,,0.2741471529006958,3.071672354948806e-05,0.702799613846366,4143279.0,448428,3.4088427999959094,5641.1708984375,7902.0,1403.779296875,7902.0,2079.671875,5736.0,1836.0
2026-10-02T15:56:54+08:00,1275,0.093,,0.8012827038764954,3.065984072810011e-05,0.703351261894911,4146162.0,448704,3.036238800006686,2895.14892578125,5178.0,1403.7587890625,5178.0,5817.0,7902.0,1836.0
2026-10-02T15:56:57+08:00,1276,0.073,,0.7161363959312439,3.060295790671218e-05,0.7039029099434561,4149129.0,449062,2.9453050999873085,3344.728515625,4784.0,1403.76171875,4784.0,6211.0,5178.0,1834.0
2026-10-02T15:57:00+08:00,1277,0.0863,,0.8496755957603455,3.054607508532423e-05,0.7044545579920011,4151786.0,449357,2.899809800001094,2997.6552734375,3808.0,1403.75146484375,3808.0,7187.0,4784.0,1836.0
2026-10-02T15:57:03+08:00,1278,0.053,,0.7540823817253113,3.0489192263936294e-05,0.7050062060405461,4155016.0,449656,2.9828732999885688,3095.28369140625,5738.0,1403.76904296875,5738.0,5257.0,3808.0,1836.0
2026-10-02T15:57:06+08:00,1279,0.0838,,0.6176595091819763,3.043230944254835e-05,0.7055578540890911,4158094.0,450058,2.890636700001778,2964.4169921875,3308.0,1403.76318359375,3308.0,7687.0,5738.0,1836.0
2026-10-02T15:57:09+08:00,1280,0.059,,0.5884055495262146,3.0375426621160412e-05,0.7061095021376362,4161193.0,450390,3.020580299998983,3472.75390625,6882.0,1403.7646484375,6882.0,4113.0,3308.0,1836.0
2026-10-02T15:57:12+08:00,1281,0.034,,0.5650617480278015,3.0318543799772468e-05,0.7066611501861813,4164213.0,450686,2.916031600005226,3116.0927734375,5920.0,1403.76171875,5920.0,5075.0,6882.0,1834.0
2026-10-02T15:57:15+08:00,1282,0.0364,,0.4186025559902191,3.026166097838453e-05,0.7072127982347263,4167542.0,451058,2.950931999992463,3568.1982421875,3898.0,1403.767578125,3898.0,7097.0,5920.0,1834.0
2026-10-02T15:57:18+08:00,1283,0.2484,,1.1826231479644775,3.0204778156996587e-05,0.7077644462832713,4170983.0,451366,2.864374400000088,3589.7666015625,3918.0,1403.7734375,3918.0,7077.0,3898.0,1834.0
2026-10-02T15:57:21+08:00,1284,0.1206,,0.8737267851829529,3.014789533560865e-05,0.7083160943318163,4173805.0,451687,2.940045299998019,3022.6259765625,5266.0,1403.755859375,5266.0,5729.0,3918.0,1834.0
2026-10-02T15:57:24+08:00,1285,0.0553,,0.7161077857017517,3.0091012514220705e-05,0.7088677423803613,4177123.0,451983,2.91269860000466,3356.50537109375,4232.0,1403.76904296875,4232.0,6763.0,5266.0,1834.0
2026-10-02T15:57:27+08:00,1286,0.0888,,0.9023448824882507,3.0034129692832768e-05,0.7094193904289063,4180474.0,452272,3.1159318999998504,3289.9814453125,6552.0,1403.7705078125,6552.0,4443.0,4232.0,1834.0
2026-10-02T15:57:30+08:00,1287,0.1327,,0.9981042742729187,2.9977246871444824e-05,0.7099710384774514,4183480.0,452574,2.8865322999918135,2957.26123046875,4360.0,1403.76171875,4360.0,6635.0,6552.0,1836.0
2026-10-02T15:57:33+08:00,1288,0.0459,,0.5934789180755615,2.9920364050056883e-05,0.7105226865259964,4186541.0,452874,2.9557695999974385,3035.02294921875,5072.0,1403.76171875,5072.0,5923.0,4360.0,1834.0
2026-10-02T15:57:36+08:00,1289,0.0539,,0.6119532585144043,2.9863481228668942e-05,0.7110743345745414,4190075.0,453189,2.9465322000032756,3633.95947265625,3958.0,1403.77490234375,3958.0,7037.0,5072.0,1836.0
2026-10-02T15:57:38+08:00,1290,0.0441,,0.5641049742698669,2.9806598407281e-05,0.7116259826230865,4193396.0,453497,2.9421344000002136,3547.71142578125,5584.0,1403.76904296875,5584.0,5411.0,3958.0,1834.0
2026-10-02T15:57:41+08:00,1291,0.1101,,0.7207595109939575,2.974971558589306e-05,0.7121776306716315,4196581.0,453852,2.9010283000097843,3250.38671875,4344.0,1403.767578125,4344.0,6651.0,5584.0,1834.0
2026-10-02T15:57:44+08:00,1292,0.0567,,0.7836815714836121,2.969283276450512e-05,0.7127292787201766,4199861.0,454186,2.8604514000035124,3234.6025390625,4462.0,1403.767578125,4462.0,6533.0,4344.0,1834.0
2026-10-02T15:57:47+08:00,1293,0.1058,,0.844901442527771,2.963594994311718e-05,0.7132809267687216,4202889.0,454515,2.8105731999967247,3018.91650390625,3388.0,1403.76171875,3388.0,7607.0,4462.0,1834.0
2026-10-02T15:57:50+08:00,1294,0.0981,,1.1481964588165283,2.957906712172924e-05,0.7138325748172666,4206212.0,454830,2.974825500001316,3273.21826171875,4726.0,1403.767578125,4726.0,6269.0,3388.0,1834.0
2026-10-02T15:57:53+08:00,1295,0.007,,0.22254052758216858,2.9522184300341298e-05,0.7143842228658116,4209059.0,455102,2.817730599999777,2880.5390625,3800.0,1403.7587890625,3800.0,7195.0,4726.0,1836.0
2026-10-02T15:57:56+08:00,1296,0.0878,,0.8905864357948303,2.9465301478953357e-05,0.7149358709143566,4212237.0,455440,2.880594200003543,3305.2626953125,3658.0,1403.7646484375,3658.0,7337.0,3800.0,1834.0
2026-10-02T15:57:59+08:00,1297,0.0709,,0.7749211192131042,2.9408418657565416e-05,0.7154875189629016,4214931.0,455785,2.795205199989141,2907.5693359375,4130.0,1403.75732421875,4130.0,6865.0,3658.0,1834.0
2026-10-02T15:58:02+08:00,1298,0.0181,,0.40691807866096497,2.9351535836177476e-05,0.7160391670114467,4218625.0,456057,2.948283999998239,3428.79345703125,5580.0,1403.77783203125,5580.0,5415.0,4130.0,1834.0
2026-10-02T15:58:04+08:00,1299,0.0674,,0.605470597743988,2.9294653014789535e-05,0.7165908150599917,4221895.0,456381,2.829449700002442,3400.70166015625,5160.0,1403.76611328125,5160.0,5835.0,5580.0,1834.0
2026-10-02T15:58:07+08:00,1300,0.0712,,0.7366873025894165,2.9237770193401594e-05,0.7171424631085368,4225358.0,456734,3.056102500006091,4324.27392578125,5208.0,1403.77197265625,5208.0,5787.0,5160.0,1834.0
2026-10-02T16:00:32+08:00,1300,,0.11401450963131983,,,0.7171424631085368,,456734,,5406.4384765625,6724.0,1403.77197265625,1834.0,9161.0,,
2026-10-02T16:00:37+08:00,1301,0.0532,,0.7480073571205139,2.9180887372013653e-05,0.7176941111570818,4228044.0,457038,2.9727057999989484,2978.99169921875,4552.0,1403.75439453125,4552.0,6443.0,1834.0,1834.0
2026-10-02T16:00:41+08:00,1302,0.1222,,0.9569463729858398,2.9124004550625713e-05,0.7182457592056268,4230983.0,457371,3.022703900001943,3234.5361328125,3588.0,1403.76025390625,3588.0,7407.0,4552.0,1836.0
2026-10-02T16:00:43+08:00,1303,0.1299,,0.9282329082489014,2.9067121729237772e-05,0.7187974072541718,4233780.0,457692,2.7969917000009445,2998.4462890625,4880.0,1403.755859375,4880.0,6115.0,3588.0,1834.0
2026-10-02T16:00:46+08:00,1304,0.0231,,0.44747892022132874,2.901023890784983e-05,0.7193490553027169,4237070.0,458007,2.9629092999966815,3053.75927734375,5056.0,1403.7705078125,5056.0,5939.0,4880.0,1834.0
2026-10-02T16:00:49+08:00,1305,0.0721,,0.6804447770118713,2.895335608646189e-05,0.7199007033512619,4239802.0,458315,2.860626899986528,3008.2431640625,3378.0,1403.75732421875,3378.0,7617.0,5056.0,1836.0
2026-10-02T16:00:52+08:00,1306,0.032,,0.404594749212265,2.889647326507395e-05,0.7204523513998069,4243766.0,458749,3.0254814000072656,4490.4931640625,6800.0,1403.78515625,6800.0,4195.0,3378.0,1834.0
2026-10-02T16:00:55+08:00,1307,0.0367,,0.5347070693969727,2.883959044368601e-05,0.7210039994483519,4246992.0,459057,2.89281309999933,3137.7158203125,6008.0,1403.76611328125,6008.0,4987.0,6800.0,1836.0
2026-10-02T16:00:58+08:00,1308,0.0792,,0.6379959583282471,2.8782707622298065e-05,0.7215556474968969,4250204.0,459394,2.8354208000091603,2922.29931640625,3298.0,1403.76611328125,3298.0,7697.0,6008.0,1834.0
2026-10-02T16:01:01+08:00,1309,0.153,,1.0854583978652954,2.8725824800910127e-05,0.7221072955454421,4253849.0,459941,3.081852200004505,4335.12255859375,6738.0,1403.77490234375,6738.0,4257.0,3298.0,1834.0
2026-10-02T16:01:04+08:00,1310,0.0422,,0.5667927265167236,2.8668941979522183e-05,0.7226589435939871,4257059.0,460235,2.8333426999888616,3084.9658203125,6482.0,1403.76611328125,6482.0,4513.0,6738.0,1834.0
2026-10-02T16:01:07+08:00,1311,0.0939,,0.7664795517921448,2.8612059158134246e-05,0.7232105916425321,4260127.0,460568,2.9027938000072027,3202.3056640625,3558.0,1403.76171875,3558.0,7437.0,6482.0,1836.0
2026-10-02T16:01:10+08:00,1312,0.0104,,0.24084679782390594,2.85551763367463e-05,0.7237622396910771,4263182.0,460870,2.8256112999952165,2966.5810546875,5632.0,1403.76171875,5632.0,5363.0,3558.0,1834.0
2026-10-02T16:01:12+08:00,1313,0.057,,0.6722826361656189,2.8498293515358364e-05,0.7243138877396221,4266067.0,461153,2.8836720999970566,2848.66796875,5000.0,1403.7587890625,5000.0,5995.0,5632.0,1836.0
2026-10-02T16:01:15+08:00,1314,0.1122,,0.9055429100990295,2.844141069397042e-05,0.7248655357881671,4269320.0,461438,2.8160642000002554,3078.72509765625,5280.0,1403.767578125,5280.0,5715.0,5000.0,1836.0
2026-10-02T16:01:18+08:00,1315,0.1301,,0.8523603677749634,2.8384527872582483e-05,0.7254171838367122,4272705.0,461884,2.919063300010748,3030.47119140625,5244.0,1403.76904296875,5244.0,5751.0,5280.0,1834.0
2026-10-02T16:01:21+08:00,1316,0.0674,,0.7129361033439636,2.832764505119454e-05,0.7259688318852572,4276006.0,462215,2.805563499990967,3294.984375,6096.0,1403.767578125,6096.0,4899.0,5244.0,1836.0
2026-10-02T16:01:25+08:00,1317,0.3595,,0.804071307182312,2.82707622298066e-05,0.7265204799338022,4280705.0,462879,3.9025958999991417,7234.6201171875,8760.0,1403.80126953125,8760.0,1390.98046875,6096.0,1836.0
2026-10-02T16:01:28+08:00,1318,0.1746,,1.0201681852340698,2.8213879408418657e-05,0.7270721279823472,4284175.0,463206,2.8899723999929847,3536.98974609375,7174.0,1403.77197265625,7174.0,3821.0,8760.0,1834.0
2026-10-02T16:01:31+08:00,1319,0.1074,,0.7586853504180908,2.815699658703072e-05,0.7276237760308923,4287221.0,463568,2.923577399997157,3031.923828125,5096.0,1403.76025390625,5096.0,5899.0,7174.0,1836.0
2026-10-02T16:01:34+08:00,1320,0.0965,,0.8793849349021912,2.8100113765642776e-05,0.7281754240794374,4290351.0,463850,2.811643599998206,3095.279296875,4968.0,1403.7646484375,4968.0,6027.0,5096.0,1836.0
2026-10-02T16:01:36+08:00,1321,0.0816,,0.5750026702880859,2.8043230944254838e-05,0.7287270721279824,4293411.0,464309,2.8574844999966444,3273.2138671875,4558.0,1403.76318359375,4558.0,6437.0,4968.0,1836.0
2026-10-02T16:01:39+08:00,1322,0.0645,,0.7024363875389099,2.7986348122866894e-05,0.7292787201765274,4296737.0,464691,2.837192100007087,3234.60107421875,6200.0,1403.76611328125,6200.0,4795.0,4558.0,1834.0
2026-10-02T16:01:42+08:00,1323,0.0728,,0.7696619033813477,2.7929465301478953e-05,0.7298303682250724,4300258.0,464977,3.0547533000062685,4215.9462890625,5220.0,1403.77490234375,5220.0,5775.0,6200.0,1834.0
2026-10-02T16:01:45+08:00,1324,0.1346,,1.0436315536499023,2.7872582480091013e-05,0.7303820162736174,4303462.0,465207,2.915480800002115,3225.41552734375,4232.0,1403.76611328125,4232.0,6763.0,5220.0,1834.0
2026-10-02T16:01:49+08:00,1325,0.202,,0.5857492089271545,2.7815699658703072e-05,0.7309336643221624,4307679.0,465973,3.8410902000032365,7074.591796875,9072.0,1403.78955078125,9072.0,1110.79296875,4232.0,1834.0
2026-10-02T16:01:52+08:00,1326,0.0079,,0.2398838996887207,2.775881683731513e-05,0.7314853123707075,4310822.0,466260,2.85053360000893,2859.037109375,4236.0,1403.76611328125,4236.0,6759.0,9072.0,1834.0
2026-10-02T16:01:55+08:00,1327,0.0845,,0.7640177011489868,2.770193401592719e-05,0.7320369604192525,4313939.0,466567,2.8802402000001166,3224.19091796875,3840.0,1403.7646484375,3840.0,7155.0,4236.0,1834.0
2026-10-02T16:01:58+08:00,1328,0.1269,,0.988619863986969,2.764505119453925e-05,0.7325886084677975,4316994.0,466831,2.879541300004348,2954.64453125,7556.0,1403.76025390625,7556.0,3439.0,3840.0,1834.0
2026-10-02T16:02:01+08:00,1329,0.1159,,1.0286785364151,2.758816837315131e-05,0.7331402565163426,4320026.0,467092,2.9320085999934236,2922.7734375,4856.0,1403.76025390625,4856.0,6139.0,7556.0,1836.0
2026-10-02T16:02:04+08:00,1330,0.0592,,0.6537576913833618,2.7531285551763368e-05,0.7336919045648876,4322824.0,467396,2.863679299989599,3008.8095703125,4744.0,1403.75732421875,4744.0,6251.0,4856.0,1834.0
2026-10-02T16:02:06+08:00,1331,0.109,,0.8805413842201233,2.7474402730375427e-05,0.7342435526134327,4325794.0,467671,2.873538900006679,3197.3193359375,4968.0,1403.76025390625,4968.0,6027.0,4744.0,1834.0
2026-10-02T16:02:09+08:00,1332,0.2595,,1.0263229608535767,2.7417519908987487e-05,0.7347952006619777,4329474.0,468067,2.9105200999911176,3066.24951171875,5216.0,1403.7763671875,5216.0,5779.0,4968.0,1836.0
2026-10-02T16:02:12+08:00,1333,0.0518,,0.6819143295288086,2.7360637087599546e-05,0.7353468487105227,4332639.0,468351,2.9043447000003653,3282.54541015625,5904.0,1403.76611328125,5904.0,5091.0,5216.0,1834.0
2026-10-02T16:02:15+08:00,1334,0.2189,,0.9628231525421143,2.7303754266211605e-05,0.7358984967590677,4335781.0,468802,2.864804400000139,3266.62939453125,5700.0,1403.76611328125,5700.0,5295.0,5904.0,1834.0
2026-10-02T16:02:19+08:00,1335,0.2012,,0.5617602467536926,2.7246871444823664e-05,0.7364501448076127,4340336.0,469687,4.194558899995172,7576.9755859375,10938.0,1403.79541015625,10938.0,0.0,5700.0,1836.0
2026-10-02T16:02:22+08:00,1336,0.0834,,0.8251820802688599,2.7189988623435724e-05,0.7370017928561577,4343506.0,469983,2.8428375999938,2920.0,3222.0,1403.76611328125,3222.0,7773.0,10938.0,1834.0
2026-10-02T16:02:26+08:00,1337,0.216,,0.7390995621681213,2.7133105802047783e-05,0.7375534409047028,4348387.0,470519,3.503996900006314,5669.44482421875,7044.0,1403.8056640625,7044.0,3951.0,3222.0,1834.0
2026-10-02T16:02:28+08:00,1338,0.058,,0.5848369002342224,2.7076222980659842e-05,0.7381050889532478,4351636.0,470825,2.808235499993316,3030.03857421875,3398.0,1403.767578125,3398.0,7597.0,7044.0,1836.0
2026-10-02T16:02:31+08:00,1339,0.0876,,0.7480792999267578,2.70193401592719e-05,0.7386567370017929,4354393.0,471123,2.9058388999983435,2969.67724609375,4988.0,1403.755859375,4988.0,6007.0,3398.0,1834.0
2026-10-02T16:02:34+08:00,1340,0.129,,0.8949568867683411,2.696245733788396e-05,0.7392083850503379,4357737.0,471485,2.9428066999971634,3128.66259765625,5112.0,1403.767578125,5112.0,5883.0,4988.0,1834.0
2026-10-02T16:02:37+08:00,1341,0.0464,,0.5947976112365723,2.690557451649602e-05,0.7397600330988829,4361026.0,471845,2.83624580000469,3387.71484375,6184.0,1403.767578125,6184.0,4811.0,5112.0,1834.0
2026-10-02T16:02:40+08:00,1342,0.0612,,0.7330924868583679,2.684869169510808e-05,0.740311681147428,4363965.0,472123,2.930039899991243,3022.63037109375,5864.0,1403.76025390625,5864.0,5131.0,6184.0,1836.0
2026-10-02T16:02:43+08:00,1343,0.1133,,1.0303789377212524,2.6791808873720138e-05,0.740863329195973,4367120.0,472440,2.843894299992826,3072.857421875,6008.0,1403.7646484375,6008.0,4987.0,5864.0,1834.0
2026-10-02T16:02:46+08:00,1344,0.1176,,0.9050025343894958,2.6734926052332198e-05,0.741414977244518,4370144.0,472687,2.9179555000009714,2987.30224609375,3992.0,1403.76025390625,3992.0,7003.0,6008.0,1834.0
2026-10-02T16:02:49+08:00,1345,0.0564,,0.5585352778434753,2.6678043230944257e-05,0.741966625293063,4373096.0,473022,2.9175590999948326,3122.41455078125,5016.0,1403.76171875,5016.0,5979.0,3992.0,1834.0
2026-10-02T16:02:52+08:00,1346,0.0771,,0.6361067295074463,2.6621160409556316e-05,0.742518273341608,4376791.0,473356,2.9555678000033367,3419.3681640625,6488.0,1403.7763671875,6488.0,4507.0,5016.0,1834.0
2026-10-02T16:02:55+08:00,1347,0.0117,,0.3211234211921692,2.6564277588168375e-05,0.743069921390153,4380218.0,473686,2.869978800008539,3672.55322265625,5616.0,1403.77197265625,5616.0,5379.0,6488.0,1834.0
2026-10-02T16:02:58+08:00,1348,0.0622,,0.6896021366119385,2.6507394766780435e-05,0.7436215694386981,4383137.0,473982,2.88326029999007,3041.26611328125,3388.0,1403.76171875,3388.0,7607.0,5616.0,1834.0
2026-10-02T16:03:00+08:00,1349,0.1197,,0.8866057395935059,2.6450511945392494e-05,0.7441732174872432,4385689.0,474294,2.8170790000003763,2688.5703125,3928.0,1403.75146484375,3928.0,7067.0,3388.0,1834.0
2026-10-02T16:03:03+08:00,1350,0.1438,,0.8731431365013123,2.6393629124004553e-05,0.7447248655357882,4389172.0,474669,2.903529300005175,3164.0810546875,3528.0,1403.77197265625,3528.0,7467.0,3928.0,1836.0
2026-10-02T16:03:06+08:00,1351,0.0177,,0.3154013156890869,2.6336746302616612e-05,0.7452765135843332,4392356.0,474990,2.807711499990546,2913.7890625,3784.0,1403.76611328125,3784.0,7211.0,3528.0,1834.0
2026-10-02T16:03:10+08:00,1352,0.2896,,0.7308664321899414,2.627986348122867e-05,0.7458281616328782,4396487.0,475707,3.613675800006604,6293.26416015625,7298.0,1403.7880859375,7298.0,3697.0,3784.0,1836.0
2026-10-02T16:03:13+08:00,1353,0.1263,,0.8866873383522034,2.6222980659840727e-05,0.7463798096814233,4399782.0,475986,2.8378957999957493,3321.888671875,5120.0,1403.767578125,5120.0,5875.0,7298.0,1834.0
2026-10-02T16:03:15+08:00,1354,0.1739,,1.0038660764694214,2.616609783845279e-05,0.7469314577299683,4402634.0,476302,2.897029300002032,2907.5693359375,4084.0,1403.75732421875,4084.0,6911.0,5120.0,1834.0
2026-10-02T16:03:18+08:00,1355,0.031,,0.5117984414100647,2.6109215017064846e-05,0.7474831057785133,4405689.0,476635,2.83994679999887,3273.2138671875,4666.0,1403.76318359375,4666.0,6329.0,4084.0,1834.0
2026-10-02T16:03:21+08:00,1356,0.1215,,0.7284289598464966,2.605233219567691e-05,0.7480347538270583,4409144.0,477066,2.8928553000005195,3109.9404296875,4960.0,1403.77197265625,4960.0,6035.0,4666.0,1834.0
2026-10-02T16:03:24+08:00,1357,0.0798,,0.7507750391960144,2.5995449374288964e-05,0.7485864018756033,4412400.0,477405,2.82058970000071,3572.09326171875,5004.0,1403.76611328125,5004.0,5991.0,4960.0,1834.0
2026-10-02T16:03:27+08:00,1358,0.0086,,0.3415687084197998,2.5938566552901024e-05,0.7491380499241483,4415285.0,477719,2.8857941000023857,3119.28955078125,5664.0,1403.75732421875,5664.0,5331.0,5004.0,1836.0
2026-10-02T16:03:30+08:00,1359,0.042,,0.7745890617370605,2.5881683731513083e-05,0.7496896979726935,4418318.0,478037,2.8180670000001555,2869.396484375,4088.0,1403.7646484375,4088.0,6907.0,5664.0,1834.0
2026-10-02T16:03:33+08:00,1360,0.1319,,0.9472916722297668,2.5824800910125142e-05,0.7502413460212385,4421348.0,478318,2.8938095000048634,2966.5810546875,4520.0,1403.76171875,4520.0,6475.0,4088.0,1836.0
2026-10-02T16:03:35+08:00,1361,0.0961,,0.7563132047653198,2.57679180887372e-05,0.7507929940697835,4424292.0,478625,2.7953865000017686,2966.57958984375,4986.0,1403.76025390625,4986.0,6009.0,4520.0,1836.0
2026-10-02T16:03:38+08:00,1362,0.1061,,0.868787944316864,2.571103526734926e-05,0.7513446421183285,4427197.0,478987,2.8623752999992575,3219.166015625,4016.0,1403.7587890625,4016.0,6979.0,4986.0,1834.0
2026-10-02T16:03:41+08:00,1363,0.1263,,0.9136117100715637,2.565415244596132e-05,0.7518962901668735,4430012.0,479335,2.824385200001416,3044.3818359375,6096.0,1403.755859375,6096.0,4899.0,4016.0,1836.0
2026-10-02T16:03:44+08:00,1364,0.0666,,0.8118396401405334,2.559726962457338e-05,0.7524479382154186,4432886.0,479632,2.881717300013406,2750.998046875,4798.0,1403.75732421875,4798.0,6197.0,6096.0,1836.0
2026-10-02T16:03:47+08:00,1365,0.0867,,0.9237809181213379,2.554038680318544e-05,0.7529995862639636,4436020.0,479926,2.8935934000037378,2987.30517578125,5354.0,1403.76318359375,5354.0,5641.0,4798.0,1836.0
2026-10-02T16:03:50+08:00,1366,0.0272,,0.4042607545852661,2.5483503981797498e-05,0.7535512343125086,4439078.0,480270,2.889056799991522,3364.3125,6752.0,1403.76171875,6752.0,4243.0,5354.0,1836.0
2026-10-02T16:03:53+08:00,1367,0.3046,,1.053560733795166,2.5426621160409557e-05,0.7541028823610536,4442977.0,480619,3.077917000002344,4270.6904296875,5988.0,1403.7822265625,5988.0,5007.0,6752.0,1836.0
2026-10-02T16:03:56+08:00,1368,0.1128,,0.9588999152183533,2.5369738339021616e-05,0.7546545304095986,4445939.0,480922,2.975242199987406,3044.38623046875,6608.0,1403.76025390625,6608.0,4387.0,5988.0,1836.0
2026-10-02T16:03:59+08:00,1369,0.0114,,0.29409143328666687,2.5312855517633675e-05,0.7552061784581438,4449222.0,481204,2.9120668999967165,3483.18115234375,6278.0,1403.76904296875,6278.0,4717.0,6608.0,1836.0
2026-10-02T16:04:02+08:00,1370,0.0657,,0.8054179549217224,2.5255972696245735e-05,0.7557578265066888,4451972.0,481505,2.8562898999953177,2916.8837890625,5236.0,1403.755859375,5236.0,5759.0,6278.0,1834.0
2026-10-02T16:04:05+08:00,1371,0.0527,,0.4860244691371918,2.5199089874857794e-05,0.7563094745552338,4455246.0,481921,2.8820327000139514,2936.4404296875,3318.0,1403.76904296875,3318.0,7677.0,5236.0,1834.0
2026-10-02T16:04:07+08:00,1372,0.0651,,0.6557021141052246,2.5142207053469853e-05,0.7568611226037788,4458201.0,482434,2.8498140000010608,3774.25048828125,5722.0,1403.76025390625,5722.0,5273.0,3318.0,1836.0
2026-10-02T16:04:10+08:00,1373,0.0531,,0.5856072902679443,2.5085324232081912e-05,0.7574127706523238,4461147.0,482752,2.9728448999958346,3022.63037109375,5648.0,1403.76025390625,5648.0,5347.0,5722.0,1834.0
2026-10-02T16:04:14+08:00,1374,0.1046,,0.6196861267089844,2.502844141069397e-05,0.7579644187008688,4465136.0,483193,3.226125300003332,3725.35986328125,5122.0,1403.78515625,5122.0,5873.0,5648.0,1836.0
2026-10-02T16:04:17+08:00,1375,0.0792,,0.7255950570106506,2.497155858930603e-05,0.7585160667494139,4468107.0,483519,3.2291550999943865,2902.05078125,4560.0,1403.76025390625,4560.0,6435.0,5122.0,1834.0
2026-10-02T16:04:20+08:00,1376,0.0246,,0.4363354742527008,2.491467576791809e-05,0.7590677147979589,4471221.0,483791,3.63870969999698,3429.72412109375,5272.0,1403.76318359375,5272.0,5723.0,4560.0,1834.0
2026-10-02T16:04:24+08:00,1377,0.0484,,0.5232837200164795,2.485779294653015e-05,0.7596193628465039,4474526.0,484157,3.5209451999980956,3806.33447265625,4704.0,1403.76904296875,4704.0,6291.0,5272.0,1834.0
2026-10-02T16:04:27+08:00,1378,0.1071,,1.1732805967330933,2.480091012514221e-05,0.7601710108950489,4477144.0,484477,3.3037981999950716,3020.11767578125,4864.0,1403.7529296875,4864.0,6131.0,4704.0,1834.0
2026-10-02T16:04:30+08:00,1379,0.0614,,0.6490397453308105,2.4744027303754268e-05,0.760722658943594,4480197.0,484797,3.192835499998182,3257.02099609375,5594.0,1403.76318359375,5594.0,5401.0,4864.0,1834.0
2026-10-02T16:04:34+08:00,1380,0.1931,,0.6899774670600891,2.4687144482366327e-05,0.761274306992139,4484981.0,485390,3.9032123000069987,7062.1376953125,9754.0,1403.80419921875,9754.0,570.54296875,5594.0,1836.0
2026-10-02T16:04:37+08:00,1381,0.0296,,0.4369548261165619,2.4630261660978386e-05,0.7618259550406841,4487947.0,485671,3.0258585000119638,2982.10205078125,4112.0,1403.7587890625,4112.0,6883.0,9754.0,1836.0
2026-10-02T16:04:41+08:00,1382,0.0804,,0.7571291923522949,2.4573378839590446e-05,0.7623776030892291,4490841.0,486055,3.0989474000089103,3062.44287109375,4162.0,1403.7587890625,4162.0,6833.0,4112.0,1836.0
2026-10-02T16:04:44+08:00,1383,0.0647,,0.7316891551017761,2.4516496018202505e-05,0.7629292511377741,4493672.0,486324,3.015205000003334,2978.99462890625,5496.0,1403.75732421875,5496.0,5499.0,4162.0,1834.0
2026-10-02T16:04:47+08:00,1384,0.0962,,0.6953699588775635,2.4459613196814564e-05,0.7634808991863191,4496913.0,486729,2.9843642999912845,3206.6904296875,5380.0,1403.767578125,5380.0,5615.0,5496.0,1834.0
2026-10-02T16:04:50+08:00,1385,0.0878,,0.7049218416213989,2.4402730375426623e-05,0.7640325472348641,4500056.0,487088,3.1660038999980316,3051.2392578125,4518.0,1403.76611328125,4518.0,6477.0,5380.0,1836.0
2026-10-02T16:04:53+08:00,1386,0.1629,,1.0961381196975708,2.4345847554038683e-05,0.7645841952834092,4503446.0,487399,3.278204599992023,3247.26806640625,7392.0,1403.7705078125,7392.0,3603.0,4518.0,1834.0
2026-10-02T16:04:56+08:00,1387,0.067,,0.6451530456542969,2.4288964732650742e-05,0.7651358433319542,4506476.0,487739,3.4520060999930138,2820.62109375,3832.0,1403.76318359375,3832.0,7163.0,7392.0,1834.0
2026-10-02T16:04:59+08:00,1388,0.0496,,0.5663747787475586,2.42320819112628e-05,0.7656874913804993,4509499.0,488058,2.952188399998704,3052.03955078125,4258.0,1403.76318359375,4258.0,6737.0,3832.0,1834.0
2026-10-02T16:05:03+08:00,1389,0.0314,,0.4959130883216858,2.417519908987486e-05,0.7662391394290443,4512712.0,488445,3.142121099997894,3278.814453125,5328.0,1403.767578125,5328.0,5667.0,4258.0,1836.0
2026-10-02T16:05:06+08:00,1390,0.1357,,0.8448790907859802,2.411831626848692e-05,0.7667907874775893,4516060.0,488846,2.9942529999971157,4076.07568359375,5138.0,1403.7705078125,5138.0,5857.0,5328.0,1836.0
2026-10-02T16:05:09+08:00,1391,0.0756,,0.8249905109405518,2.406143344709898e-05,0.7673424355261343,4519338.0,489085,3.405353499998455,3008.8212890625,4104.0,1403.76904296875,4104.0,6891.0,5138.0,1836.0
2026-10-02T16:05:12+08:00,1392,0.1272,,0.9357152581214905,2.4004550625711038e-05,0.7678940835746794,4522884.0,489413,3.173689999995986,4963.88232421875,6328.0,1403.7734375,6328.0,4667.0,4104.0,1834.0
2026-10-02T16:05:15+08:00,1393,0.1133,,0.8030358552932739,2.3947667804323097e-05,0.7684457316232244,4526001.0,489770,2.9320645999978296,3514.40234375,3848.0,1403.7646484375,3848.0,7147.0,6328.0,1836.0
2026-10-02T16:05:18+08:00,1394,0.0456,,0.5457938313484192,2.3890784982935157e-05,0.7689973796717694,4529462.0,490142,3.0892384000035236,3212.98583984375,5424.0,1403.7705078125,5424.0,5571.0,3848.0,1834.0
2026-10-02T16:05:21+08:00,1395,0.1241,,0.7403522729873657,2.3833902161547216e-05,0.7695490277203144,4532761.0,490570,3.078455299997586,3326.07958984375,6432.0,1403.76904296875,6432.0,4563.0,5424.0,1834.0
2026-10-02T16:05:24+08:00,1396,0.103,,0.7720664143562317,2.3777019340159275e-05,0.7701006757688594,4535925.0,490916,2.9732481999963056,3294.98291015625,4984.0,1403.76611328125,4984.0,6011.0,6432.0,1836.0
2026-10-02T16:05:27+08:00,1397,0.0469,,0.8113013505935669,2.3720136518771334e-05,0.7706523238174044,4539104.0,491187,3.091860100001213,3266.62939453125,6078.0,1403.76611328125,6078.0,4917.0,4984.0,1836.0
2026-10-02T16:05:30+08:00,1398,0.0831,,0.7988699674606323,2.366325369738339e-05,0.7712039718659496,4542202.0,491489,2.9260777000017697,3162.99072265625,5336.0,1403.76318359375,5336.0,5659.0,6078.0,1834.0
2026-10-02T16:05:33+08:00,1399,0.0684,,0.6624851822853088,2.360637087599545e-05,0.7717556199144946,4545239.0,491906,2.9578233000065666,3483.7236328125,5340.0,1403.7646484375,5340.0,5655.0,5336.0,1836.0
2026-10-02T16:05:36+08:00,1400,0.2039,,0.838554322719574,2.354948805460751e-05,0.7723072679630396,4548965.0,492354,3.173785599996336,4861.6171875,7532.0,1403.77783203125,7532.0,3463.0,5340.0,1834.0
2026-10-02T16:07:55+08:00,1400,,0.1122612254394324,,,0.7723072679630396,,492354,,5406.4443359375,7532.0,1403.77783203125,1834.0,9161.0,,
2026-10-02T16:08:01+08:00,1401,0.0735,,0.7402979731559753,2.3492605233219568e-05,0.7728589160115846,4552223.0,492672,3.0506362000014633,3075.60302734375,4582.0,1403.76611328125,4582.0,6413.0,1834.0,1834.0
2026-10-02T16:08:04+08:00,1402,0.0876,,0.9599770903587341,2.3435722411831627e-05,0.7734105640601296,4555574.0,492935,2.9605452999967383,3363.5166015625,5568.0,1403.76904296875,5568.0,5427.0,4582.0,1836.0
2026-10-02T16:08:08+08:00,1403,0.1684,,0.6502857804298401,2.3378839590443686e-05,0.7739622121086747,4560858.0,493682,3.9995530000014696,7651.591796875,10508.0,1403.814453125,10508.0,0.0,5568.0,1836.0
2026-10-02T16:08:11+08:00,1404,0.2083,,1.1397618055343628,2.3321956769055746e-05,0.7745138601572197,4564210.0,494016,3.124218800003291,4022.34521484375,7738.0,1403.767578125,7738.0,3257.0,10508.0,1834.0
2026-10-02T16:08:14+08:00,1405,0.0904,,0.9218087792396545,2.3265073947667805e-05,0.7750655082057647,4567372.0,494285,2.9011098999908427,3257.02392578125,6304.0,1403.76611328125,6304.0,4691.0,7738.0,1834.0
2026-10-02T16:08:17+08:00,1406,0.0959,,0.9638713002204895,2.3208191126279864e-05,0.7756171562543097,4570778.0,494626,3.016998200007947,3100.5791015625,5408.0,1403.7734375,5408.0,5587.0,6304.0,1836.0
2026-10-02T16:08:20+08:00,1407,0.0658,,0.6949853897094727,2.3151308304891923e-05,0.7761688043028547,4574230.0,494959,2.968434000009438,3454.30078125,7584.0,1403.7705078125,7584.0,3411.0,5408.0,1834.0
2026-10-02T16:08:23+08:00,1408,0.0712,,0.758134126663208,2.3094425483503983e-05,0.7767204523513999,4577189.0,495265,2.893031900006463,3228.5302734375,4640.0,1403.76025390625,4640.0,6355.0,7584.0,1834.0
2026-10-02T16:08:26+08:00,1409,0.0359,,0.47002944350242615,2.3037542662116042e-05,0.7772721003999449,4581481.0,495838,3.1707670999894617,5120.37744140625,7248.0,1403.79248046875,7248.0,3747.0,4640.0,1836.0
2026-10-02T16:08:29+08:00,1410,0.0387,,0.6937885880470276,2.29806598407281e-05,0.7778237484484899,4584955.0,496073,2.896814399995492,3454.30224609375,4738.0,1403.77197265625,4738.0,6257.0,7248.0,1834.0
2026-10-02T16:08:32+08:00,1411,0.0968,,0.8624663352966309,2.292377701934016e-05,0.7783753964970349,4587978.0,496403,2.840708599993377,3278.5068359375,3628.0,1403.76318359375,3628.0,7367.0,4738.0,1836.0
2026-10-02T16:08:35+08:00,1412,0.1258,,0.6759068965911865,2.286689419795222e-05,0.7789270445455799,4592185.0,496855,3.1873925999971107,4485.91162109375,5758.0,1403.78955078125,5758.0,5237.0,3628.0,1834.0
2026-10-02T16:08:38+08:00,1413,0.0847,,0.6540870666503906,2.281001137656428e-05,0.7794786925941249,4595454.0,497316,2.8085812000063015,3407.8759765625,3758.0,1403.767578125,3758.0,7237.0,5758.0,1834.0
2026-10-02T16:08:40+08:00,1414,0.0714,,0.6038739085197449,2.2753128555176338e-05,0.78003034064267,4598955.0,497602,2.8701701999962097,3225.42138671875,4864.0,1403.77197265625,4864.0,6131.0,3758.0,1834.0
2026-10-02T16:08:43+08:00,1415,0.0555,,0.8417398929595947,2.2696245733788397e-05,0.780581988691215,4601544.0,497886,2.804488900001161,2642.06591796875,4416.0,1403.7529296875,4416.0,6579.0,4864.0,1834.0
2026-10-02T16:08:46+08:00,1416,0.0788,,0.621433675289154,2.2639362912400457e-05,0.78113363673976,4605712.0,498270,3.1915310000040336,4938.92822265625,7180.0,1403.7880859375,7180.0,3815.0,4416.0,1834.0
2026-10-02T16:08:49+08:00,1417,0.0847,,0.8130615949630737,2.2582480091012516e-05,0.781685284788305,4609058.0,498674,2.8478693999932148,3250.38818359375,7368.0,1403.76904296875,7368.0,3627.0,7180.0,1834.0
2026-10-02T16:08:52+08:00,1418,0.1282,,0.8175630569458008,2.2525597269624575e-05,0.7822369328368501,4612514.0,498964,2.9028454999934183,3354.59375,5504.0,1403.77197265625,5504.0,5491.0,7368.0,1834.0
2026-10-02T16:08:55+08:00,1419,0.1026,,0.9864175319671631,2.2468714448236634e-05,0.7827885808853952,4615099.0,499259,2.8125158000038937,2732.26708984375,5052.0,1403.7529296875,5052.0,5943.0,5504.0,1836.0
2026-10-02T16:08:58+08:00,1420,0.1618,,1.1555079221725464,2.2411831626848694e-05,0.7833402289339402,4618766.0,499568,2.9006382999941707,3216.060546875,5264.0,1403.77490234375,5264.0,5731.0,5052.0,1836.0
2026-10-02T16:09:01+08:00,1421,0.1699,,0.9893422722816467,2.2354948805460753e-05,0.7838918769824852,4621611.0,499891,2.8234713999991072,2976.93701171875,5416.0,1403.755859375,5416.0,5579.0,5264.0,1834.0
2026-10-02T16:09:04+08:00,1422,0.0663,,0.8331336379051208,2.2298065984072812e-05,0.7844435250310302,4624684.0,500141,2.893796799995471,3094.474609375,5336.0,1403.76318359375,5336.0,5659.0,5416.0,1834.0
2026-10-02T16:09:06+08:00,1423,0.0624,,0.7800351977348328,2.224118316268487e-05,0.7849951730795752,4627521.0,500464,2.788903599997866,2820.61376953125,3136.0,1403.755859375,3136.0,7859.0,5336.0,1834.0
2026-10-02T16:09:09+08:00,1424,0.0652,,0.8614488840103149,2.218430034129693e-05,0.7855468211281202,4630868.0,500708,2.899154600003385,3282.54833984375,4692.0,1403.76904296875,4692.0,6303.0,3136.0,1834.0
2026-10-02T16:09:12+08:00,1425,0.1498,,0.9340665340423584,2.212741751990899e-05,0.7860984691766653,4634373.0,501072,2.788647099994705,3335.41015625,3658.0,1403.77197265625,3658.0,7337.0,4692.0,1834.0
2026-10-02T16:09:15+08:00,1426,0.1261,,0.8912517428398132,2.207053469852105e-05,0.7866501172252103,4637351.0,501404,2.9656041999987792,3141.1396484375,3872.0,1403.76025390625,3872.0,7123.0,3658.0,1834.0
2026-10-02T16:09:18+08:00,1427,0.0145,,0.281746506690979,2.201365187713311e-05,0.7872017652737553,4640517.0,501736,2.921007199998712,2976.947265625,5912.0,1403.76611328125,5912.0,5083.0,3872.0,1834.0
2026-10-02T16:09:21+08:00,1428,0.0509,,0.5313253402709961,2.1956769055745168e-05,0.7877534133223004,4643887.0,502199,2.9208542000124,3569.44189453125,8432.0,1403.76904296875,8432.0,1782.73046875,5912.0,1834.0
2026-10-02T16:09:24+08:00,1429,0.1425,,1.1703137159347534,2.1899886234357227e-05,0.7883050613708454,4646921.0,502520,2.8191202000016347,3117.380859375,4800.0,1403.76318359375,4800.0,6195.0,8432.0,1834.0
2026-10-02T16:09:27+08:00,1430,0.0147,,0.2912202775478363,2.1843003412969286e-05,0.7888567094193905,4650474.0,502776,2.932679699995788,3206.6962890625,4848.0,1403.7734375,4848.0,6147.0,4800.0,1836.0
2026-10-02T16:09:30+08:00,1431,0.0739,,0.6734210848808289,2.1786120591581345e-05,0.7894083574679355,4653353.0,503070,2.867810700001428,3151.58349609375,3518.0,1403.7587890625,3518.0,7477.0,4848.0,1834.0
2026-10-02T16:09:32+08:00,1432,0.1826,,1.1747310161590576,2.1729237770193405e-05,0.7899600055164805,4655920.0,503409,2.7871346000029007,2760.56689453125,4036.0,1403.75,4036.0,6959.0,3518.0,1834.0
2026-10-02T16:09:35+08:00,1433,0.0417,,0.48960012197494507,2.1672354948805464e-05,0.7905116535650255,4658800.0,503718,2.860281000001123,3368.97802734375,4040.0,1403.75732421875,4040.0,6955.0,4036.0,1834.0
2026-10-02T16:09:38+08:00,1434,0.0473,,0.6537426114082336,2.1615472127417523e-05,0.7910633016135705,4662208.0,504075,2.89029219999793,3937.9052734375,6608.0,1403.7705078125,6608.0,4387.0,4040.0,1834.0
2026-10-02T16:09:41+08:00,1435,0.1403,,0.8102019429206848,2.1558589306029582e-05,0.7916149496621155,4665737.0,504527,2.937221200001659,3691.18896484375,5904.0,1403.77490234375,5904.0,5091.0,6608.0,1834.0
2026-10-02T16:09:44+08:00,1436,0.0688,,0.6434069275856018,2.150170648464164e-05,0.7921665977106606,4668675.0,504838,2.8205065000074683,3172.34912109375,4650.0,1403.7587890625,4650.0,6345.0,5904.0,1834.0
2026-10-02T16:09:47+08:00,1437,0.0881,,0.5927677154541016,2.14448236632537e-05,0.7927182457592056,4672097.0,505193,2.937917000002926,3722.24072265625,5150.0,1403.77197265625,5150.0,5845.0,4650.0,1836.0
2026-10-02T16:09:50+08:00,1438,0.0767,,0.8575977683067322,2.138794084186576e-05,0.7932698938077507,4675336.0,505487,2.852353199996287,3226.2607421875,4872.0,1403.767578125,4872.0,6123.0,5150.0,1834.0
2026-10-02T16:09:53+08:00,1439,0.0324,,0.46702840924263,2.133105802047782e-05,0.7938215418562957,4678929.0,505802,2.949442800003453,3785.09375,6978.0,1403.7734375,6978.0,4017.0,4872.0,1834.0
2026-10-02T16:09:56+08:00,1440,0.0594,,0.5296725630760193,2.127417519908988e-05,0.7943731899048407,4681987.0,506090,2.8353891000006115,3063.2490234375,4256.0,1403.76171875,4256.0,6739.0,6978.0,1834.0
2026-10-02T16:09:58+08:00,1441,0.0889,,0.8822571635246277,2.1217292377701938e-05,0.7949248379533858,4684920.0,506383,2.888738099994953,2970.58984375,3348.0,1403.7587890625,3348.0,7647.0,4256.0,1834.0
2026-10-02T16:10:01+08:00,1442,0.1225,,0.8915929794311523,2.1160409556313997e-05,0.7954764860019308,4688338.0,506694,2.8150099999911617,3237.90673828125,4136.0,1403.77197265625,4136.0,6859.0,3348.0,1834.0
2026-10-02T16:10:04+08:00,1443,0.076,,0.7590559124946594,2.1103526734926053e-05,0.7960281340504758,4691169.0,506987,2.89096220000647,3220.111328125,4928.0,1403.7587890625,4928.0,6067.0,4136.0,1836.0
2026-10-02T16:10:07+08:00,1444,0.1297,,0.9209192991256714,2.1046643913538112e-05,0.7965797820990208,4694385.0,507309,2.843543700000737,3203.5673828125,4346.0,1403.76611328125,4346.0,6649.0,4928.0,1834.0
2026-10-02T16:10:10+08:00,1445,0.1539,,0.9965496063232422,2.098976109215017e-05,0.7971314301475658,4697419.0,507666,2.9694246999861207,3031.92236328125,5204.0,1403.7587890625,5204.0,5791.0,4346.0,1834.0
2026-10-02T16:10:13+08:00,1446,0.1078,,1.027482032775879,2.093287827076223e-05,0.7976830781961108,4700287.0,507953,3.2800975999998627,3120.37109375,3488.0,1403.75732421875,3488.0,7507.0,5204.0,1834.0
2026-10-02T16:10:16+08:00,1447,0.0215,,0.462308406829834,2.087599544937429e-05,0.7982347262446559,4703530.0,508251,3.2238153999933274,3010.05810546875,4984.0,1403.76611328125,4984.0,6011.0,3488.0,1834.0
2026-10-02T16:10:20+08:00,1448,0.0958,,0.7692322731018066,2.081911262798635e-05,0.798786374293201,4706509.0,508546,3.0543807999929413,3035.021484375,3904.0,1403.76025390625,3904.0,7091.0,4984.0,1836.0
2026-10-02T16:10:23+08:00,1449,0.0871,,0.733363151550293,2.076222980659841e-05,0.799338022341746,4709303.0,508871,3.0615961000003153,2988.31005859375,3760.0,1403.755859375,3760.0,7235.0,3904.0,1834.0
2026-10-02T16:10:26+08:00,1450,0.1781,,0.6800103783607483,2.0705346985210468e-05,0.799889670390291,4713285.0,509517,3.4239053999917815,5312.96337890625,6122.0,1403.78369140625,6122.0,4873.0,3760.0,1834.0
2026-10-02T16:10:29+08:00,1451,0.0995,,1.0050071477890015,2.0648464163822527e-05,0.800441318438836,4715893.0,509764,3.467067200006568,2933.9130859375,3992.0,1403.75146484375,3992.0,7003.0,6122.0,1834.0
2026-10-02T16:10:33+08:00,1452,0.0494,,0.45409172773361206,2.0591581342434586e-05,0.800992966487381,4719306.0,510140,3.2538651999930153,3647.7080078125,5724.0,1403.7705078125,5724.0,5271.0,3992.0,1834.0
2026-10-02T16:10:36+08:00,1453,0.1426,,1.0143276453018188,2.0534698521046645e-05,0.8015446145359261,4722666.0,510477,3.474096700010705,3720.7333984375,5180.0,1403.7705078125,5180.0,5815.0,5724.0,1834.0
2026-10-02T16:10:39+08:00,1454,0.0202,,0.3035821318626404,2.0477815699658705e-05,0.8020962625844711,4726054.0,510851,3.1963442999986,3441.95703125,5216.0,1403.7705078125,5216.0,5779.0,5180.0,1834.0
2026-10-02T16:10:43+08:00,1455,0.4019,,1.0423345565795898,2.0420932878270764e-05,0.8026479106330161,4730201.0,511338,3.537030599996797,5035.68408203125,6738.0,1403.7880859375,6738.0,4257.0,5216.0,1834.0
2026-10-02T16:10:46+08:00,1456,0.0207,,0.3984988033771515,2.0364050056882823e-05,0.8031995586815611,4733181.0,511673,3.2030421999952523,3148.11865234375,4344.0,1403.76025390625,4344.0,6651.0,6738.0,1834.0
2026-10-02T16:10:49+08:00,1457,0.0193,,0.36210277676582336,2.0307167235494882e-05,0.8037512067301061,4736307.0,511953,3.0442279999988386,3041.630859375,4520.0,1403.76318359375,4520.0,6475.0,4344.0,1834.0
2026-10-02T16:10:52+08:00,1458,0.078,,0.738826334476471,2.025028441410694e-05,0.8043028547786513,4739576.0,512312,3.078840799993486,3536.9853515625,5154.0,1403.767578125,5154.0,5841.0,4520.0,1834.0
2026-10-02T16:10:56+08:00,1459,0.0576,,0.7583943009376526,2.0193401592719e-05,0.8048545028271963,4742749.0,512581,3.224290400001337,2998.45654296875,5890.0,1403.76611328125,5890.0,5105.0,5154.0,1836.0
2026-10-02T16:10:59+08:00,1460,0.1533,,0.5447603464126587,2.013651877133106e-05,0.8054061508757413,4747030.0,513294,3.539204400003655,5551.17236328125,7650.0,1403.791015625,7650.0,3345.0,5890.0,1836.0
2026-10-02T16:11:02+08:00,1461,0.0061,,0.19046048820018768,2.007963594994312e-05,0.8059577989242863,4750467.0,513556,3.3951201000018045,3488.248046875,6750.0,1403.77197265625,6750.0,4245.0,7650.0,1836.0
2026-10-02T16:11:06+08:00,1462,0.1623,,0.9781202673912048,2.002275312855518e-05,0.8065094469728313,4753419.0,513863,3.4176456999994116,3273.2109375,4304.0,1403.76025390625,4304.0,6691.0,6750.0,1834.0
2026-10-02T16:11:09+08:00,1463,0.2221,,1.165773868560791,1.9965870307167238e-05,0.8070610950213764,4756554.0,514128,3.0987081000057515,2991.42236328125,3912.0,1403.76318359375,3912.0,7083.0,4304.0,1834.0
2026-10-02T16:11:12+08:00,1464,0.0309,,0.5295471549034119,1.9908987485779297e-05,0.8076127430699214,4760293.0,514428,3.0393556999915745,3270.12109375,7086.0,1403.779296875,7086.0,3909.0,3912.0,1834.0
2026-10-02T16:11:15+08:00,1465,0.0529,,0.5988997220993042,1.9852104664391356e-05,0.8081643911184664,4763000.0,514764,3.16862470000342,2696.09765625,3052.0,1403.755859375,3052.0,7943.0,7086.0,1834.0
2026-10-02T16:11:18+08:00,1466,0.0179,,0.3672512471675873,1.9795221843003416e-05,0.8087160391670114,4766020.0,515097,3.00052180000057,2883.6396484375,3252.0,1403.76171875,3252.0,7743.0,3052.0,1834.0
2026-10-02T16:11:21+08:00,1467,0.0177,,0.40312424302101135,1.9738339021615475e-05,0.8092676872155565,4769305.0,515421,2.9783162999956403,3105.69140625,6064.0,1403.76904296875,6064.0,4931.0,3252.0,1834.0
2026-10-02T16:11:24+08:00,1468,0.115,,0.8013138175010681,1.9681456200227534e-05,0.8098193352641015,4772467.0,515758,2.9121249000017997,3310.7216796875,4912.0,1403.7646484375,4912.0,6083.0,6064.0,1834.0
2026-10-02T16:11:27+08:00,1469,0.1255,,0.89543217420578,1.9624573378839593e-05,0.8103709833126466,4775443.0,516103,3.0547800000058487,2901.26318359375,5024.0,1403.76025390625,5024.0,5971.0,4912.0,1834.0
2026-10-02T16:11:30+08:00,1470,0.1364,,1.0033504962921143,1.9567690557451653e-05,0.8109226313611916,4779180.0,516422,2.9241466999956174,3304.32373046875,7064.0,1403.779296875,7064.0,3931.0,5024.0,1836.0
2026-10-02T16:11:33+08:00,1471,0.1065,,0.9636013507843018,1.9510807736063712e-05,0.8114742794097366,4782154.0,516667,3.0059522000083234,2882.7314453125,5408.0,1403.76318359375,5408.0,5587.0,7064.0,1834.0
2026-10-02T16:11:36+08:00,1472,0.1957,,1.054186224937439,1.945392491467577e-05,0.8120259274582816,4785633.0,516985,2.892463200012571,3291.88037109375,6424.0,1403.7734375,6424.0,4571.0,5408.0,1834.0
2026-10-02T16:11:40+08:00,1473,0.2197,,0.6368188858032227,1.939704209328783e-05,0.8125775755068266,4790528.0,517704,3.885314600003767,5897.12841796875,10288.0,1403.8056640625,10288.0,0.0,6424.0,1834.0
2026-10-02T16:11:43+08:00,1474,0.1712,,1.2260221242904663,1.934015927189989e-05,0.8131292235553716,4793714.0,518044,2.970662199993967,3084.06982421875,5928.0,1403.76611328125,5928.0,5067.0,10288.0,1834.0
2026-10-02T16:11:46+08:00,1475,0.1381,,0.9977995753288269,1.928327645051195e-05,0.8136808716039167,4796760.0,518388,2.902723599996534,3310.71875,5320.0,1403.76171875,5320.0,5675.0,5928.0,1836.0
2026-10-02T16:11:49+08:00,1476,0.051,,0.5736085176467896,1.9226393629124008e-05,0.8142325196524617,4800104.0,518702,3.0136453000013717,3126.95703125,3488.0,1403.76904296875,3488.0,7507.0,5320.0,1836.0
2026-10-02T16:11:52+08:00,1477,0.0654,,0.5907244682312012,1.9169510807736067e-05,0.8147841677010068,4803347.0,518995,2.8985691999987466,2969.68896484375,5064.0,1403.767578125,5064.0,5931.0,3488.0,1834.0
2026-10-02T16:11:55+08:00,1478,0.0986,,0.7531920671463013,1.9112627986348127e-05,0.8153358157495518,4806518.0,519411,3.075183699998888,4129.798828125,6856.0,1403.76611328125,6856.0,4139.0,5064.0,1836.0
2026-10-02T16:11:58+08:00,1479,0.0865,,0.8485941886901855,1.9055745164960186e-05,0.8158874637980968,4809516.0,519736,2.909077200005413,2998.4521484375,5984.0,1403.76171875,5984.0,5011.0,6856.0,1834.0
2026-10-02T16:12:01+08:00,1480,0.104,,0.7336450219154358,1.899886234357224e-05,0.8164391118466419,4812495.0,520047,2.9660481000028085,3234.59521484375,5304.0,1403.76025390625,5304.0,5691.0,5984.0,1836.0
2026-10-02T16:12:04+08:00,1481,0.1245,,1.0796127319335938,1.89419795221843e-05,0.8169907598951869,4815206.0,520345,2.858239400011371,2933.91748046875,4016.0,1403.755859375,4016.0,6979.0,5304.0,1834.0
2026-10-02T16:12:07+08:00,1482,0.1389,,0.9104849696159363,1.888509670079636e-05,0.8175424079437319,4818599.0,520669,2.978342000002158,3580.1123046875,5622.0,1403.7705078125,5622.0,5373.0,4016.0,1836.0
2026-10-02T16:12:09+08:00,1483,0.0391,,0.6112862825393677,1.882821387940842e-05,0.8180940559922769,4821562.0,521013,2.9140857000020333,3289.97119140625,4714.0,1403.76025390625,4714.0,6281.0,5622.0,1836.0
2026-10-02T16:12:12+08:00,1484,0.1303,,1.1494946479797363,1.877133105802048e-05,0.8186457040408219,4824658.0,521296,2.9271378999983426,3172.353515625,4624.0,1403.76318359375,4624.0,6371.0,4714.0,1834.0
2026-10-02T16:12:15+08:00,1485,0.042,,0.5265968441963196,1.8714448236632538e-05,0.819197352089367,4827832.0,521653,2.8990503000095487,3304.310546875,4848.0,1403.76611328125,4848.0,6147.0,4624.0,1834.0
2026-10-02T16:12:18+08:00,1486,0.0662,,0.5759941339492798,1.8657565415244597e-05,0.819749000137912,4831384.0,521962,2.9543527999921935,3191.3701171875,6764.0,1403.7734375,6764.0,4231.0,4848.0,1834.0
2026-10-02T16:12:21+08:00,1487,0.0734,,0.6852582693099976,1.8600682593856656e-05,0.8203006481864571,4835042.0,522333,2.988760199994431,3257.0341796875,5936.0,1403.7763671875,5936.0,5059.0,6764.0,1834.0
2026-10-02T16:12:24+08:00,1488,0.0292,,0.4233117401599884,1.8543799772468716e-05,0.8208522962350021,4838316.0,522734,3.0660816000017803,3311.484375,3668.0,1403.767578125,3668.0,7327.0,5936.0,1836.0
2026-10-02T16:12:28+08:00,1489,0.5063,,1.294620156288147,1.8486916951080775e-05,0.8214039442835471,4842882.0,523267,3.4948846000042977,5885.0576171875,8688.0,1403.796875,8688.0,1301.51171875,3668.0,1834.0
2026-10-02T16:12:31+08:00,1490,0.1143,,0.9509439468383789,1.8430034129692834e-05,0.8219555923320921,4845959.0,523590,3.161486499986495,3066.2392578125,5350.0,1403.76611328125,5350.0,5645.0,8688.0,1834.0
2026-10-02T16:12:34+08:00,1491,0.1288,,0.673624575138092,1.8373151308304893e-05,0.8225072403806372,4849464.0,524006,2.9288775000022724,3169.7490234375,4192.0,1403.77197265625,4192.0,6803.0,5350.0,1836.0
2026-10-02T16:12:37+08:00,1492,0.1671,,0.970943033695221,1.8316268486916953e-05,0.8230588884291822,4852813.0,524505,2.955041599998367,3224.19384765625,5152.0,1403.767578125,5152.0,5843.0,4192.0,1836.0
2026-10-02T16:12:40+08:00,1493,0.1135,,1.206089973449707,1.8259385665529012e-05,0.8236105364777272,4855798.0,524861,2.8634326000028523,2840.16162109375,3180.0,1403.76025390625,3180.0,7815.0,5152.0,1834.0
2026-10-02T16:12:43+08:00,1494,0.0874,,0.6065744757652283,1.820250284414107e-05,0.8241621845262722,4859276.0,525317,3.1321932999999262,4346.85400390625,8414.0,1403.77197265625,8414.0,1669.671875,3180.0,1836.0
2026-10-02T16:12:46+08:00,1495,0.176,,0.9749909043312073,1.814562002275313e-05,0.8247138325748172,4862506.0,525665,2.8630653000000166,2976.947265625,5166.0,1403.76611328125,5166.0,5829.0,8414.0,1834.0
2026-10-02T16:12:49+08:00,1496,0.1522,,1.093361735343933,1.808873720136519e-05,0.8252654806233622,4865167.0,525984,2.9055373999872245,3322.955078125,4398.0,1403.75439453125,4398.0,6597.0,5166.0,1836.0
2026-10-02T16:12:51+08:00,1497,0.0471,,0.6434547901153564,1.803185437997725e-05,0.8258171286719074,4868285.0,526280,2.8281413999939105,3066.2392578125,5434.0,1403.76611328125,5434.0,5561.0,4398.0,1834.0
2026-10-02T16:12:54+08:00,1498,0.0219,,0.38766351342201233,1.7974971558589308e-05,0.8263687767204524,4871824.0,526649,2.987823900009971,4054.5458984375,6278.0,1403.77490234375,6278.0,4717.0,5434.0,1836.0
2026-10-02T16:12:57+08:00,1499,0.1135,,0.9068673849105835,1.7918088737201367e-05,0.8269204247689974,4875328.0,526926,2.812822200008668,3040.71337890625,3408.0,1403.7734375,3408.0,7587.0,6278.0,1834.0
2026-10-02T16:13:00+08:00,1500,0.1193,,0.8653068542480469,1.7861205915813427e-05,0.8274720728175424,4878378.0,527248,2.875772799990955,3072.93603515625,3438.0,1403.7646484375,3438.0,7557.0,3408.0,1834.0
2026-10-02T16:15:20+08:00,1500,,0.1103074124689319,,,0.8274720728175424,,527248,,5406.43115234375,6724.0,1403.7646484375,1834.0,9161.0,,
2026-10-02T16:15:26+08:00,1501,0.1462,,1.024960994720459,1.7804323094425486e-05,0.8280237208660874,4881544.0,527554,2.9683015000046,3354.58642578125,4016.0,1403.7646484375,4016.0,6979.0,1834.0,1834.0
2026-10-02T16:15:28+08:00,1502,0.02,,0.3822784721851349,1.7747440273037545e-05,0.8285753689146325,4885174.0,527892,2.8946351000049617,3731.52392578125,6858.0,1403.77490234375,6858.0,4137.0,4016.0,1834.0
2026-10-02T16:15:31+08:00,1503,0.0356,,0.556617259979248,1.7690557451649604e-05,0.8291270169631775,4888088.0,528147,2.817385299989837,2788.45263671875,3728.0,1403.7587890625,3728.0,7267.0,6858.0,1836.0
2026-10-02T16:15:34+08:00,1504,0.1267,,0.8036729693412781,1.7633674630261664e-05,0.8296786650117225,4891511.0,528585,2.872852699991199,3212.984375,5626.0,1403.76904296875,5626.0,5369.0,3728.0,1836.0
2026-10-02T16:15:37+08:00,1505,0.0521,,0.6399003863334656,1.7576791808873723e-05,0.8302303130602675,4895022.0,528901,2.9166005000006407,3235.40966796875,5176.0,1403.77197265625,5176.0,5819.0,5626.0,1836.0
2026-10-02T16:15:40+08:00,1506,0.095,,0.9437764286994934,1.7519908987485782e-05,0.8307819611088125,4898227.0,529199,2.8288701999990735,3100.5703125,5856.0,1403.7646484375,5856.0,5139.0,5176.0,1836.0
2026-10-02T16:15:43+08:00,1507,0.1252,,1.0162383317947388,1.746302616609784e-05,0.8313336091573577,4901289.0,529500,2.950959800000419,2997.423828125,3368.0,1403.76171875,3368.0,7627.0,5856.0,1834.0
2026-10-02T16:15:46+08:00,1508,0.0765,,0.8139895796775818,1.74061433447099e-05,0.8318852572059027,4904361.0,529840,2.9112980000063544,2957.2626953125,3308.0,1403.76318359375,3308.0,7687.0,3368.0,1836.0
2026-10-02T16:15:49+08:00,1509,0.0521,,0.7309814095497131,1.734926052332196e-05,0.8324369052544477,4907440.0,530116,2.943043699997361,3148.923828125,6600.0,1403.76318359375,6600.0,4395.0,3308.0,1836.0
2026-10-02T16:15:51+08:00,1510,0.0066,,0.17996126413345337,1.729237770193402e-05,0.8329885533029927,4910410.0,530404,2.8002741999953287,2912.4130859375,4168.0,1403.76171875,4168.0,6827.0,6600.0,1836.0
2026-10-02T16:15:54+08:00,1511,0.0455,,0.648935079574585,1.723549488054608e-05,0.8335402013515377,4913370.0,530749,2.8909733000036795,2976.15234375,6220.0,1403.7587890625,6220.0,4775.0,4168.0,1834.0
2026-10-02T16:15:57+08:00,1512,0.0801,,0.7589429020881653,1.7178612059158138e-05,0.8340918494000827,4915678.0,531072,2.845598500003689,2771.7734375,4272.0,1403.74560546875,4272.0,6723.0,6220.0,1836.0
2026-10-02T16:16:00+08:00,1513,0.0429,,0.5036545991897583,1.7121729237770197e-05,0.8346434974486278,4919352.0,531447,3.066754800005583,4134.29443359375,8858.0,1403.7763671875,8858.0,1229.23046875,4272.0,1834.0
2026-10-02T16:16:03+08:00,1514,0.035,,0.41424238681793213,1.7064846416382256e-05,0.8351951454971728,4922775.0,531843,2.918298300006427,3962.8427734375,5828.0,1403.7705078125,5828.0,5167.0,8858.0,1834.0
2026-10-02T16:16:06+08:00,1515,0.0687,,0.766124963760376,1.7007963594994315e-05,0.8357467935457178,4926074.0,532157,2.9224829000013415,3073.6640625,5392.0,1403.76904296875,5392.0,5603.0,5828.0,1834.0
2026-10-02T16:16:09+08:00,1516,0.0855,,0.7812464237213135,1.695108077360637e-05,0.8362984415942628,4929822.0,532816,3.0548271000006935,4453.748046875,7040.0,1403.779296875,7040.0,3955.0,5392.0,1834.0
2026-10-02T16:16:12+08:00,1517,0.0317,,0.49750447273254395,1.689419795221843e-05,0.8368500896428079,4932961.0,533121,3.2308411999983946,3151.58935546875,3518.0,1403.7646484375,3518.0,7477.0,7040.0,1834.0
2026-10-02T16:16:16+08:00,1518,0.2449,,0.71290522813797,1.683731513083049e-05,0.837401737691353,4937040.0,533722,3.6754038999933982,5389.3388671875,7312.0,1403.78515625,7312.0,3683.0,3518.0,1834.0
2026-10-02T16:16:20+08:00,1519,0.0848,,0.8966064453125,1.678043230944255e-05,0.837953385739898,4940563.0,533990,3.3824509999976726,3202.5810546875,5368.0,1403.7734375,5368.0,5627.0,7312.0,1836.0
2026-10-02T16:16:23+08:00,1520,0.1902,,1.2494062185287476,1.6723549488054608e-05,0.838505033788443,4943263.0,534270,3.376183200001833,2631.654296875,3512.0,1403.75146484375,3512.0,7483.0,5368.0,1834.0
2026-10-02T16:16:26+08:00,1521,0.0842,,0.776967465877533,1.6666666666666667e-05,0.839056681836988,4946296.0,534603,3.4034606000059284,3213.9130859375,4736.0,1403.76025390625,4736.0,6259.0,3512.0,1834.0
2026-10-02T16:16:29+08:00,1522,0.0856,,0.904620349407196,1.6609783845278727e-05,0.839608329885533,4949065.0,534869,3.01330729998881,2935.51806640625,5640.0,1403.75732421875,5640.0,5355.0,4736.0,1834.0
2026-10-02T16:16:33+08:00,1523,0.0407,,0.40926697850227356,1.6552901023890786e-05,0.840159977934078,4952372.0,535235,3.2028768000018317,3569.216796875,4964.0,1403.767578125,4964.0,6031.0,5640.0,1836.0
2026-10-02T16:16:36+08:00,1524,0.0951,,0.7319732308387756,1.6496018202502845e-05,0.8407116259826231,4955041.0,535619,3.603256100002909,3202.560546875,4460.0,1403.7529296875,4460.0,6535.0,4964.0,1834.0
2026-10-02T16:16:40+08:00,1525,0.0388,,0.4654305875301361,1.6439135381114904e-05,0.8412632740311681,4958244.0,535938,3.3866850000049453,3159.33544921875,4256.0,1403.76611328125,4256.0,6739.0,4460.0,1834.0
2026-10-02T16:16:42+08:00,1526,0.0103,,0.3069491982460022,1.6382252559726964e-05,0.8418149220797131,4961199.0,536206,2.937901299999794,2988.314453125,5186.0,1403.76025390625,5186.0,5809.0,4256.0,1836.0
2026-10-02T16:16:46+08:00,1527,0.0721,,0.6555841565132141,1.6325369738339023e-05,0.8423665701282582,4964775.0,536650,3.075175899997703,3148.93701171875,5400.0,1403.7763671875,5400.0,5595.0,5186.0,1834.0
2026-10-02T16:16:50+08:00,1528,0.5671,,1.0503039360046387,1.6268486916951082e-05,0.8429182181768032,4969113.0,537259,4.205842499999562,7512.05517578125,9788.0,1403.79248046875,9788.0,536.54296875,5400.0,1834.0
2026-10-02T16:16:53+08:00,1529,0.0951,,0.8838991522789001,1.621160409556314e-05,0.8434698662253483,4972288.0,537532,3.269440999996732,3041.6337890625,3888.0,1403.76611328125,3888.0,7107.0,9788.0,1834.0
2026-10-02T16:16:56+08:00,1530,0.1354,,0.7985848188400269,1.61547212741752e-05,0.8440215142738933,4975988.0,537921,3.3541863999998895,3580.11962890625,7870.0,1403.77783203125,7870.0,3125.0,3888.0,1836.0
2026-10-02T16:16:59+08:00,1531,0.0544,,0.7585113644599915,1.609783845278726e-05,0.8445731623224383,4978951.0,538268,3.026712900013081,3169.7373046875,5172.0,1403.76025390625,5172.0,5823.0,7870.0,1836.0
2026-10-02T16:17:02+08:00,1532,0.0457,,0.576679527759552,1.604095563139932e-05,0.8451248103709833,4982158.0,538566,3.0539276000054087,3304.310546875,5184.0,1403.76611328125,5184.0,5811.0,5172.0,1834.0
2026-10-02T16:17:06+08:00,1533,0.2514,,0.6869255304336548,1.598407281001138e-05,0.8456764584195283,4986733.0,539256,3.6720075999910478,6326.5244140625,9202.0,1403.79833984375,9202.0,1012.609375,5184.0,1834.0
2026-10-02T16:17:09+08:00,1534,0.1084,,0.7672203183174133,1.5927189988623438e-05,0.8462281064680733,4989472.0,539655,3.263986699996167,2760.57275390625,5520.0,1403.755859375,5520.0,5475.0,9202.0,1834.0
2026-10-02T16:17:12+08:00,1535,0.0496,,0.5114014148712158,1.5870307167235497e-05,0.8467797545166184,4991978.0,540022,2.979249099997105,2706.93701171875,3880.0,1403.75146484375,3880.0,7115.0,5520.0,1834.0
2026-10-02T16:17:15+08:00,1536,0.0911,,0.66450035572052,1.5813424345847556e-05,0.8473314025651634,4994796.0,540408,3.0477167000062764,2848.66796875,5068.0,1403.7587890625,5068.0,5927.0,3880.0,1834.0
2026-10-02T16:17:18+08:00,1537,0.0416,,0.6198601126670837,1.5756541524459615e-05,0.8478830506137085,4997674.0,540693,2.8959608000004664,3035.0185546875,4478.0,1403.75732421875,4478.0,6517.0,5068.0,1834.0
2026-10-02T16:17:21+08:00,1538,0.0725,,0.7577722072601318,1.5699658703071675e-05,0.8484346986622535,5000972.0,541055,2.9838891999970656,3075.60595703125,4374.0,1403.76904296875,4374.0,6621.0,4478.0,1836.0
2026-10-02T16:17:25+08:00,1539,0.03,,0.47373735904693604,1.5642775881683734e-05,0.8489863467107985,5004294.0,541386,3.1517198999936227,3289.18994140625,4264.0,1403.7705078125,4264.0,6731.0,4374.0,1836.0
2026-10-02T16:17:28+08:00,1540,0.0746,,0.7496471405029297,1.5585893060295793e-05,0.8495379947593436,5007387.0,541681,2.9876093000057153,2880.544921875,4824.0,1403.7646484375,4824.0,6171.0,4264.0,1836.0
2026-10-02T16:17:30+08:00,1541,0.0701,,0.7905330657958984,1.5529010238907852e-05,0.8500896428078886,5010204.0,542023,2.9152903000067454,3095.27197265625,5616.0,1403.75732421875,5616.0,5379.0,4824.0,1836.0
2026-10-02T16:17:33+08:00,1542,0.2054,,1.087659239768982,1.547212741751991e-05,0.8506412908564336,5013035.0,542332,2.943126199999824,3008.46728515625,3378.0,1403.7587890625,3378.0,7617.0,5616.0,1834.0
2026-10-02T16:17:36+08:00,1543,0.0214,,0.38119205832481384,1.541524459613197e-05,0.8511929389049786,5015696.0,542646,3.084318199995323,2858.23779296875,3568.0,1403.75439453125,3568.0,7427.0,3378.0,1834.0
2026-10-02T16:17:39+08:00,1544,0.083,,0.877689778804779,1.535836177474403e-05,0.8517445869535236,5018471.0,542932,2.998840800006292,3020.12060546875,5402.0,1403.755859375,5402.0,5593.0,3568.0,1834.0
2026-10-02T16:17:42+08:00,1545,0.2379,,1.067712664604187,1.530147895335609e-05,0.8522962350020686,5021993.0,543264,2.8349980999919353,3213.7919921875,4024.0,1403.7734375,4024.0,6971.0,5402.0,1836.0
2026-10-02T16:17:45+08:00,1546,0.1329,,1.0827460289001465,1.5244596131968147e-05,0.8528478830506137,5024898.0,543572,2.888853799988283,2870.306640625,5616.0,1403.76025390625,5616.0,5379.0,4024.0,1834.0
2026-10-02T16:17:48+08:00,1547,0.0418,,0.553092360496521,1.5187713310580206e-05,0.8533995310991588,5028196.0,543923,2.812472000005073,3131.78564453125,4302.0,1403.76904296875,4302.0,6693.0,5616.0,1836.0
2026-10-02T16:17:51+08:00,1548,0.1301,,1.1152690649032593,1.5130830489192265e-05,0.8539511791477038,5031299.0,544207,2.9172083999874303,3020.1279296875,5350.0,1403.76318359375,5350.0,5645.0,4302.0,1836.0
2026-10-02T16:17:54+08:00,1549,0.0537,,0.7519807815551758,1.5073947667804325e-05,0.8545028271962488,5034421.0,544503,2.943411799991736,3216.048828125,7136.0,1403.76318359375,7136.0,3859.0,5350.0,1834.0
2026-10-02T16:17:57+08:00,1550,0.0433,,0.5744367241859436,1.5017064846416384e-05,0.8550544752447938,5037263.0,544830,2.933867100000498,3137.70703125,4460.0,1403.75732421875,4460.0,6535.0,7136.0,1834.0
2026-10-02T16:18:00+08:00,1551,0.0451,,0.5356085896492004,1.4960182025028442e-05,0.8556061232933388,5040302.0,545121,2.7962972999957856,2988.31591796875,4048.0,1403.76171875,4048.0,6947.0,4460.0,1834.0
2026-10-02T16:18:03+08:00,1552,0.0593,,0.5431511402130127,1.49032992036405e-05,0.8561577713418839,5043437.0,545521,3.074699299992062,4259.8271484375,5102.0,1403.7646484375,5102.0,5893.0,4048.0,1834.0
2026-10-02T16:18:06+08:00,1553,0.0755,,0.7113805413246155,1.484641638225256e-05,0.8567094193904289,5046461.0,545928,2.8208350000059,2955.06591796875,3282.0,1403.76171875,3282.0,7713.0,5102.0,1834.0
2026-10-02T16:18:08+08:00,1554,0.1885,,1.0333905220031738,1.478953356086462e-05,0.8572610674389739,5049944.0,546255,2.917861499998253,3216.0576171875,5416.0,1403.77197265625,5416.0,5579.0,3282.0,1834.0
2026-10-02T16:18:12+08:00,1555,0.0752,,0.7262104153633118,1.4732650739476679e-05,0.8578127154875189,5053155.0,546637,3.044009900011588,4465.72705078125,5780.0,1403.76904296875,5780.0,5215.0,5416.0,1834.0
2026-10-02T16:18:14+08:00,1556,0.0996,,0.6901190280914307,1.4675767918088738e-05,0.858364363536064,5056639.0,546976,2.8711561000091024,3153.63720703125,4482.0,1403.7734375,4482.0,6513.0,5780.0,1836.0
2026-10-02T16:18:17+08:00,1557,0.1289,,0.8404110670089722,1.4618885096700797e-05,0.8589160115846091,5060213.0,547294,2.838175400000182,3462.41845703125,6728.0,1403.77490234375,6728.0,4267.0,4482.0,1836.0
2026-10-02T16:18:20+08:00,1558,0.0511,,0.6689808368682861,1.4562002275312856e-05,0.8594676596331541,5063062.0,547605,2.9533182000013767,3094.47021484375,4206.0,1403.7587890625,4206.0,6789.0,6728.0,1836.0
2026-10-02T16:18:23+08:00,1559,0.0467,,0.7697692513465881,1.4505119453924915e-05,0.8600193076816991,5066397.0,547906,2.8407823000015924,3052.04541015625,4320.0,1403.76904296875,4320.0,6675.0,4206.0,1834.0
2026-10-02T16:18:26+08:00,1560,0.0747,,0.6800921559333801,1.4448236632536975e-05,0.8605709557302441,5069242.0,548268,2.856389099993976,3192.15771484375,5064.0,1403.7587890625,5064.0,5931.0,4320.0,1834.0
2026-10-02T16:18:29+08:00,1561,0.0817,,0.6718969345092773,1.4391353811149032e-05,0.8611226037787891,5072677.0,548647,2.81683919999341,3051.24365234375,5312.0,1403.7705078125,5312.0,5683.0,5064.0,1834.0
2026-10-02T16:18:32+08:00,1562,0.0305,,0.4779908061027527,1.4334470989761092e-05,0.8616742518273341,5075956.0,548934,2.976030999998329,3075.60595703125,5360.0,1403.76904296875,5360.0,5635.0,5312.0,1834.0
2026-10-02T16:18:34+08:00,1563,0.0142,,0.24062195420265198,1.427758816837315e-05,0.8622258998758792,5079182.0,549208,2.792709900008049,3094.4775390625,4046.0,1403.76611328125,4046.0,6949.0,5360.0,1834.0
2026-10-02T16:18:37+08:00,1564,0.0522,,0.5540979504585266,1.422070534698521e-05,0.8627775479244242,5082253.0,549575,2.9097265000018524,2938.6298828125,4254.0,1403.76318359375,4254.0,6741.0,4046.0,1836.0
2026-10-02T16:18:40+08:00,1565,0.1045,,1.0095502138137817,1.416382252559727e-05,0.8633291959729692,5085568.0,549875,2.866829199992935,3386.12451171875,6920.0,1403.767578125,6920.0,4075.0,4254.0,1834.0
2026-10-02T16:18:43+08:00,1566,0.0681,,0.6219504475593567,1.4106939704209329e-05,0.8638808440215143,5088971.0,550176,2.902971699993941,3257.0361328125,3608.0,1403.77197265625,3608.0,7387.0,6920.0,1834.0
2026-10-02T16:18:47+08:00,1567,0.2753,,0.794882595539093,1.4050056882821388e-05,0.8644324920700593,5094363.0,550796,3.867807199989329,6788.77490234375,7984.0,1403.81591796875,7984.0,3011.0,3608.0,1834.0
2026-10-02T16:18:50+08:00,1568,0.0183,,0.34517353773117065,1.3993174061433447e-05,0.8649841401186044,5097768.0,551065,2.8518282000004547,3267.4375,5364.0,1403.77197265625,5364.0,5631.0,7984.0,1834.0
2026-10-02T16:18:53+08:00,1569,0.0813,,0.7598400115966797,1.3936291240045506e-05,0.8655357881671494,5100780.0,551355,2.895024299999932,2763.48681640625,3720.0,1403.76171875,3720.0,7275.0,5364.0,1836.0
2026-10-02T16:18:56+08:00,1570,0.0845,,0.6577118635177612,1.3879408418657566e-05,0.8660874362156944,5103667.0,551718,2.789216100005433,2766.6044921875,3942.0,1403.7587890625,3942.0,7053.0,3720.0,1834.0
2026-10-02T16:18:59+08:00,1571,0.0387,,0.5608459711074829,1.3822525597269625e-05,0.8666390842642394,5106787.0,552102,3.1948555999988457,4496.669921875,5970.0,1403.7646484375,5970.0,5025.0,3942.0,1836.0
2026-10-02T16:19:02+08:00,1572,0.0152,,0.3077045679092407,1.3765642775881684e-05,0.8671907323127844,5110264.0,552372,2.882526700006565,3456.67919921875,4802.0,1403.7734375,4802.0,6193.0,5970.0,1836.0
2026-10-02T16:19:05+08:00,1573,0.3936,,0.6959373354911804,1.3708759954493743e-05,0.8677423803613294,5114177.0,553326,3.542164099999354,6081.625,9320.0,1403.7822265625,9320.0,767.23046875,4802.0,1834.0
2026-10-02T16:19:08+08:00,1574,0.037,,0.5119754672050476,1.3651877133105803e-05,0.8682940284098745,5117825.0,553664,2.8507821999955922,3497.103515625,5318.0,1403.7763671875,5318.0,5677.0,9320.0,1836.0
2026-10-02T16:19:11+08:00,1575,0.0706,,0.5450775623321533,1.3594994311717862e-05,0.8688456764584195,5121218.0,554055,2.893883199998527,3213.7890625,4288.0,1403.7705078125,4288.0,6707.0,5318.0,1834.0
2026-10-02T16:19:14+08:00,1576,0.0379,,0.42934244871139526,1.3538111490329921e-05,0.8693973245069646,5124313.0,554469,2.818175699998392,2837.52197265625,4080.0,1403.76171875,4080.0,6915.0,4288.0,1834.0
2026-10-02T16:19:17+08:00,1577,0.0668,,0.5966906547546387,1.348122866894198e-05,0.8699489725555096,5127576.0,554894,2.9206293000024743,3645.75,5802.0,1403.767578125,5802.0,5193.0,4080.0,1834.0
2026-10-02T16:19:20+08:00,1578,0.0518,,0.5398964881896973,1.342434584755404e-05,0.8705006206040546,5130303.0,555209,2.8095824999909382,3041.62353515625,4712.0,1403.755859375,4712.0,6283.0,5802.0,1834.0
2026-10-02T16:19:22+08:00,1579,0.084,,0.8394715189933777,1.3367463026166099e-05,0.8710522686525997,5133941.0,555466,2.8869285000109812,3310.7333984375,7320.0,1403.7763671875,7320.0,3675.0,4712.0,1836.0
2026-10-02T16:19:25+08:00,1580,0.1318,,1.0268529653549194,1.3310580204778158e-05,0.8716039167011447,5136915.0,555746,2.8283654999977443,3294.978515625,5120.0,1403.76171875,5120.0,5875.0,7320.0,1836.0
2026-10-02T16:19:28+08:00,1581,0.0883,,0.609673261642456,1.3253697383390217e-05,0.8721555647496897,5139796.0,556149,2.828326000002562,2748.94140625,3110.0,1403.755859375,3110.0,7885.0,5120.0,1834.0
2026-10-02T16:19:31+08:00,1582,0.065,,0.7831276059150696,1.3196814562002277e-05,0.8727072127982347,5142626.0,556437,2.799547000002349,3030.4580078125,4344.0,1403.755859375,4344.0,6651.0,3110.0,1834.0
2026-10-02T16:19:34+08:00,1583,0.0947,,0.7325308918952942,1.3139931740614336e-05,0.8732588608467797,5145180.0,556844,2.9124268000014126,2892.03564453125,5648.0,1403.75146484375,5648.0,5347.0,4344.0,1834.0
2026-10-02T16:19:37+08:00,1584,0.0673,,0.5639525055885315,1.3083048919226395e-05,0.8738105088953247,5148538.0,557233,2.8493576000037137,3172.359375,8072.0,1403.76904296875,8072.0,2923.0,5648.0,1834.0
2026-10-02T16:19:40+08:00,1585,0.0195,,0.4893551170825958,1.3026166097838454e-05,0.8743621569438698,5152031.0,557471,2.8897099000023445,3224.1982421875,5514.0,1403.77197265625,5514.0,5481.0,8072.0,1834.0
2026-10-02T16:19:42+08:00,1586,0.1135,,0.7818598747253418,1.2969283276450512e-05,0.8749138049924149,5155441.0,557819,2.826789500002633,3228.54052734375,3810.0,1403.7705078125,3810.0,7185.0,5514.0,1834.0
2026-10-02T16:19:45+08:00,1587,0.099,,0.7256338000297546,1.2912400455062571e-05,0.8754654530409599,5159325.0,558181,2.9947065000014845,3796.7822265625,6328.0,1403.7822265625,6328.0,4667.0,3810.0,1834.0
2026-10-02T16:19:48+08:00,1588,0.1357,,1.0069669485092163,1.285551763367463e-05,0.8760171010895049,5161964.0,558492,2.8636974999972153,3030.45361328125,5448.0,1403.75146484375,5448.0,5547.0,6328.0,1836.0
2026-10-02T16:19:51+08:00,1589,0.0882,,0.7520902156829834,1.279863481228669e-05,0.8765687491380499,5165606.0,558920,2.96923699999752,3904.0244140625,5954.0,1403.77783203125,5954.0,5041.0,5448.0,1834.0
2026-10-02T16:19:54+08:00,1590,0.1231,,0.9511518478393555,1.2741751990898749e-05,0.877120397186595,5168617.0,559296,2.8472997000062605,3044.3876953125,5712.0,1403.76171875,5712.0,5283.0,5954.0,1834.0
2026-10-02T16:19:57+08:00,1591,0.0567,,0.6517815589904785,1.2684869169510808e-05,0.87767204523514,5172549.0,559684,3.116490199987311,4528.6455078125,9162.0,1403.7822265625,9162.0,1052.73046875,5712.0,1834.0
2026-10-02T16:20:00+08:00,1592,0.0734,,0.5807533860206604,1.2627986348122867e-05,0.878223693283685,5176027.0,560019,2.828845199997886,3031.93701171875,4510.0,1403.7734375,4510.0,6485.0,9162.0,1834.0
2026-10-02T16:20:03+08:00,1593,0.2345,,1.0179420709609985,1.2571103526734927e-05,0.87877534133223,5179771.0,560341,3.121690600004513,4162.22314453125,5234.0,1403.779296875,5234.0,5761.0,4510.0,1836.0
2026-10-02T16:20:06+08:00,1594,0.0595,,0.6433907747268677,1.2514220705346986e-05,0.879326989380775,5182903.0,560719,2.8712153999949805,3358.12158203125,3708.0,1403.7646484375,3708.0,7287.0,5234.0,1834.0
2026-10-02T16:20:09+08:00,1595,0.0934,,0.7273198366165161,1.2457337883959045e-05,0.87987863742932,5185452.0,561014,2.8606615000026068,2526.2734375,2902.0,1403.7529296875,2902.0,8093.0,3708.0,1834.0
2026-10-02T16:20:12+08:00,1596,0.1553,,1.0777016878128052,1.2400455062571104e-05,0.8804302854778652,5188387.0,561306,2.9292674000025727,2859.03125,4016.0,1403.76025390625,4016.0,6979.0,2902.0,1836.0
2026-10-02T16:20:15+08:00,1597,0.1437,,0.9835620522499084,1.2343572241183164e-05,0.8809819335264102,5191070.0,561656,2.835605600004783,2827.15185546875,4656.0,1403.7529296875,4656.0,6339.0,4016.0,1836.0
2026-10-02T16:20:18+08:00,1598,0.0953,,0.8698846697807312,1.2286689419795223e-05,0.8815335815749552,5194106.0,561984,2.893418899999233,3075.6015625,4358.0,1403.7646484375,4358.0,6637.0,4656.0,1834.0
2026-10-02T16:20:20+08:00,1599,0.2041,,1.1643503904342651,1.2229806598407282e-05,0.8820852296235002,5197609.0,562392,2.8581881999998586,3072.86474609375,4564.0,1403.77197265625,4564.0,6431.0,4358.0,1834.0
2026-10-02T16:20:23+08:00,1600,0.039,,0.4788648188114166,1.2172923777019341e-05,0.8826368776720452,5201344.0,562710,2.968780199997127,3257.037109375,5942.0,1403.779296875,5942.0,5053.0,4564.0,1834.0
2026-10-02T16:22:45+08:00,1600,,0.10949248720651428,,,0.8826368776720452,,562710,,5406.44580078125,6724.0,1403.779296875,1836.0,9159.0,,
2026-10-02T16:22:50+08:00,1601,0.0603,,0.7441370487213135,1.21160409556314e-05,0.8831885257205903,5204724.0,563036,3.1319844000099692,3273.22119140625,4806.0,1403.7705078125,4806.0,6189.0,1836.0,1836.0
2026-10-02T16:22:54+08:00,1602,0.106,,0.6586124897003174,1.205915813424346e-05,0.8837401737691353,5208311.0,563405,3.4613183999899775,3116.1044921875,7432.0,1403.7734375,7432.0,3563.0,4806.0,1834.0
2026-10-02T16:22:57+08:00,1603,0.077,,0.6507755517959595,1.2002275312855519e-05,0.8842918218176803,5211497.0,563836,3.489617500003078,3462.40966796875,4922.0,1403.76611328125,4922.0,6073.0,7432.0,1834.0
2026-10-02T16:23:00+08:00,1604,0.0937,,0.8297002911567688,1.1945392491467578e-05,0.8848434698662253,5214319.0,564109,3.1875999000039883,2859.02685546875,4986.0,1403.755859375,4986.0,6009.0,4922.0,1834.0
2026-10-02T16:23:04+08:00,1605,0.0862,,0.9471255540847778,1.1888509670079638e-05,0.8853951179147703,5216996.0,564413,3.1069049000070663,3353.78564453125,5090.0,1403.75439453125,5090.0,5905.0,4986.0,1834.0
2026-10-02T16:23:07+08:00,1606,0.0773,,0.6496995091438293,1.1831626848691695e-05,0.8859467659633155,5220462.0,564859,3.2071502000035252,4112.47021484375,5978.0,1403.77197265625,5978.0,5017.0,5090.0,1836.0
2026-10-02T16:23:10+08:00,1607,0.0311,,0.46572020649909973,1.1774744027303754e-05,0.8864984140118605,5223667.0,565233,3.091425699996762,3321.4697265625,3668.0,1403.76611328125,3668.0,7327.0,5978.0,1834.0
2026-10-02T16:23:13+08:00,1608,0.092,,1.0348210334777832,1.1717861205915814e-05,0.8870500620604055,5226512.0,565480,2.9860525999974925,2803.81396484375,3728.0,1403.7587890625,3728.0,7267.0,3668.0,1834.0
2026-10-02T16:23:16+08:00,1609,0.0734,,0.6538236141204834,1.1660978384527873e-05,0.8876017101089505,5230000.0,565902,2.9614931999967666,3763.64306640625,6568.0,1403.77490234375,6568.0,4427.0,3728.0,1836.0
2026-10-02T16:23:19+08:00,1610,0.0256,,0.49232450127601624,1.1604095563139932e-05,0.8881533581574955,5233284.0,566176,3.0082294000021648,3169.85693359375,3528.0,1403.767578125,3528.0,7467.0,6568.0,1834.0
2026-10-02T16:23:22+08:00,1611,0.0338,,0.4789976179599762,1.1547212741751991e-05,0.8887050062060405,5236099.0,566494,2.9868372000055388,2775.96826171875,4712.0,1403.7587890625,4712.0,6283.0,3528.0,1834.0
2026-10-02T16:23:25+08:00,1612,0.0356,,0.4210321009159088,1.149032992036405e-05,0.8892566542545856,5239131.0,566840,3.003720599997905,3420.345703125,4888.0,1403.76171875,4888.0,6107.0,4712.0,1834.0
2026-10-02T16:23:28+08:00,1613,0.2134,,0.716863751411438,1.143344709897611e-05,0.8898083023031306,5242503.0,567325,3.0612795000051847,4388.49951171875,5484.0,1403.76904296875,5484.0,5511.0,4888.0,1834.0
2026-10-02T16:23:31+08:00,1614,0.1541,,0.9305793046951294,1.1376564277588169e-05,0.8903599503516756,5245779.0,567745,3.0185082999960287,3180.95556640625,4554.0,1403.767578125,4554.0,6441.0,5484.0,1834.0
2026-10-02T16:23:34+08:00,1615,0.0648,,0.79071444272995,1.1319681456200228e-05,0.8909115984002206,5248918.0,568037,3.0091296000027796,3138.51904296875,5554.0,1403.76611328125,5554.0,5441.0,4554.0,1834.0
2026-10-02T16:23:37+08:00,1616,0.1021,,0.6739417910575867,1.1262798634812288e-05,0.8914632464487657,5252211.0,568457,3.019853100006003,3086.05126953125,3458.0,1403.76904296875,3458.0,7537.0,5554.0,1836.0
2026-10-02T16:23:40+08:00,1617,0.0593,,0.529502809047699,1.1205915813424347e-05,0.8920148944973108,5256125.0,569004,3.10700530000031,4533.80126953125,6438.0,1403.78076171875,6438.0,4557.0,3458.0,1834.0
2026-10-02T16:23:43+08:00,1618,0.0498,,0.47380587458610535,1.1149032992036406e-05,0.8925665425458558,5259198.0,569391,2.9057748000050196,3053.7548828125,4144.0,1403.76611328125,4144.0,6851.0,6438.0,1834.0
2026-10-02T16:23:46+08:00,1619,0.0335,,0.49408480525016785,1.1092150170648465e-05,0.8931181905944008,5261877.0,569697,2.896024400004535,2817.5048828125,6176.0,1403.7529296875,6176.0,4819.0,4144.0,1834.0
2026-10-02T16:23:49+08:00,1620,0.0994,,0.9827133417129517,1.1035267349260525e-05,0.8936698386429458,5265304.0,569962,2.8569103999907384,3378.35546875,6152.0,1403.77197265625,6152.0,4843.0,6176.0,1834.0
2026-10-02T16:23:52+08:00,1621,0.0176,,0.33540624380111694,1.0978384527872584e-05,0.8942214866914908,5268602.0,570253,2.9244710999919334,3316.7509765625,4216.0,1403.76904296875,4216.0,6779.0,6152.0,1834.0
2026-10-02T16:23:55+08:00,1622,0.0926,,0.6788120269775391,1.0921501706484643e-05,0.8947731347400358,5272604.0,570624,2.950233900002786,4216.884765625,6608.0,1403.78369140625,6608.0,4387.0,4216.0,1834.0
2026-10-02T16:23:58+08:00,1623,0.0322,,0.44888731837272644,1.0864618885096702e-05,0.8953247827885809,5275962.0,571070,2.9166263999941293,3138.5234375,4462.0,1403.7705078125,4462.0,6533.0,6608.0,1836.0
2026-10-02T16:24:00+08:00,1624,0.105,,0.8191921710968018,1.0807736063708762e-05,0.8958764308371259,5279137.0,571437,2.8360973999951966,3029.68798828125,6248.0,1403.7646484375,6248.0,4747.0,4462.0,1836.0
2026-10-02T16:24:03+08:00,1625,0.1224,,0.9037866592407227,1.075085324232082e-05,0.8964280788856709,5282097.0,571811,2.9463185999920825,3056.87060546875,5152.0,1403.76025390625,5152.0,5843.0,6248.0,1834.0
2026-10-02T16:24:06+08:00,1626,0.0834,,0.8045076131820679,1.069397042093288e-05,0.896979726934216,5285074.0,572106,2.7960956000024453,2982.103515625,5124.0,1403.76025390625,5124.0,5871.0,5152.0,1836.0
2026-10-02T16:24:09+08:00,1627,0.0607,,0.8123420476913452,1.063708759954494e-05,0.897531374982761,5288040.0,572376,2.913481399999,3063.24755859375,4720.0,1403.76025390625,4720.0,6275.0,5124.0,1834.0
2026-10-02T16:24:12+08:00,1628,0.0922,,0.7950994372367859,1.0580204778156999e-05,0.898083023031306,5290984.0,572724,2.8430847999989055,3194.19873046875,4620.0,1403.76025390625,4620.0,6375.0,4720.0,1834.0
2026-10-02T16:24:15+08:00,1629,0.0603,,1.116530179977417,1.0523321956769056e-05,0.8986346710798511,5293823.0,572979,2.8613781000021845,2804.61474609375,4006.0,1403.75732421875,4006.0,6989.0,4620.0,1834.0
2026-10-02T16:24:18+08:00,1630,0.059,,0.5775429010391235,1.0466439135381115e-05,0.8991863191283961,5297450.0,573352,2.819990299991332,3224.20263671875,5408.0,1403.7763671875,5408.0,5587.0,4006.0,1834.0
2026-10-02T16:24:21+08:00,1631,0.0207,,0.4948006868362427,1.0409556313993175e-05,0.8997379671769411,5300376.0,573596,2.9853441000013845,2761.380859375,5826.0,1403.76171875,5826.0,5169.0,5408.0,1836.0
2026-10-02T16:24:24+08:00,1632,0.0699,,0.7098509073257446,1.0352673492605234e-05,0.9002896152254861,5303675.0,573930,2.984696100000292,3484.6572265625,6104.0,1403.767578125,6104.0,4891.0,5826.0,1834.0
2026-10-02T16:24:27+08:00,1633,0.064,,0.6097797155380249,1.0295790671217293e-05,0.9008412632740311,5306970.0,574306,2.8983537000021897,3237.9052734375,5904.0,1403.7705078125,5904.0,5091.0,6104.0,1834.0
2026-10-02T16:24:29+08:00,1634,0.0629,,0.5261586308479309,1.0238907849829352e-05,0.9013929113225762,5310473.0,574723,2.8532345999992685,3417.8212890625,3758.0,1403.7734375,3758.0,7237.0,5904.0,1836.0
2026-10-02T16:24:32+08:00,1635,0.0059,,0.1720881164073944,1.0182025028441412e-05,0.9019445593711213,5313502.0,575010,2.9272761000029277,2944.28564453125,4280.0,1403.76318359375,4280.0,6715.0,3758.0,1834.0
2026-10-02T16:24:35+08:00,1636,0.0516,,0.6058215498924255,1.012514220705347e-05,0.9024962074196663,5316330.0,575324,2.824425599988899,2935.51806640625,4616.0,1403.75732421875,4616.0,6379.0,4280.0,1836.0
2026-10-02T16:24:38+08:00,1637,0.0588,,0.6566688418388367,1.006825938566553e-05,0.9030478554682113,5318989.0,575688,2.8913365000043996,2669.84814453125,3568.0,1403.755859375,3568.0,7427.0,4616.0,1836.0
2026-10-02T16:24:41+08:00,1638,0.0852,,0.611263632774353,1.001137656427759e-05,0.9035995035167563,5322226.0,576076,2.7938647999981185,3322.96826171875,4638.0,1403.767578125,4638.0,6357.0,3568.0,1836.0
2026-10-02T16:24:44+08:00,1639,0.1249,,0.780367910861969,9.954493742889649e-06,0.9041511515653013,5324751.0,576422,2.8981245000031777,2601.1767578125,5040.0,1403.75,5040.0,5955.0,4638.0,1834.0
2026-10-02T16:24:47+08:00,1640,0.1194,,1.0853828191757202,9.897610921501708e-06,0.9047027996138464,5327678.0,576688,2.792199100003927,2848.6708984375,3696.0,1403.76171875,3696.0,7299.0,5040.0,1836.0
2026-10-02T16:24:49+08:00,1641,0.1198,,0.8648425936698914,9.840728100113767e-06,0.9052544476623914,5330680.0,577034,2.8914256999996724,2837.52197265625,5092.0,1403.76171875,5092.0,5903.0,3696.0,1836.0
2026-10-02T16:24:52+08:00,1642,0.0628,,0.8270282745361328,9.783845278725826e-06,0.9058060957109364,5334016.0,577309,2.8072059999976773,3106.81689453125,5446.0,1403.76904296875,5446.0,5549.0,5092.0,1836.0
2026-10-02T16:24:55+08:00,1643,0.0297,,0.5230917930603027,9.726962457337886e-06,0.9063577437594814,5337504.0,577627,2.9032372000074247,3363.52099609375,5472.0,1403.7734375,5472.0,5523.0,5446.0,1834.0
2026-10-02T16:24:58+08:00,1644,0.0854,,0.7944664359092712,9.670079635949945e-06,0.9069093918080264,5340161.0,577946,2.817513999994844,2771.779296875,6216.0,1403.75146484375,6216.0,4779.0,5472.0,1836.0
2026-10-02T16:25:01+08:00,1645,0.1427,,0.7586996555328369,9.613196814562004e-06,0.9074610398565716,5343431.0,578482,2.9381827999895904,3797.6767578125,4342.0,1403.76611328125,4342.0,6653.0,6216.0,1834.0
2026-10-02T16:25:04+08:00,1646,0.0863,,0.7086326479911804,9.556313993174063e-06,0.9080126879051166,5346735.0,578812,2.86807170000975,3040.8330078125,5208.0,1403.767578125,5208.0,5787.0,4342.0,1834.0
2026-10-02T16:25:07+08:00,1647,0.0762,,0.588470458984375,9.49943117178612e-06,0.9085643359536616,5350198.0,579349,2.965865500009386,3584.34765625,4688.0,1403.7705078125,4688.0,6307.0,5208.0,1836.0
2026-10-02T16:25:10+08:00,1648,0.1416,,0.8148772716522217,9.44254835039818e-06,0.9091159840022066,5353053.0,579748,2.818355399998836,3066.23193359375,4032.0,1403.7587890625,4032.0,6963.0,4688.0,1834.0
2026-10-02T16:25:12+08:00,1649,0.0169,,0.3189575970172882,9.38566552901024e-06,0.9096676320507516,5356583.0,580093,2.8796864000032656,3557.53515625,3888.0,1403.7734375,3888.0,7107.0,4032.0,1834.0
2026-10-02T16:25:15+08:00,1650,0.3155,,0.8960127234458923,9.328782707622299e-06,0.9102192800992966,5360425.0,580507,3.005495000004885,4464.53564453125,5514.0,1403.78369140625,5514.0,5481.0,3888.0,1834.0
2026-10-02T16:25:18+08:00,1651,0.1061,,0.8814916014671326,9.271899886234358e-06,0.9107709281478417,5363367.0,580802,2.8914187000045786,2989.38037109375,3368.0,1403.76025390625,3368.0,7627.0,5514.0,1834.0
2026-10-02T16:25:21+08:00,1652,0.0601,,0.8103002905845642,9.215017064846417e-06,0.9113225761963867,5366893.0,581104,2.8717735999962315,4033.00830078125,6676.0,1403.7734375,6676.0,4319.0,3368.0,1836.0
2026-10-02T16:25:25+08:00,1653,0.185,,0.6822813153266907,9.158134243458476e-06,0.9118742242449317,5370836.0,581659,3.408846899998025,5436.0439453125,9040.0,1403.7822265625,9040.0,1047.23046875,6676.0,1836.0
2026-10-02T16:25:28+08:00,1654,0.0428,,0.46023061871528625,9.101251422070536e-06,0.9124258722934767,5374496.0,582103,3.125293300006888,4221.57568359375,8110.0,1403.7763671875,8110.0,1977.23046875,9040.0,1836.0
2026-10-02T16:25:31+08:00,1655,0.1501,,0.8469941020011902,9.044368600682595e-06,0.9129775203420218,5377650.0,582436,2.9728058999899076,2926.21240234375,6592.0,1403.767578125,6592.0,4403.0,8110.0,1834.0
2026-10-02T16:25:34+08:00,1656,0.1154,,0.8514596223831177,8.987485779294654e-06,0.9135291683905669,5380830.0,582832,2.827868899999885,3052.04248046875,5064.0,1403.76611328125,5064.0,5931.0,6592.0,1836.0
2026-10-02T16:25:36+08:00,1657,0.1427,,1.035051703453064,8.930602957906713e-06,0.9140808164391119,5384167.0,583136,2.893865999998525,3257.0283203125,4370.0,1403.7705078125,4370.0,6625.0,5064.0,1836.0
2026-10-02T16:25:39+08:00,1658,0.0179,,0.42960497736930847,8.873720136518773e-06,0.9146324644876569,5387370.0,583394,2.800495299990871,3294.984375,5384.0,1403.767578125,5384.0,5611.0,4370.0,1834.0
2026-10-02T16:25:42+08:00,1659,0.0508,,0.6510340571403503,8.816837315130832e-06,0.9151841125362019,5390812.0,583671,2.8877840000059223,3084.07568359375,4960.0,1403.77197265625,4960.0,6035.0,5384.0,1834.0
2026-10-02T16:25:45+08:00,1660,0.0501,,0.5231935381889343,8.759954493742891e-06,0.9157357605847469,5394326.0,584072,2.7847425999934785,3147.39501953125,3498.0,1403.7734375,3498.0,7497.0,4960.0,1834.0
2026-10-02T16:25:48+08:00,1661,0.1708,,1.050939917564392,8.70307167235495e-06,0.9162874086332919,5397470.0,584419,2.915293300000485,3044.39208984375,4486.0,1403.76611328125,4486.0,6509.0,3498.0,1834.0
2026-10-02T16:25:51+08:00,1662,0.0747,,0.8121656775474548,8.64618885096701e-06,0.916839056681837,5400855.0,584748,2.8679959000000963,3326.0810546875,4836.0,1403.7705078125,4836.0,6159.0,4486.0,1836.0
2026-10-02T16:25:54+08:00,1663,0.1168,,0.9126114845275879,8.589306029579069e-06,0.917390704730382,5403592.0,585057,2.778004499996314,2761.375,4472.0,1403.755859375,4472.0,6523.0,4836.0,1834.0
2026-10-02T16:25:56+08:00,1664,0.1819,,1.0576326847076416,8.532423208191128e-06,0.917942352778927,5406626.0,585369,2.918301400000928,3235.40087890625,5792.0,1403.76318359375,5792.0,5203.0,4472.0,1834.0
2026-10-02T16:25:59+08:00,1665,0.0999,,0.8610193133354187,8.475540386803186e-06,0.9184940008274721,5409860.0,585757,2.8550972000084585,3150.5107421875,6502.0,1403.767578125,6502.0,4493.0,5792.0,1834.0
2026-10-02T16:26:02+08:00,1666,0.168,,0.805111825466156,8.418657565415245e-06,0.9190456488760171,5413064.0,586211,2.9285914999927627,3519.1015625,5866.0,1403.76611328125,5866.0,5129.0,6502.0,1834.0
2026-10-02T16:26:05+08:00,1667,0.0247,,0.6468973159790039,8.361774744027304e-06,0.9195972969245622,5416068.0,586538,2.82417649999843,3291.8701171875,5112.0,1403.76318359375,5112.0,5883.0,5866.0,1834.0
2026-10-02T16:26:08+08:00,1668,0.0502,,0.4695448875427246,8.304891922639363e-06,0.9201489449731072,5420300.0,587003,3.22504590000608,4949.37646484375,5658.0,1403.791015625,5658.0,5337.0,5112.0,1836.0
2026-10-02T16:26:11+08:00,1669,0.0339,,0.4119552671909332,8.248009101251423e-06,0.9207005930216522,5423347.0,587332,2.825415700004669,2785.333984375,3148.0,1403.76171875,3148.0,7847.0,5658.0,1836.0
2026-10-02T16:26:14+08:00,1670,0.0842,,0.8336024880409241,8.191126279863482e-06,0.9212522410701972,5426045.0,587645,2.8466740000003483,3053.74462890625,4358.0,1403.755859375,4358.0,6637.0,3148.0,1836.0
2026-10-02T16:26:17+08:00,1671,0.0916,,0.9991204142570496,8.134243458475541e-06,0.9218038891187422,5429281.0,587972,2.878894199995557,3245.01123046875,6200.0,1403.767578125,6200.0,4795.0,4358.0,1836.0
2026-10-02T16:26:20+08:00,1672,0.1928,,1.0664541721343994,8.0773606370876e-06,0.9223555371672872,5432521.0,588337,2.8536764000018593,3289.71826171875,3648.0,1403.767578125,3648.0,7347.0,6200.0,1834.0
2026-10-02T16:26:23+08:00,1673,0.0604,,0.8049143552780151,8.02047781569966e-06,0.9229071852158323,5435139.0,588618,2.854446299999836,2842.349609375,3704.0,1403.7529296875,3704.0,7291.0,3648.0,1834.0
2026-10-02T16:26:26+08:00,1674,0.1787,,1.07293701171875,7.963594994311719e-06,0.9234588332643773,5438411.0,588902,2.935405800002627,3073.6640625,4614.0,1403.76904296875,4614.0,6381.0,3704.0,1836.0
2026-10-02T16:26:29+08:00,1675,0.0531,,0.5022889375686646,7.906712172923778e-06,0.9240104813129224,5442120.0,589253,2.953969700000016,3806.5498046875,6424.0,1403.7763671875,6424.0,4571.0,4614.0,1834.0
2026-10-02T16:26:32+08:00,1676,0.1399,,0.8332154750823975,7.849829351535837e-06,0.9245621293614674,5444347.0,589621,3.0922583999927156,2529.38525390625,4352.0,1403.744140625,4352.0,6643.0,6424.0,1834.0
2026-10-02T16:26:34+08:00,1677,0.1519,,0.937610387802124,7.792946530147897e-06,0.9251137774100124,5447648.0,589960,2.8755297000025166,3008.8212890625,3856.0,1403.76904296875,3856.0,7139.0,4352.0,1836.0
2026-10-02T16:26:37+08:00,1678,0.0923,,0.9511848092079163,7.736063708759956e-06,0.9256654254585575,5450566.0,590218,2.9464514999999665,2955.43115234375,4196.0,1403.76025390625,4196.0,6799.0,3856.0,1836.0
2026-10-02T16:26:40+08:00,1679,0.1435,,0.9224218726158142,7.679180887372015e-06,0.9262170735071025,5453812.0,590591,2.886507499992149,3094.8525390625,3784.0,1403.76611328125,3784.0,7211.0,4196.0,1836.0
2026-10-02T16:26:43+08:00,1680,0.0859,,0.6204161643981934,7.6222980659840735e-06,0.9267687215556475,5456451.0,590931,2.8656252000073437,2561.009765625,2954.0,1403.75146484375,2954.0,8041.0,3784.0,1836.0
2026-10-02T16:26:46+08:00,1681,0.0396,,0.5978936553001404,7.565415244596133e-06,0.9273203696041925,5459706.0,591184,2.843817000000854,3203.5673828125,4798.0,1403.76611328125,4798.0,6197.0,2954.0,1834.0
2026-10-02T16:26:49+08:00,1682,0.0872,,0.7503183484077454,7.508532423208192e-06,0.9278720176527375,5462934.0,591529,2.980406899994705,3044.390625,5652.0,1403.7646484375,5652.0,5343.0,4798.0,1834.0
2026-10-02T16:26:52+08:00,1683,0.0906,,0.8780788779258728,7.45164960182025e-06,0.9284236657012825,5465935.0,591830,2.864736100003938,3022.63037109375,5518.0,1403.76025390625,5518.0,5477.0,5652.0,1834.0
2026-10-02T16:26:55+08:00,1684,0.1003,,0.8493458032608032,7.39476678043231e-06,0.9289753137498276,5469167.0,592172,2.9118959000043105,3213.78466796875,4984.0,1403.76611328125,4984.0,6011.0,5518.0,1834.0
2026-10-02T16:26:58+08:00,1685,0.1123,,0.769689679145813,7.337883959044369e-06,0.9295269617983727,5472701.0,592524,2.8903085000056308,3623.75341796875,5958.0,1403.77197265625,5958.0,5037.0,4984.0,1834.0
2026-10-02T16:27:01+08:00,1686,0.024,,0.3362933397293091,7.281001137656428e-06,0.9300786098469177,5475830.0,592886,2.9646123999991687,3245.00830078125,5256.0,1403.7646484375,5256.0,5739.0,5958.0,1834.0
2026-10-02T16:27:04+08:00,1687,0.2551,,1.1776930093765259,7.224118316268487e-06,0.9306302578954627,5479210.0,593233,2.855158799997298,2969.693359375,4088.0,1403.77197265625,4088.0,6907.0,5256.0,1836.0
2026-10-02T16:27:07+08:00,1688,0.1394,,0.6114749312400818,7.167235494880546e-06,0.9311819059440077,5482862.0,593855,3.1042321999993874,4275.34326171875,6996.0,1403.7763671875,6996.0,3999.0,4088.0,1836.0
2026-10-02T16:27:10+08:00,1689,0.089,,0.6841609477996826,7.110352673492605e-06,0.9317335539925528,5485825.0,594300,2.893779200006975,3194.2001953125,4420.0,1403.76171875,4420.0,6575.0,6996.0,1834.0
2026-10-02T16:27:12+08:00,1690,0.0437,,0.5414860844612122,7.053469852104664e-06,0.9322852020410978,5488940.0,594615,2.9286395000090124,3119.296875,5176.0,1403.7646484375,5176.0,5819.0,4420.0,1836.0
2026-10-02T16:27:16+08:00,1691,0.1547,,0.7624464631080627,6.9965870307167235e-06,0.9328368500896428,5492958.0,595093,3.253807900007814,4990.2001953125,5706.0,1403.78369140625,5706.0,5289.0,5176.0,1834.0
2026-10-02T16:27:19+08:00,1692,0.2221,,1.1645281314849854,6.939704209328783e-06,0.9333884981381878,5496463.0,595460,2.8797128000005614,3197.33251953125,4700.0,1403.7734375,4700.0,6295.0,5706.0,1834.0
2026-10-02T16:27:22+08:00,1693,0.0725,,0.7641019821166992,6.882821387940842e-06,0.9339401461867328,5499431.0,595797,2.8930559000000358,3202.30419921875,3558.0,1403.76025390625,3558.0,7437.0,4700.0,1834.0
2026-10-02T16:27:25+08:00,1694,0.1518,,0.9590087532997131,6.825938566552901e-06,0.9344917942352778,5503561.0,596199,3.178543999994872,4958.76806640625,8458.0,1403.7880859375,8458.0,1599.73046875,3558.0,1834.0
2026-10-02T16:27:28+08:00,1695,0.061,,0.7461411952972412,6.7690557451649605e-06,0.935043442283823,5506693.0,596460,2.9696106999908807,3387.708984375,5504.0,1403.76171875,5504.0,5491.0,8458.0,1834.0
2026-10-02T16:27:31+08:00,1696,0.0996,,0.9956745505332947,6.71217292377702e-06,0.935595090332368,5509917.0,596784,2.890950700006215,2957.265625,4092.0,1403.76611328125,4092.0,6903.0,5504.0,1834.0
2026-10-02T16:27:34+08:00,1697,0.1057,,0.995317280292511,6.655290102389079e-06,0.936146738380913,5512387.0,597114,2.978076500003226,2674.892578125,4584.0,1403.75,4584.0,6411.0,4092.0,1836.0
2026-10-02T16:27:37+08:00,1698,0.095,,0.8146160840988159,6.598407281001138e-06,0.936698386429458,5515323.0,597447,2.9591987999883713,2957.25830078125,4904.0,1403.7587890625,4904.0,6091.0,4584.0,1836.0
2026-10-02T16:27:40+08:00,1699,0.0186,,0.3696809709072113,6.5415244596131975e-06,0.937250034478003,5518582.0,597710,3.0050563999975566,3400.70166015625,6312.0,1403.76611328125,6312.0,4683.0,4904.0,1834.0
2026-10-02T16:27:42+08:00,1700,0.1583,,1.0558533668518066,6.484641638225256e-06,0.937801682526548,5521738.0,598015,2.8653475000028266,3088.08740234375,3944.0,1403.76611328125,3944.0,7051.0,6312.0,1836.0
2026-10-02T16:30:08+08:00,1700,,0.10864722401481147,,,0.937801682526548,,598015,,5406.4326171875,6724.0,1403.76611328125,1834.0,9161.0,,
2026-10-02T16:30:13+08:00,1701,0.0317,,0.5138130187988281,6.427758816837315e-06,0.9383533305750931,5525771.0,598287,3.226575699998648,4627.35400390625,6242.0,1403.78662109375,6242.0,4753.0,1834.0,1834.0
2026-10-02T16:30:16+08:00,1702,0.0081,,0.18522900342941284,6.370875995449374e-06,0.9389049786236381,5528992.0,598563,2.9211339999892516,3031.92822265625,4656.0,1403.7646484375,4656.0,6339.0,6242.0,1836.0
2026-10-02T16:30:19+08:00,1703,0.0722,,0.6002953052520752,6.313993174061434e-06,0.9394566266721831,5531679.0,598915,2.889972700009821,2989.37451171875,3368.0,1403.75439453125,3368.0,7627.0,4656.0,1836.0
2026-10-02T16:30:23+08:00,1704,0.0598,,0.48701104521751404,6.257110352673493e-06,0.9400082747207281,5535732.0,599500,3.425246500002686,6003.525390625,9920.0,1403.78515625,9920.0,404.54296875,3368.0,1836.0
2026-10-02T16:30:26+08:00,1705,0.1132,,0.8501413464546204,6.200227531285552e-06,0.9405599227692732,5538824.0,599833,2.952158000000054,2965.79443359375,3824.0,1403.76171875,3824.0,7171.0,9920.0,1834.0
2026-10-02T16:30:28+08:00,1706,0.0636,,0.5431921482086182,6.143344709897611e-06,0.9411115708178183,5541771.0,600135,2.7988216999947326,2970.59130859375,3348.0,1403.76025390625,3348.0,7647.0,3824.0,1834.0
2026-10-02T16:30:31+08:00,1707,0.024,,0.37852033972740173,6.086461888509671e-06,0.9416632188663633,5544659.0,600483,2.967917899994063,3322.95947265625,4904.0,1403.7587890625,4904.0,6091.0,3348.0,1836.0
2026-10-02T16:30:34+08:00,1708,0.0929,,0.8392730951309204,6.02957906712173e-06,0.9422148669149083,5547753.0,600879,2.908433500007959,3396.86865234375,5008.0,1403.76318359375,5008.0,5987.0,4904.0,1834.0
2026-10-02T16:30:37+08:00,1709,0.117,,0.8060391545295715,5.972696245733789e-06,0.9427665149634533,5550674.0,601219,2.9248174999956973,3150.501953125,5200.0,1403.7587890625,5200.0,5795.0,5008.0,1836.0
2026-10-02T16:30:41+08:00,1710,0.4632,,1.0240519046783447,5.9158134243458475e-06,0.9433181630119983,5554837.0,601830,3.463040699993144,6035.7607421875,8738.0,1403.7880859375,8738.0,1586.54296875,5200.0,1834.0
2026-10-02T16:30:44+08:00,1711,0.0453,,0.5589581727981567,5.858930602957907e-06,0.9438698110605434,5558925.0,602203,3.1268004000012297,4560.34228515625,7488.0,1403.78662109375,7488.0,3507.0,8738.0,1834.0
2026-10-02T16:30:47+08:00,1712,0.0656,,0.6640446782112122,5.802047781569966e-06,0.9444214591090884,5562370.0,602548,2.9649706999916816,4043.88330078125,7700.0,1403.7705078125,7700.0,3295.0,7488.0,1834.0
2026-10-02T16:30:50+08:00,1713,0.0449,,0.5495575070381165,5.745164960182025e-06,0.9449731071576334,5565620.0,602896,3.0201526999881025,3212.97998046875,4618.0,1403.7646484375,4618.0,6377.0,7700.0,1836.0
2026-10-02T16:30:53+08:00,1714,0.1348,,1.0018980503082275,5.6882821387940845e-06,0.9455247552061785,5568676.0,603232,2.8867319999990286,2869.396484375,5624.0,1403.7646484375,5624.0,5371.0,4618.0,1836.0
2026-10-02T16:30:56+08:00,1715,0.0783,,0.9634843468666077,5.631399317406144e-06,0.9460764032547235,5571942.0,603545,2.9196969000040554,3537.62890625,6832.0,1403.76611328125,6832.0,4163.0,5624.0,1834.0
2026-10-02T16:30:58+08:00,1716,0.0916,,0.8639636635780334,5.574516496018203e-06,0.9466280513032685,5574860.0,603879,2.834284900003695,3581.947265625,4696.0,1403.76025390625,4696.0,6299.0,6832.0,1834.0
2026-10-02T16:31:01+08:00,1717,0.0762,,0.6369757056236267,5.517633674630262e-06,0.9471796993518136,5577526.0,604185,2.8688772000023164,2809.10107421875,3148.0,1403.75439453125,3148.0,7847.0,4696.0,1834.0
2026-10-02T16:31:04+08:00,1718,0.1518,,0.9198130369186401,5.4607508532423215e-06,0.9477313474003586,5581425.0,604548,2.8910635000065668,3703.90576171875,8038.0,1403.78076171875,8038.0,2957.0,3148.0,1834.0
2026-10-02T16:31:07+08:00,1719,0.0589,,0.7543214559555054,5.403868031854381e-06,0.9482829954489036,5584376.0,604833,2.9096080000017537,3056.87060546875,4536.0,1403.76025390625,4536.0,6459.0,8038.0,1834.0
2026-10-02T16:31:10+08:00,1720,0.0794,,0.6277580261230469,5.34698521046644e-06,0.9488346434974486,5587626.0,605183,2.851617400010582,3410.03076171875,4870.0,1403.767578125,4870.0,6125.0,4536.0,1834.0
2026-10-02T16:31:13+08:00,1721,0.0861,,0.9218541979789734,5.290102389078499e-06,0.9493862915459936,5590761.0,605427,2.866973500000313,3148.92529296875,4586.0,1403.7646484375,4586.0,6409.0,4870.0,1834.0
2026-10-02T16:31:16+08:00,1722,0.0585,,0.6642881035804749,5.233219567690558e-06,0.9499379395945386,5593410.0,605703,2.79939299999387,2782.99169921875,5344.0,1403.7529296875,5344.0,5651.0,4586.0,1834.0
2026-10-02T16:31:19+08:00,1723,0.1628,,0.9661899209022522,5.176336746302617e-06,0.9504895876430837,5596248.0,606043,2.907496400002856,3106.806640625,4960.0,1403.7587890625,4960.0,6035.0,5344.0,1836.0
2026-10-02T16:31:21+08:00,1724,0.1087,,0.798018753528595,5.119453924914676e-06,0.9510412356916288,5599552.0,606432,2.892163700002129,3603.07275390625,5458.0,1403.76904296875,5458.0,5537.0,4960.0,1838.0
2026-10-02T16:31:24+08:00,1725,0.0931,,0.9394831657409668,5.062571103526735e-06,0.9515928837401738,5602413.0,606705,2.781766499989317,3100.56298828125,3856.0,1403.75732421875,3856.0,7139.0,5458.0,1834.0
2026-10-02T16:31:27+08:00,1726,0.2567,,1.3210967779159546,5.005688282138795e-06,0.9521445317887188,5605083.0,607112,2.8609676000050968,2686.109375,3022.0,1403.755859375,3022.0,7973.0,3856.0,1834.0
2026-10-02T16:31:31+08:00,1727,0.3079,,0.620125412940979,4.948805460750854e-06,0.9526961798372638,5611069.0,608136,4.047961700009182,5638.10205078125,10216.0,1403.83203125,10216.0,119.23046875,3022.0,1834.0
2026-10-02T16:31:34+08:00,1728,0.1293,,1.017142653465271,4.891922639362913e-06,0.9532478278858089,5613909.0,608452,2.8715867000137223,2717.3359375,4020.0,1403.75732421875,4020.0,6975.0,10216.0,1834.0
2026-10-02T16:31:37+08:00,1729,0.0176,,0.32479989528656006,4.835039817974972e-06,0.9537994759343539,5617205.0,608820,2.842743999994127,3794.53759765625,4330.0,1403.76904296875,4330.0,6665.0,4020.0,1834.0
2026-10-02T16:31:40+08:00,1730,0.1045,,0.7492969036102295,4.778156996587032e-06,0.9543511239828989,5619860.0,609157,2.8804842000099597,2943.73828125,3318.0,1403.7529296875,3318.0,7677.0,4330.0,1834.0
2026-10-02T16:31:43+08:00,1731,0.0671,,0.7165324687957764,4.72127417519909e-06,0.9549027720314439,5622443.0,609473,2.783752100003767,2664.486328125,4312.0,1403.75146484375,4312.0,6683.0,3318.0,1836.0
2026-10-02T16:31:47+08:00,1732,0.0211,,0.25987645983695984,4.664391353811149e-06,0.9554544200799889,5627276.0,610183,4.251699299988104,6024.8818359375,12138.0,1403.802734375,12138.0,0.0,4312.0,1834.0
2026-10-02T16:31:50+08:00,1733,0.0776,,0.8132796287536621,4.6075085324232085e-06,0.956006068128534,5630420.0,610482,2.923654099999112,2997.66845703125,3888.0,1403.7646484375,3888.0,7107.0,12138.0,1836.0
2026-10-02T16:31:53+08:00,1734,0.1079,,0.8182283043861389,4.550625711035268e-06,0.9565577161770791,5633530.0,610804,2.937016100011533,3044.390625,5024.0,1403.7646484375,5024.0,5971.0,3888.0,1836.0
2026-10-02T16:31:56+08:00,1735,0.0396,,0.6315522789955139,4.493742889647327e-06,0.9571093642256241,5636440.0,611110,2.932021300002816,3078.71630859375,5000.0,1403.7587890625,5000.0,5995.0,5024.0,1834.0
2026-10-02T16:31:59+08:00,1736,0.126,,0.8067281246185303,4.436860068259386e-06,0.9576610122741691,5639359.0,611382,2.9464095000003,2976.94140625,4562.0,1403.76025390625,4562.0,6433.0,5000.0,1834.0
2026-10-02T16:32:01+08:00,1737,0.1428,,0.9042847156524658,4.3799772468714455e-06,0.9582126603227141,5642141.0,611735,2.8720439999888185,3138.51025390625,4864.0,1403.75732421875,4864.0,6131.0,4562.0,1834.0
2026-10-02T16:32:04+08:00,1738,0.2295,,1.2957184314727783,4.323094425483505e-06,0.9587643083712591,5645142.0,612091,2.926585699999123,2901.26611328125,5400.0,1403.76318359375,5400.0,5595.0,4864.0,1836.0
2026-10-02T16:32:07+08:00,1739,0.0682,,0.7892084121704102,4.266211604095564e-06,0.9593159564198042,5647736.0,612394,2.8077219999977387,2685.302734375,3704.0,1403.75146484375,3704.0,7291.0,5400.0,1834.0
2026-10-02T16:32:10+08:00,1740,0.1305,,0.833524227142334,4.2093287827076224e-06,0.9598676044683492,5650598.0,612808,2.900638599996455,3375.51904296875,4534.0,1403.75732421875,4534.0,6461.0,3704.0,1834.0
2026-10-02T16:32:13+08:00,1741,0.0479,,0.6013076901435852,4.152445961319682e-06,0.9604192525168942,5653639.0,613112,2.7957697000092594,3137.712890625,4380.0,1403.76318359375,4380.0,6615.0,4534.0,1834.0
2026-10-02T16:32:16+08:00,1742,0.0678,,0.6881603002548218,4.095563139931741e-06,0.9609709005654392,5656220.0,613399,2.905209999997169,2754.1142578125,4194.0,1403.7529296875,4194.0,6801.0,4380.0,1836.0
2026-10-02T16:32:19+08:00,1743,0.0882,,0.7169679999351501,4.0386803185438e-06,0.9615225486139842,5659633.0,613703,2.8607729000068503,3353.80322265625,5416.0,1403.77197265625,5416.0,5579.0,4194.0,1834.0
2026-10-02T16:32:22+08:00,1744,0.0191,,0.35128238797187805,3.981797497155859e-06,0.9620741966625294,5663297.0,614151,2.975234500001534,3206.70068359375,4708.0,1403.77783203125,4708.0,6287.0,5416.0,1834.0
2026-10-02T16:32:24+08:00,1745,0.031,,0.801109254360199,3.924914675767919e-06,0.9626258447110744,5666768.0,614417,2.809960600003251,3301.208984375,4328.0,1403.7734375,4328.0,6667.0,4708.0,1834.0
2026-10-02T16:32:27+08:00,1746,0.1085,,0.8539666533470154,3.868031854379978e-06,0.9631774927596194,5669701.0,614756,2.9191255000041565,2859.03125,3800.0,1403.76025390625,3800.0,7195.0,4328.0,1834.0
2026-10-02T16:32:30+08:00,1747,0.0478,,0.49803292751312256,3.8111490329920367e-06,0.9637291408081644,5673127.0,615153,2.9236699000030058,3699.28173828125,5948.0,1403.77197265625,5948.0,5047.0,3800.0,1836.0
2026-10-02T16:32:33+08:00,1748,0.1146,,0.6494306325912476,3.754266211604096e-06,0.9642807888567094,5676496.0,615537,2.9596687000012025,3657.9345703125,3988.0,1403.7705078125,3988.0,7007.0,5948.0,1836.0
2026-10-02T16:32:36+08:00,1749,0.0426,,0.6745383143424988,3.697383390216155e-06,0.9648324369052544,5679819.0,615819,2.914137200001278,2982.11083984375,4124.0,1403.767578125,4124.0,6871.0,3988.0,1834.0
2026-10-02T16:32:39+08:00,1750,0.0314,,0.49770987033843994,3.640500568828214e-06,0.9653840849537995,5682527.0,616140,2.9639272000058554,2804.61181640625,3948.0,1403.75439453125,3948.0,7047.0,4124.0,1834.0
2026-10-02T16:32:42+08:00,1751,0.0832,,0.8000030517578125,3.583617747440273e-06,0.9659357330023445,5685336.0,616525,2.8538800999958767,3020.12060546875,3848.0,1403.755859375,3848.0,7147.0,3948.0,1834.0
2026-10-02T16:32:45+08:00,1752,0.0633,,0.6015500426292419,3.526734926052332e-06,0.9664873810508895,5688678.0,616885,3.197097500000382,4658.009765625,7568.0,1403.76904296875,7568.0,3427.0,3848.0,1834.0
2026-10-02T16:32:48+08:00,1753,0.0739,,0.759200930595398,3.4698521046643914e-06,0.9670390290994345,5692296.0,617303,2.8566711000021314,3175.48681640625,5240.0,1403.77490234375,5240.0,5755.0,7568.0,1834.0
2026-10-02T16:32:51+08:00,1754,0.0858,,0.8340806365013123,3.4129692832764506e-06,0.9675906771479796,5695355.0,617558,2.9202235999982804,3078.720703125,5848.0,1403.76318359375,5848.0,5147.0,5240.0,1834.0
2026-10-02T16:32:54+08:00,1755,0.1778,,0.915877103805542,3.35608646188851e-06,0.9681423251965247,5698788.0,617946,2.8033492999966256,2922.3037109375,3298.0,1403.7705078125,3298.0,7697.0,5848.0,1834.0
2026-10-02T16:32:57+08:00,1756,0.0987,,0.6997725963592529,3.299203640500569e-06,0.9686939732450697,5702754.0,618363,2.954002800004673,3979.48095703125,4528.0,1403.78369140625,4528.0,6467.0,3298.0,1834.0
2026-10-02T16:33:00+08:00,1757,0.109,,0.9342009425163269,3.242320819112628e-06,0.9692456212936147,5705750.0,618678,2.911230199999409,3202.07958984375,3558.0,1403.7587890625,3558.0,7437.0,4528.0,1834.0
2026-10-02T16:33:03+08:00,1758,0.106,,0.8927404880523682,3.185437997724687e-06,0.9697972693421597,5708730.0,619060,2.9836141999985557,3321.88134765625,5818.0,1403.76025390625,5818.0,5177.0,3558.0,1834.0
2026-10-02T16:33:05+08:00,1759,0.0871,,0.7449555993080139,3.1285551763367464e-06,0.9703489173907047,5711375.0,619396,2.766559600000619,2922.76611328125,3728.0,1403.7529296875,3728.0,7267.0,5818.0,1834.0
2026-10-02T16:33:09+08:00,1760,0.0524,,0.4619652032852173,3.0716723549488057e-06,0.9709005654392497,5715002.0,619903,3.067302600000403,4416.23193359375,6716.0,1403.77490234375,6716.0,4279.0,3728.0,1834.0
2026-10-02T16:33:11+08:00,1761,0.1431,,0.8484711647033691,3.014789533560865e-06,0.9714522134877948,5718103.0,620239,2.830677200006903,3020.1279296875,3358.0,1403.76318359375,3358.0,7637.0,6716.0,1836.0
2026-10-02T16:33:14+08:00,1762,0.058,,0.5448757410049438,2.9579067121729238e-06,0.9720038615363398,5721550.0,620612,2.8859918999951333,3023.63232421875,3398.0,1403.77197265625,3398.0,7597.0,3358.0,1836.0
2026-10-02T16:33:17+08:00,1763,0.1006,,0.6252959966659546,2.901023890784983e-06,0.9725555095848848,5724307.0,620927,2.7907556999998633,2998.44482421875,4832.0,1403.75439453125,4832.0,6163.0,3398.0,1834.0
2026-10-02T16:33:20+08:00,1764,0.0652,,0.6489434838294983,2.8441410693970423e-06,0.9731071576334299,5727561.0,621296,2.896291299999575,3257.0224609375,5720.0,1403.7646484375,5720.0,5275.0,4832.0,1834.0
2026-10-02T16:33:23+08:00,1765,0.0315,,0.5211047530174255,2.7872582480091015e-06,0.9736588056819749,5730592.0,621597,2.8263589999987744,3137.71142578125,5048.0,1403.76171875,5048.0,5947.0,5720.0,1834.0
2026-10-02T16:33:26+08:00,1766,0.0733,,0.6184143424034119,2.7303754266211608e-06,0.97421045373052,5733792.0,621937,2.9011480000044685,2969.68603515625,4452.0,1403.7646484375,4452.0,6543.0,5048.0,1836.0
2026-10-02T16:33:29+08:00,1767,0.0392,,0.5537955164909363,2.67349260523322e-06,0.974762101779065,5736932.0,622234,2.94682979999925,2954.64892578125,5152.0,1403.7646484375,5152.0,5843.0,4452.0,1834.0
2026-10-02T16:33:31+08:00,1768,0.1094,,0.7029048800468445,2.616609783845279e-06,0.97531374982761,5739542.0,622641,2.8276788999937708,3022.623046875,4982.0,1403.7529296875,4982.0,6013.0,5152.0,1836.0
2026-10-02T16:33:34+08:00,1769,0.0919,,0.9991887807846069,2.559726962457338e-06,0.975865397876155,5742755.0,622934,2.897111099999165,3245.47998046875,4832.0,1403.767578125,4832.0,6163.0,4982.0,1834.0
2026-10-02T16:33:37+08:00,1770,0.0043,,0.16513691842556,2.5028441410693973e-06,0.9764170459247,5745820.0,623259,2.8138344999897527,2976.15380859375,4872.0,1403.76025390625,4872.0,6123.0,4832.0,1836.0
2026-10-02T16:33:40+08:00,1771,0.0878,,0.6254860162734985,2.4459613196814566e-06,0.976968693973245,5748864.0,623609,2.8904813999979524,3257.02099609375,4554.0,1403.76318359375,4554.0,6441.0,4872.0,1834.0
2026-10-02T16:33:43+08:00,1772,0.1007,,0.4079917371273041,2.389078498293516e-06,0.9775203420217901,5752672.0,624352,3.3016631999926176,5594.3544921875,8350.0,1403.78076171875,8350.0,1732.359375,4554.0,1836.0
2026-10-02T16:33:46+08:00,1773,0.1343,,0.9729747772216797,2.3321956769055746e-06,0.9780719900703351,5755693.0,624635,2.8869758999935584,3035.021484375,4414.0,1403.76025390625,4414.0,6581.0,8350.0,1834.0
2026-10-02T16:33:49+08:00,1774,0.0927,,0.8339484333992004,2.275312855517634e-06,0.9786236381188802,5758952.0,624901,2.830948000002536,3008.81982421875,4438.0,1403.767578125,4438.0,6557.0,4414.0,1834.0
2026-10-02T16:33:52+08:00,1775,0.1468,,0.9587531685829163,2.218430034129693e-06,0.9791752861674252,5762176.0,625227,2.8757872999995016,3192.162109375,5650.0,1403.76318359375,5650.0,5345.0,4438.0,1834.0
2026-10-02T16:33:55+08:00,1776,0.1078,,0.8510209321975708,2.1615472127417524e-06,0.9797269342159702,5765141.0,625504,2.819570100007695,2960.3662109375,3840.0,1403.76171875,3840.0,7155.0,5650.0,1834.0
2026-10-02T16:33:58+08:00,1777,0.0549,,0.5357083678245544,2.1046643913538112e-06,0.9802785822645153,5768386.0,625902,2.914735699989251,3645.75146484375,5478.0,1403.76904296875,5478.0,5517.0,3840.0,1836.0
2026-10-02T16:34:01+08:00,1778,0.0716,,0.8141205310821533,2.0477815699658705e-06,0.9808302303130603,5771186.0,626217,2.8218825999938417,2775.966796875,3688.0,1403.75732421875,3688.0,7307.0,5478.0,1836.0
2026-10-02T16:34:04+08:00,1779,0.0744,,0.7028384804725647,1.9908987485779297e-06,0.9813818783616053,5775080.0,626547,3.0484748000017134,3515.52197265625,5338.0,1403.78369140625,5338.0,5657.0,3688.0,1836.0
2026-10-02T16:34:07+08:00,1780,0.0014,,0.06438624858856201,1.934015927189989e-06,0.9819335264101503,5777968.0,626855,2.9484201000013854,2879.75244140625,4616.0,1403.7587890625,4616.0,6379.0,5338.0,1834.0
2026-10-02T16:34:10+08:00,1781,0.0542,,0.8941178917884827,1.877133105802048e-06,0.9824851744586953,5780992.0,627129,2.993538399998215,3072.85595703125,4744.0,1403.76318359375,4744.0,6251.0,4616.0,1834.0
2026-10-02T16:34:13+08:00,1782,0.026,,0.6212297677993774,1.820250284414107e-06,0.9830368225072403,5784257.0,627394,3.4312548999878345,3375.06298828125,3718.0,1403.7646484375,3718.0,7277.0,4744.0,1834.0
2026-10-02T16:34:16+08:00,1783,0.0576,,0.7674258947372437,1.763367463026166e-06,0.9835884705557854,5787330.0,627724,3.3544120000005933,3363.50927734375,5670.0,1403.76171875,5670.0,5325.0,3718.0,1834.0
2026-10-02T16:34:19+08:00,1784,0.0889,,0.7595200538635254,1.7064846416382253e-06,0.9841401186043305,5789901.0,628070,2.9840809000015724,2674.89404296875,5176.0,1403.75146484375,5176.0,5819.0,5670.0,1834.0
2026-10-02T16:34:23+08:00,1785,0.096,,0.6760541200637817,1.6496018202502846e-06,0.9846917666528755,5793148.0,628482,3.128576699993573,3216.0517578125,4726.0,1403.76611328125,4726.0,6269.0,5176.0,1834.0
2026-10-02T16:34:26+08:00,1786,0.0321,,0.4180276691913605,1.5927189988623436e-06,0.9852434147014205,5796310.0,628836,3.154343999995035,3460.77392578125,3798.0,1403.76611328125,3798.0,7197.0,4726.0,1834.0
2026-10-02T16:34:29+08:00,1787,0.0492,,0.5745550990104675,1.5358361774744028e-06,0.9857950627499655,5799766.0,629137,3.343123699989519,3041.6396484375,4388.0,1403.77197265625,4388.0,6607.0,3798.0,1834.0
2026-10-02T16:34:32+08:00,1788,0.0505,,0.7488617897033691,1.4789533560864619e-06,0.9863467107985106,5802201.0,629384,3.0189206000068225,2684.0771484375,3036.0,1403.74853515625,3036.0,7959.0,4388.0,1834.0
2026-10-02T16:34:35+08:00,1789,0.1145,,0.712291419506073,1.4220705346985211e-06,0.9868983588470556,5805025.0,629800,3.303541100001894,2907.57080078125,4896.0,1403.7587890625,4896.0,6099.0,3036.0,1834.0
2026-10-02T16:34:38+08:00,1790,0.0403,,0.6037325859069824,1.3651877133105804e-06,0.9874500068956006,5808014.0,630094,3.135523499993724,2954.6474609375,3784.0,1403.76318359375,3784.0,7211.0,4896.0,1834.0
2026-10-02T16:34:42+08:00,1791,0.1737,,0.8088028430938721,1.3083048919226394e-06,0.9880016549441456,5811569.0,630498,3.397454399993876,3875.56591796875,6430.0,1403.77490234375,6430.0,4565.0,3784.0,1836.0
2026-10-02T16:34:45+08:00,1792,0.0728,,0.7133777737617493,1.2514220705346987e-06,0.9885533029926906,5814656.0,630805,3.2578347000089707,3181.29638671875,4920.0,1403.7646484375,4920.0,6075.0,6430.0,1834.0
2026-10-02T16:34:48+08:00,1793,0.1176,,0.9683288931846619,1.194539249146758e-06,0.9891049510412357,5817861.0,631189,3.0733322000014596,3234.5419921875,3588.0,1403.76611328125,3588.0,7407.0,4920.0,1834.0
2026-10-02T16:34:52+08:00,1794,0.1705,,0.5709981322288513,1.137656427758817e-06,0.9896565990897808,5822115.0,632060,3.5309081000013975,5965.7763671875,9590.0,1403.78955078125,9590.0,536.109375,3588.0,1834.0
2026-10-02T16:34:55+08:00,1795,0.0912,,0.9502361416816711,1.0807736063708762e-06,0.9902082471383258,5825183.0,632399,3.1233356000011554,3488.24072265625,6172.0,1403.7646484375,6172.0,4823.0,9590.0,1834.0
2026-10-02T16:34:58+08:00,1796,0.0385,,0.5673537254333496,1.0238907849829352e-06,0.9907598951868708,5828877.0,632717,3.2617344000027515,3322.97705078125,4320.0,1403.7763671875,4320.0,6675.0,6172.0,1834.0
2026-10-02T16:35:01+08:00,1797,0.0657,,0.4781742990016937,9.670079635949945e-07,0.9913115432354158,5832160.0,633099,3.2116940999985673,3647.70361328125,7108.0,1403.76611328125,7108.0,3887.0,4320.0,1834.0
2026-10-02T16:35:05+08:00,1798,0.1665,,1.4217840433120728,9.101251422070535e-07,0.9918631912839608,5835328.0,633419,3.524743000001763,3072.857421875,4604.0,1403.7646484375,4604.0,6391.0,7108.0,1834.0
2026-10-02T16:35:08+08:00,1799,0.1668,,0.7981341481208801,8.532423208191127e-07,0.9924148393325058,5838711.0,633823,3.2660538000054657,4743.35302734375,6206.0,1403.7705078125,6206.0,4789.0,4604.0,1834.0
2026-10-02T16:35:11+08:00,1800,0.0574,,0.5653415322303772,7.963594994311718e-07,0.9929664873810509,5841981.0,634273,3.0434242999908747,3212.984375,5352.0,1403.76904296875,5352.0,5643.0,6206.0,1834.0
2026-10-02T16:37:30+08:00,1800,,0.10842509021840141,,,0.9929664873810509,,634273,,5406.435546875,6724.0,1403.76904296875,1836.0,9159.0,,
2026-10-02T16:37:36+08:00,1801,0.1932,,1.3160371780395508,7.394766780432309e-07,0.9935181354295959,5844683.0,634581,2.893477100005839,2803.4775390625,3174.0,1403.75439453125,3174.0,7821.0,1836.0,1836.0
2026-10-02T16:37:38+08:00,1802,0.0168,,0.33099138736724854,6.825938566552902e-07,0.9940697834781409,5847979.0,634894,2.8824615999910748,3062.27001953125,3428.0,1403.767578125,3428.0,7567.0,3174.0,1834.0
2026-10-02T16:37:41+08:00,1803,0.0484,,0.8787238001823425,6.257110352673493e-07,0.994621431526686,5850892.0,635209,2.807318999999552,2943.95361328125,3318.0,1403.76025390625,3318.0,7677.0,3428.0,1834.0
2026-10-02T16:37:44+08:00,1804,0.0425,,0.5259749293327332,5.688282138794085e-07,0.995173079575231,5854142.0,635505,2.8683380000002217,3159.33544921875,5368.0,1403.76611328125,5368.0,5627.0,3318.0,1836.0
2026-10-02T16:37:47+08:00,1805,0.1032,,0.7982934713363647,5.119453924914676e-07,0.9957247276237761,5857069.0,635804,2.8415901999978814,2926.205078125,5664.0,1403.76025390625,5664.0,5331.0,5368.0,1834.0
2026-10-02T16:37:50+08:00,1806,0.1276,,0.955693781375885,4.5506257110352676e-07,0.9962763756723211,5860053.0,636133,2.8947641999984626,3040.8271484375,3848.0,1403.76171875,3848.0,7147.0,5664.0,1834.0
2026-10-02T16:37:53+08:00,1807,0.051,,0.6779303550720215,3.981797497155859e-07,0.9968280237208661,5862929.0,636469,2.80523820000235,3073.6552734375,4008.0,1403.76025390625,4008.0,6987.0,3848.0,1836.0
2026-10-02T16:37:56+08:00,1808,0.0888,,1.1303404569625854,3.412969283276451e-07,0.9973796717694111,5865687.0,636777,2.8832695000019157,2739.75634765625,5192.0,1403.755859375,5192.0,5803.0,4008.0,1834.0
2026-10-02T16:37:58+08:00,1809,0.0728,,0.8316890001296997,2.8441410693970424e-07,0.9979313198179561,5868458.0,637080,2.823521199999959,3131.7724609375,4880.0,1403.755859375,4880.0,6115.0,5192.0,1834.0
2026-10-02T16:38:01+08:00,1810,0.0367,,0.4458853304386139,2.2753128555176338e-07,0.9984829678665011,5871356.0,637512,2.9182118000026094,2809.10693359375,3168.0,1403.76025390625,3168.0,7827.0,4880.0,1836.0
2026-10-02T16:38:04+08:00,1811,0.0466,,0.4819815754890442,1.7064846416382255e-07,0.9990346159150462,5874508.0,637976,2.798567500009085,3203.564453125,4468.0,1403.76318359375,4468.0,6527.0,3168.0,1834.0
2026-10-02T16:38:07+08:00,1812,0.027,,0.32462599873542786,1.1376564277588169e-07,0.9995862639635912,5877392.0,638283,2.866995799995493,3332.25244140625,4562.0,1403.7587890625,4562.0,6433.0,4468.0,1836.0
2026-10-02T16:38:09+08:00,1813,0.2168,,1.1994578838348389,5.6882821387940845e-08,1.0,5879689.0,638598,2.1453169000014896,2892.9404296875,3228.0,1403.74560546875,3228.0,7767.0,4562.0,1834.0
2026-10-02T16:40:30+08:00,1813,,0.10838190175181837,,,1.0,,638598,,5406.412109375,6724.0,1403.74560546875,1836.0,9159.0,,
2026-10-02T16:40:33+08:00,1813,,,,,1.0,,638598,,5406.412109375,6724.0,1403.74560546875,1854.0,9141.0,,
